model_id,display_name,split,signal_date,prediction_date,prediction_timestamp,current_close,target_close,predicted_close,parameter_count,checkpoint_path,checkpoint_sha256,source_commit,source_artifact
cmamba_v_reproduced,Reproduced CM-v,val,2022-11-15,2022-11-16,1668582000,16884.609375,16669.4394531,17050.6621094,136952,output/seed_runs/cmamba_v__seed23/epoch949-val-rmse572.6860.ckpt,afb28215d656ea54421efb00e3c60ec9d8a818fff186c194be9a98b55dcecdf0,672faa9fb7cb4499da17d6a3afbd65a9301f170f,output/evaluation/forecast_predictions.csv
s5_full,CMamba-T / S5-Full,val,2022-11-15,2022-11-16,1668582000,16884.609375,16669.4394531,16873.421875,57249,output/seed_runs/s5_full__seed23/epoch321-val-rmse527.3419.ckpt,a2f8b0f39411e199e73ee22a8ae3055d3fc4218fa9d670b31af93d2e190df291,672faa9fb7cb4499da17d6a3afbd65a9301f170f,output/seed_runs/s5_full__seed23/val_preds.csv
naive_persistence,Naive persistence,val,2022-11-15,2022-11-16,1668582000,16884.609375,16669.4394531,16884.609375,0,,,,derived: predicted_close=current_close
cmamba_v_reproduced,Reproduced CM-v,val,2022-11-16,2022-11-17,1668668400,16669.4394531,16687.5195312,16773.8007812,136952,output/seed_runs/cmamba_v__seed23/epoch949-val-rmse572.6860.ckpt,afb28215d656ea54421efb00e3c60ec9d8a818fff186c194be9a98b55dcecdf0,672faa9fb7cb4499da17d6a3afbd65a9301f170f,output/evaluation/forecast_predictions.csv
s5_full,CMamba-T / S5-Full,val,2022-11-16,2022-11-17,1668668400,16669.4394531,16687.5195312,16657.8808594,57249,output/seed_runs/s5_full__seed23/epoch321-val-rmse527.3419.ckpt,a2f8b0f39411e199e73ee22a8ae3055d3fc4218fa9d670b31af93d2e190df291,672faa9fb7cb4499da17d6a3afbd65a9301f170f,output/seed_runs/s5_full__seed23/val_preds.csv
naive_persistence,Naive persistence,val,2022-11-16,2022-11-17,1668668400,16669.4394531,16687.5195312,16669.4394531,0,,,,derived: predicted_close=current_close
cmamba_v_reproduced,Reproduced CM-v,val,2022-11-17,2022-11-18,1668754800,16687.5195312,16697.7792969,16250.9638672,136952,output/seed_runs/cmamba_v__seed23/epoch949-val-rmse572.6860.ckpt,afb28215d656ea54421efb00e3c60ec9d8a818fff186c194be9a98b55dcecdf0,672faa9fb7cb4499da17d6a3afbd65a9301f170f,output/evaluation/forecast_predictions.csv
s5_full,CMamba-T / S5-Full,val,2022-11-17,2022-11-18,1668754800,16687.5195312,16697.7792969,16654.8554688,57249,output/seed_runs/s5_full__seed23/epoch321-val-rmse527.3419.ckpt,a2f8b0f39411e199e73ee22a8ae3055d3fc4218fa9d670b31af93d2e190df291,672faa9fb7cb4499da17d6a3afbd65a9301f170f,output/seed_runs/s5_full__seed23/val_preds.csv
naive_persistence,Naive persistence,val,2022-11-17,2022-11-18,1668754800,16687.5195312,16697.7792969,16687.5195312,0,,,,derived: predicted_close=current_close
cmamba_v_reproduced,Reproduced CM-v,val,2022-11-18,2022-11-19,1668841200,16697.7792969,16711.5507812,16859.9667969,136952,output/seed_runs/cmamba_v__seed23/epoch949-val-rmse572.6860.ckpt,afb28215d656ea54421efb00e3c60ec9d8a818fff186c194be9a98b55dcecdf0,672faa9fb7cb4499da17d6a3afbd65a9301f170f,output/evaluation/forecast_predictions.csv
s5_full,CMamba-T / S5-Full,val,2022-11-18,2022-11-19,1668841200,16697.7792969,16711.5507812,16660.4003906,57249,output/seed_runs/s5_full__seed23/epoch321-val-rmse527.3419.ckpt,a2f8b0f39411e199e73ee22a8ae3055d3fc4218fa9d670b31af93d2e190df291,672faa9fb7cb4499da17d6a3afbd65a9301f170f,output/seed_runs/s5_full__seed23/val_preds.csv
naive_persistence,Naive persistence,val,2022-11-18,2022-11-19,1668841200,16697.7792969,16711.5507812,16697.7792969,0,,,,derived: predicted_close=current_close
cmamba_v_reproduced,Reproduced CM-v,val,2022-11-19,2022-11-20,1668927600,16711.5507812,16291.8300781,16908.6816406,136952,output/seed_runs/cmamba_v__seed23/epoch949-val-rmse572.6860.ckpt,afb28215d656ea54421efb00e3c60ec9d8a818fff186c194be9a98b55dcecdf0,672faa9fb7cb4499da17d6a3afbd65a9301f170f,output/evaluation/forecast_predictions.csv
s5_full,CMamba-T / S5-Full,val,2022-11-19,2022-11-20,1668927600,16711.5507812,16291.8300781,16662.9804688,57249,output/seed_runs/s5_full__seed23/epoch321-val-rmse527.3419.ckpt,a2f8b0f39411e199e73ee22a8ae3055d3fc4218fa9d670b31af93d2e190df291,672faa9fb7cb4499da17d6a3afbd65a9301f170f,output/seed_runs/s5_full__seed23/val_preds.csv
naive_persistence,Naive persistence,val,2022-11-19,2022-11-20,1668927600,16711.5507812,16291.8300781,16711.5507812,0,,,,derived: predicted_close=current_close
cmamba_v_reproduced,Reproduced CM-v,val,2022-11-20,2022-11-21,1669014000,16291.8300781,15787.2802734,16490.5429688,136952,output/seed_runs/cmamba_v__seed23/epoch949-val-rmse572.6860.ckpt,afb28215d656ea54421efb00e3c60ec9d8a818fff186c194be9a98b55dcecdf0,672faa9fb7cb4499da17d6a3afbd65a9301f170f,output/evaluation/forecast_predictions.csv
s5_full,CMamba-T / S5-Full,val,2022-11-20,2022-11-21,1669014000,16291.8300781,15787.2802734,16263.7998047,57249,output/seed_runs/s5_full__seed23/epoch321-val-rmse527.3419.ckpt,a2f8b0f39411e199e73ee22a8ae3055d3fc4218fa9d670b31af93d2e190df291,672faa9fb7cb4499da17d6a3afbd65a9301f170f,output/seed_runs/s5_full__seed23/val_preds.csv
naive_persistence,Naive persistence,val,2022-11-20,2022-11-21,1669014000,16291.8300781,15787.2802734,16291.8300781,0,,,,derived: predicted_close=current_close
cmamba_v_reproduced,Reproduced CM-v,val,2022-11-21,2022-11-22,1669100400,15787.2802734,16189.7695312,15875.2636719,136952,output/seed_runs/cmamba_v__seed23/epoch949-val-rmse572.6860.ckpt,afb28215d656ea54421efb00e3c60ec9d8a818fff186c194be9a98b55dcecdf0,672faa9fb7cb4499da17d6a3afbd65a9301f170f,output/evaluation/forecast_predictions.csv
s5_full,CMamba-T / S5-Full,val,2022-11-21,2022-11-22,1669100400,15787.2802734,16189.7695312,15746.8613281,57249,output/seed_runs/s5_full__seed23/epoch321-val-rmse527.3419.ckpt,a2f8b0f39411e199e73ee22a8ae3055d3fc4218fa9d670b31af93d2e190df291,672faa9fb7cb4499da17d6a3afbd65a9301f170f,output/seed_runs/s5_full__seed23/val_preds.csv
naive_persistence,Naive persistence,val,2022-11-21,2022-11-22,1669100400,15787.2802734,16189.7695312,15787.2802734,0,,,,derived: predicted_close=current_close
cmamba_v_reproduced,Reproduced CM-v,val,2022-11-22,2022-11-23,1669186800,16189.7695312,16610.7109375,16046.2705078,136952,output/seed_runs/cmamba_v__seed23/epoch949-val-rmse572.6860.ckpt,afb28215d656ea54421efb00e3c60ec9d8a818fff186c194be9a98b55dcecdf0,672faa9fb7cb4499da17d6a3afbd65a9301f170f,output/evaluation/forecast_predictions.csv
s5_full,CMamba-T / S5-Full,val,2022-11-22,2022-11-23,1669186800,16189.7695312,16610.7109375,16159.9941406,57249,output/seed_runs/s5_full__seed23/epoch321-val-rmse527.3419.ckpt,a2f8b0f39411e199e73ee22a8ae3055d3fc4218fa9d670b31af93d2e190df291,672faa9fb7cb4499da17d6a3afbd65a9301f170f,output/seed_runs/s5_full__seed23/val_preds.csv
naive_persistence,Naive persistence,val,2022-11-22,2022-11-23,1669186800,16189.7695312,16610.7109375,16189.7695312,0,,,,derived: predicted_close=current_close
cmamba_v_reproduced,Reproduced CM-v,val,2022-11-23,2022-11-24,1669273200,16610.7109375,16604.4609375,16723.8085938,136952,output/seed_runs/cmamba_v__seed23/epoch949-val-rmse572.6860.ckpt,afb28215d656ea54421efb00e3c60ec9d8a818fff186c194be9a98b55dcecdf0,672faa9fb7cb4499da17d6a3afbd65a9301f170f,output/evaluation/forecast_predictions.csv
s5_full,CMamba-T / S5-Full,val,2022-11-23,2022-11-24,1669273200,16610.7109375,16604.4609375,16563.09375,57249,output/seed_runs/s5_full__seed23/epoch321-val-rmse527.3419.ckpt,a2f8b0f39411e199e73ee22a8ae3055d3fc4218fa9d670b31af93d2e190df291,672faa9fb7cb4499da17d6a3afbd65a9301f170f,output/seed_runs/s5_full__seed23/val_preds.csv
naive_persistence,Naive persistence,val,2022-11-23,2022-11-24,1669273200,16610.7109375,16604.4609375,16610.7109375,0,,,,derived: predicted_close=current_close
cmamba_v_reproduced,Reproduced CM-v,val,2022-11-24,2022-11-25,1669359600,16604.4609375,16521.8398438,16680.3613281,136952,output/seed_runs/cmamba_v__seed23/epoch949-val-rmse572.6860.ckpt,afb28215d656ea54421efb00e3c60ec9d8a818fff186c194be9a98b55dcecdf0,672faa9fb7cb4499da17d6a3afbd65a9301f170f,output/evaluation/forecast_predictions.csv
s5_full,CMamba-T / S5-Full,val,2022-11-24,2022-11-25,1669359600,16604.4609375,16521.8398438,16545.4804688,57249,output/seed_runs/s5_full__seed23/epoch321-val-rmse527.3419.ckpt,a2f8b0f39411e199e73ee22a8ae3055d3fc4218fa9d670b31af93d2e190df291,672faa9fb7cb4499da17d6a3afbd65a9301f170f,output/seed_runs/s5_full__seed23/val_preds.csv
naive_persistence,Naive persistence,val,2022-11-24,2022-11-25,1669359600,16604.4609375,16521.8398438,16604.4609375,0,,,,derived: predicted_close=current_close
cmamba_v_reproduced,Reproduced CM-v,val,2022-11-25,2022-11-26,1669446000,16521.8398438,16464.2792969,16534.0683594,136952,output/seed_runs/cmamba_v__seed23/epoch949-val-rmse572.6860.ckpt,afb28215d656ea54421efb00e3c60ec9d8a818fff186c194be9a98b55dcecdf0,672faa9fb7cb4499da17d6a3afbd65a9301f170f,output/evaluation/forecast_predictions.csv
s5_full,CMamba-T / S5-Full,val,2022-11-25,2022-11-26,1669446000,16521.8398438,16464.2792969,16467.796875,57249,output/seed_runs/s5_full__seed23/epoch321-val-rmse527.3419.ckpt,a2f8b0f39411e199e73ee22a8ae3055d3fc4218fa9d670b31af93d2e190df291,672faa9fb7cb4499da17d6a3afbd65a9301f170f,output/seed_runs/s5_full__seed23/val_preds.csv
naive_persistence,Naive persistence,val,2022-11-25,2022-11-26,1669446000,16521.8398438,16464.2792969,16521.8398438,0,,,,derived: predicted_close=current_close
cmamba_v_reproduced,Reproduced CM-v,val,2022-11-26,2022-11-27,1669532400,16464.2792969,16444.6308594,16665.5742188,136952,output/seed_runs/cmamba_v__seed23/epoch949-val-rmse572.6860.ckpt,afb28215d656ea54421efb00e3c60ec9d8a818fff186c194be9a98b55dcecdf0,672faa9fb7cb4499da17d6a3afbd65a9301f170f,output/evaluation/forecast_predictions.csv
s5_full,CMamba-T / S5-Full,val,2022-11-26,2022-11-27,1669532400,16464.2792969,16444.6308594,16408.125,57249,output/seed_runs/s5_full__seed23/epoch321-val-rmse527.3419.ckpt,a2f8b0f39411e199e73ee22a8ae3055d3fc4218fa9d670b31af93d2e190df291,672faa9fb7cb4499da17d6a3afbd65a9301f170f,output/seed_runs/s5_full__seed23/val_preds.csv
naive_persistence,Naive persistence,val,2022-11-26,2022-11-27,1669532400,16464.2792969,16444.6308594,16464.2792969,0,,,,derived: predicted_close=current_close
cmamba_v_reproduced,Reproduced CM-v,val,2022-11-27,2022-11-28,1669618800,16444.6308594,16217.3203125,16577.7167969,136952,output/seed_runs/cmamba_v__seed23/epoch949-val-rmse572.6860.ckpt,afb28215d656ea54421efb00e3c60ec9d8a818fff186c194be9a98b55dcecdf0,672faa9fb7cb4499da17d6a3afbd65a9301f170f,output/evaluation/forecast_predictions.csv
s5_full,CMamba-T / S5-Full,val,2022-11-27,2022-11-28,1669618800,16444.6308594,16217.3203125,16392.6523438,57249,output/seed_runs/s5_full__seed23/epoch321-val-rmse527.3419.ckpt,a2f8b0f39411e199e73ee22a8ae3055d3fc4218fa9d670b31af93d2e190df291,672faa9fb7cb4499da17d6a3afbd65a9301f170f,output/seed_runs/s5_full__seed23/val_preds.csv
naive_persistence,Naive persistence,val,2022-11-27,2022-11-28,1669618800,16444.6308594,16217.3203125,16444.6308594,0,,,,derived: predicted_close=current_close
cmamba_v_reproduced,Reproduced CM-v,val,2022-11-28,2022-11-29,1669705200,16217.3203125,16444.9804688,16350.3984375,136952,output/seed_runs/cmamba_v__seed23/epoch949-val-rmse572.6860.ckpt,afb28215d656ea54421efb00e3c60ec9d8a818fff186c194be9a98b55dcecdf0,672faa9fb7cb4499da17d6a3afbd65a9301f170f,output/evaluation/forecast_predictions.csv
s5_full,CMamba-T / S5-Full,val,2022-11-28,2022-11-29,1669705200,16217.3203125,16444.9804688,16176.1953125,57249,output/seed_runs/s5_full__seed23/epoch321-val-rmse527.3419.ckpt,a2f8b0f39411e199e73ee22a8ae3055d3fc4218fa9d670b31af93d2e190df291,672faa9fb7cb4499da17d6a3afbd65a9301f170f,output/seed_runs/s5_full__seed23/val_preds.csv
naive_persistence,Naive persistence,val,2022-11-28,2022-11-29,1669705200,16217.3203125,16444.9804688,16217.3203125,0,,,,derived: predicted_close=current_close
cmamba_v_reproduced,Reproduced CM-v,val,2022-11-29,2022-11-30,1669791600,16444.9804688,17168.5703125,16354.7197266,136952,output/seed_runs/cmamba_v__seed23/epoch949-val-rmse572.6860.ckpt,afb28215d656ea54421efb00e3c60ec9d8a818fff186c194be9a98b55dcecdf0,672faa9fb7cb4499da17d6a3afbd65a9301f170f,output/evaluation/forecast_predictions.csv
s5_full,CMamba-T / S5-Full,val,2022-11-29,2022-11-30,1669791600,16444.9804688,17168.5703125,16399.34375,57249,output/seed_runs/s5_full__seed23/epoch321-val-rmse527.3419.ckpt,a2f8b0f39411e199e73ee22a8ae3055d3fc4218fa9d670b31af93d2e190df291,672faa9fb7cb4499da17d6a3afbd65a9301f170f,output/seed_runs/s5_full__seed23/val_preds.csv
naive_persistence,Naive persistence,val,2022-11-29,2022-11-30,1669791600,16444.9804688,17168.5703125,16444.9804688,0,,,,derived: predicted_close=current_close
cmamba_v_reproduced,Reproduced CM-v,val,2022-11-30,2022-12-01,1669878000,17168.5703125,16967.1308594,17018.1933594,136952,output/seed_runs/cmamba_v__seed23/epoch949-val-rmse572.6860.ckpt,afb28215d656ea54421efb00e3c60ec9d8a818fff186c194be9a98b55dcecdf0,672faa9fb7cb4499da17d6a3afbd65a9301f170f,output/evaluation/forecast_predictions.csv
s5_full,CMamba-T / S5-Full,val,2022-11-30,2022-12-01,1669878000,17168.5703125,16967.1308594,17120.4296875,57249,output/seed_runs/s5_full__seed23/epoch321-val-rmse527.3419.ckpt,a2f8b0f39411e199e73ee22a8ae3055d3fc4218fa9d670b31af93d2e190df291,672faa9fb7cb4499da17d6a3afbd65a9301f170f,output/seed_runs/s5_full__seed23/val_preds.csv
naive_persistence,Naive persistence,val,2022-11-30,2022-12-01,1669878000,17168.5703125,16967.1308594,17168.5703125,0,,,,derived: predicted_close=current_close
cmamba_v_reproduced,Reproduced CM-v,val,2022-12-01,2022-12-02,1669964400,16967.1308594,17088.6601562,17239.9707031,136952,output/seed_runs/cmamba_v__seed23/epoch949-val-rmse572.6860.ckpt,afb28215d656ea54421efb00e3c60ec9d8a818fff186c194be9a98b55dcecdf0,672faa9fb7cb4499da17d6a3afbd65a9301f170f,output/evaluation/forecast_predictions.csv
s5_full,CMamba-T / S5-Full,val,2022-12-01,2022-12-02,1669964400,16967.1308594,17088.6601562,16911.7910156,57249,output/seed_runs/s5_full__seed23/epoch321-val-rmse527.3419.ckpt,a2f8b0f39411e199e73ee22a8ae3055d3fc4218fa9d670b31af93d2e190df291,672faa9fb7cb4499da17d6a3afbd65a9301f170f,output/seed_runs/s5_full__seed23/val_preds.csv
naive_persistence,Naive persistence,val,2022-12-01,2022-12-02,1669964400,16967.1308594,17088.6601562,16967.1308594,0,,,,derived: predicted_close=current_close
cmamba_v_reproduced,Reproduced CM-v,val,2022-12-02,2022-12-03,1670050800,17088.6601562,16908.2402344,17109.7519531,136952,output/seed_runs/cmamba_v__seed23/epoch949-val-rmse572.6860.ckpt,afb28215d656ea54421efb00e3c60ec9d8a818fff186c194be9a98b55dcecdf0,672faa9fb7cb4499da17d6a3afbd65a9301f170f,output/evaluation/forecast_predictions.csv
s5_full,CMamba-T / S5-Full,val,2022-12-02,2022-12-03,1670050800,17088.6601562,16908.2402344,17037.5117188,57249,output/seed_runs/s5_full__seed23/epoch321-val-rmse527.3419.ckpt,a2f8b0f39411e199e73ee22a8ae3055d3fc4218fa9d670b31af93d2e190df291,672faa9fb7cb4499da17d6a3afbd65a9301f170f,output/seed_runs/s5_full__seed23/val_preds.csv
naive_persistence,Naive persistence,val,2022-12-02,2022-12-03,1670050800,17088.6601562,16908.2402344,17088.6601562,0,,,,derived: predicted_close=current_close
cmamba_v_reproduced,Reproduced CM-v,val,2022-12-03,2022-12-04,1670137200,16908.2402344,17130.4902344,17101.0214844,136952,output/seed_runs/cmamba_v__seed23/epoch949-val-rmse572.6860.ckpt,afb28215d656ea54421efb00e3c60ec9d8a818fff186c194be9a98b55dcecdf0,672faa9fb7cb4499da17d6a3afbd65a9301f170f,output/evaluation/forecast_predictions.csv
s5_full,CMamba-T / S5-Full,val,2022-12-03,2022-12-04,1670137200,16908.2402344,17130.4902344,16849.015625,57249,output/seed_runs/s5_full__seed23/epoch321-val-rmse527.3419.ckpt,a2f8b0f39411e199e73ee22a8ae3055d3fc4218fa9d670b31af93d2e190df291,672faa9fb7cb4499da17d6a3afbd65a9301f170f,output/seed_runs/s5_full__seed23/val_preds.csv
naive_persistence,Naive persistence,val,2022-12-03,2022-12-04,1670137200,16908.2402344,17130.4902344,16908.2402344,0,,,,derived: predicted_close=current_close
cmamba_v_reproduced,Reproduced CM-v,val,2022-12-04,2022-12-05,1670223600,17130.4902344,16974.8300781,17119.3886719,136952,output/seed_runs/cmamba_v__seed23/epoch949-val-rmse572.6860.ckpt,afb28215d656ea54421efb00e3c60ec9d8a818fff186c194be9a98b55dcecdf0,672faa9fb7cb4499da17d6a3afbd65a9301f170f,output/evaluation/forecast_predictions.csv
s5_full,CMamba-T / S5-Full,val,2022-12-04,2022-12-05,1670223600,17130.4902344,16974.8300781,17073.4042969,57249,output/seed_runs/s5_full__seed23/epoch321-val-rmse527.3419.ckpt,a2f8b0f39411e199e73ee22a8ae3055d3fc4218fa9d670b31af93d2e190df291,672faa9fb7cb4499da17d6a3afbd65a9301f170f,output/seed_runs/s5_full__seed23/val_preds.csv
naive_persistence,Naive persistence,val,2022-12-04,2022-12-05,1670223600,17130.4902344,16974.8300781,17130.4902344,0,,,,derived: predicted_close=current_close
cmamba_v_reproduced,Reproduced CM-v,val,2022-12-05,2022-12-06,1670310000,16974.8300781,17089.5,17249.3574219,136952,output/seed_runs/cmamba_v__seed23/epoch949-val-rmse572.6860.ckpt,afb28215d656ea54421efb00e3c60ec9d8a818fff186c194be9a98b55dcecdf0,672faa9fb7cb4499da17d6a3afbd65a9301f170f,output/evaluation/forecast_predictions.csv
s5_full,CMamba-T / S5-Full,val,2022-12-05,2022-12-06,1670310000,16974.8300781,17089.5,16929.1191406,57249,output/seed_runs/s5_full__seed23/epoch321-val-rmse527.3419.ckpt,a2f8b0f39411e199e73ee22a8ae3055d3fc4218fa9d670b31af93d2e190df291,672faa9fb7cb4499da17d6a3afbd65a9301f170f,output/seed_runs/s5_full__seed23/val_preds.csv
naive_persistence,Naive persistence,val,2022-12-05,2022-12-06,1670310000,16974.8300781,17089.5,16974.8300781,0,,,,derived: predicted_close=current_close
cmamba_v_reproduced,Reproduced CM-v,val,2022-12-06,2022-12-07,1670396400,17089.5,16848.1308594,17026.5859375,136952,output/seed_runs/cmamba_v__seed23/epoch949-val-rmse572.6860.ckpt,afb28215d656ea54421efb00e3c60ec9d8a818fff186c194be9a98b55dcecdf0,672faa9fb7cb4499da17d6a3afbd65a9301f170f,output/evaluation/forecast_predictions.csv
s5_full,CMamba-T / S5-Full,val,2022-12-06,2022-12-07,1670396400,17089.5,16848.1308594,17049.9980469,57249,output/seed_runs/s5_full__seed23/epoch321-val-rmse527.3419.ckpt,a2f8b0f39411e199e73ee22a8ae3055d3fc4218fa9d670b31af93d2e190df291,672faa9fb7cb4499da17d6a3afbd65a9301f170f,output/seed_runs/s5_full__seed23/val_preds.csv
naive_persistence,Naive persistence,val,2022-12-06,2022-12-07,1670396400,17089.5,16848.1308594,17089.5,0,,,,derived: predicted_close=current_close
cmamba_v_reproduced,Reproduced CM-v,val,2022-12-07,2022-12-08,1670482800,16848.1308594,17233.4707031,16959.9824219,136952,output/seed_runs/cmamba_v__seed23/epoch949-val-rmse572.6860.ckpt,afb28215d656ea54421efb00e3c60ec9d8a818fff186c194be9a98b55dcecdf0,672faa9fb7cb4499da17d6a3afbd65a9301f170f,output/evaluation/forecast_predictions.csv
s5_full,CMamba-T / S5-Full,val,2022-12-07,2022-12-08,1670482800,16848.1308594,17233.4707031,16803.5273438,57249,output/seed_runs/s5_full__seed23/epoch321-val-rmse527.3419.ckpt,a2f8b0f39411e199e73ee22a8ae3055d3fc4218fa9d670b31af93d2e190df291,672faa9fb7cb4499da17d6a3afbd65a9301f170f,output/seed_runs/s5_full__seed23/val_preds.csv
naive_persistence,Naive persistence,val,2022-12-07,2022-12-08,1670482800,16848.1308594,17233.4707031,16848.1308594,0,,,,derived: predicted_close=current_close
cmamba_v_reproduced,Reproduced CM-v,val,2022-12-08,2022-12-09,1670569200,17233.4707031,17133.1503906,17248.671875,136952,output/seed_runs/cmamba_v__seed23/epoch949-val-rmse572.6860.ckpt,afb28215d656ea54421efb00e3c60ec9d8a818fff186c194be9a98b55dcecdf0,672faa9fb7cb4499da17d6a3afbd65a9301f170f,output/evaluation/forecast_predictions.csv
s5_full,CMamba-T / S5-Full,val,2022-12-08,2022-12-09,1670569200,17233.4707031,17133.1503906,17180.8632812,57249,output/seed_runs/s5_full__seed23/epoch321-val-rmse527.3419.ckpt,a2f8b0f39411e199e73ee22a8ae3055d3fc4218fa9d670b31af93d2e190df291,672faa9fb7cb4499da17d6a3afbd65a9301f170f,output/seed_runs/s5_full__seed23/val_preds.csv
naive_persistence,Naive persistence,val,2022-12-08,2022-12-09,1670569200,17233.4707031,17133.1503906,17233.4707031,0,,,,derived: predicted_close=current_close
cmamba_v_reproduced,Reproduced CM-v,val,2022-12-09,2022-12-10,1670655600,17133.1503906,17128.7207031,17352.9277344,136952,output/seed_runs/cmamba_v__seed23/epoch949-val-rmse572.6860.ckpt,afb28215d656ea54421efb00e3c60ec9d8a818fff186c194be9a98b55dcecdf0,672faa9fb7cb4499da17d6a3afbd65a9301f170f,output/evaluation/forecast_predictions.csv
s5_full,CMamba-T / S5-Full,val,2022-12-09,2022-12-10,1670655600,17133.1503906,17128.7207031,17081.8007812,57249,output/seed_runs/s5_full__seed23/epoch321-val-rmse527.3419.ckpt,a2f8b0f39411e199e73ee22a8ae3055d3fc4218fa9d670b31af93d2e190df291,672faa9fb7cb4499da17d6a3afbd65a9301f170f,output/seed_runs/s5_full__seed23/val_preds.csv
naive_persistence,Naive persistence,val,2022-12-09,2022-12-10,1670655600,17133.1503906,17128.7207031,17133.1503906,0,,,,derived: predicted_close=current_close
cmamba_v_reproduced,Reproduced CM-v,val,2022-12-10,2022-12-11,1670742000,17128.7207031,17104.1894531,17169.2597656,136952,output/seed_runs/cmamba_v__seed23/epoch949-val-rmse572.6860.ckpt,afb28215d656ea54421efb00e3c60ec9d8a818fff186c194be9a98b55dcecdf0,672faa9fb7cb4499da17d6a3afbd65a9301f170f,output/evaluation/forecast_predictions.csv
s5_full,CMamba-T / S5-Full,val,2022-12-10,2022-12-11,1670742000,17128.7207031,17104.1894531,17073.6660156,57249,output/seed_runs/s5_full__seed23/epoch321-val-rmse527.3419.ckpt,a2f8b0f39411e199e73ee22a8ae3055d3fc4218fa9d670b31af93d2e190df291,672faa9fb7cb4499da17d6a3afbd65a9301f170f,output/seed_runs/s5_full__seed23/val_preds.csv
naive_persistence,Naive persistence,val,2022-12-10,2022-12-11,1670742000,17128.7207031,17104.1894531,17128.7207031,0,,,,derived: predicted_close=current_close
cmamba_v_reproduced,Reproduced CM-v,val,2022-12-11,2022-12-12,1670828400,17104.1894531,17206.4394531,17232.6191406,136952,output/seed_runs/cmamba_v__seed23/epoch949-val-rmse572.6860.ckpt,afb28215d656ea54421efb00e3c60ec9d8a818fff186c194be9a98b55dcecdf0,672faa9fb7cb4499da17d6a3afbd65a9301f170f,output/evaluation/forecast_predictions.csv
s5_full,CMamba-T / S5-Full,val,2022-12-11,2022-12-12,1670828400,17104.1894531,17206.4394531,17052.2695312,57249,output/seed_runs/s5_full__seed23/epoch321-val-rmse527.3419.ckpt,a2f8b0f39411e199e73ee22a8ae3055d3fc4218fa9d670b31af93d2e190df291,672faa9fb7cb4499da17d6a3afbd65a9301f170f,output/seed_runs/s5_full__seed23/val_preds.csv
naive_persistence,Naive persistence,val,2022-12-11,2022-12-12,1670828400,17104.1894531,17206.4394531,17104.1894531,0,,,,derived: predicted_close=current_close
cmamba_v_reproduced,Reproduced CM-v,val,2022-12-12,2022-12-13,1670914800,17206.4394531,17781.3203125,17173.9960938,136952,output/seed_runs/cmamba_v__seed23/epoch949-val-rmse572.6860.ckpt,afb28215d656ea54421efb00e3c60ec9d8a818fff186c194be9a98b55dcecdf0,672faa9fb7cb4499da17d6a3afbd65a9301f170f,output/evaluation/forecast_predictions.csv
s5_full,CMamba-T / S5-Full,val,2022-12-12,2022-12-13,1670914800,17206.4394531,17781.3203125,17164.46875,57249,output/seed_runs/s5_full__seed23/epoch321-val-rmse527.3419.ckpt,a2f8b0f39411e199e73ee22a8ae3055d3fc4218fa9d670b31af93d2e190df291,672faa9fb7cb4499da17d6a3afbd65a9301f170f,output/seed_runs/s5_full__seed23/val_preds.csv
naive_persistence,Naive persistence,val,2022-12-12,2022-12-13,1670914800,17206.4394531,17781.3203125,17206.4394531,0,,,,derived: predicted_close=current_close
cmamba_v_reproduced,Reproduced CM-v,val,2022-12-13,2022-12-14,1671001200,17781.3203125,17815.6503906,17776.5839844,136952,output/seed_runs/cmamba_v__seed23/epoch949-val-rmse572.6860.ckpt,afb28215d656ea54421efb00e3c60ec9d8a818fff186c194be9a98b55dcecdf0,672faa9fb7cb4499da17d6a3afbd65a9301f170f,output/evaluation/forecast_predictions.csv
s5_full,CMamba-T / S5-Full,val,2022-12-13,2022-12-14,1671001200,17781.3203125,17815.6503906,17752.4394531,57249,output/seed_runs/s5_full__seed23/epoch321-val-rmse527.3419.ckpt,a2f8b0f39411e199e73ee22a8ae3055d3fc4218fa9d670b31af93d2e190df291,672faa9fb7cb4499da17d6a3afbd65a9301f170f,output/seed_runs/s5_full__seed23/val_preds.csv
naive_persistence,Naive persistence,val,2022-12-13,2022-12-14,1671001200,17781.3203125,17815.6503906,17781.3203125,0,,,,derived: predicted_close=current_close
cmamba_v_reproduced,Reproduced CM-v,val,2022-12-14,2022-12-15,1671087600,17815.6503906,17364.8691406,18105.1113281,136952,output/seed_runs/cmamba_v__seed23/epoch949-val-rmse572.6860.ckpt,afb28215d656ea54421efb00e3c60ec9d8a818fff186c194be9a98b55dcecdf0,672faa9fb7cb4499da17d6a3afbd65a9301f170f,output/evaluation/forecast_predictions.csv
s5_full,CMamba-T / S5-Full,val,2022-12-14,2022-12-15,1671087600,17815.6503906,17364.8691406,17785.234375,57249,output/seed_runs/s5_full__seed23/epoch321-val-rmse527.3419.ckpt,a2f8b0f39411e199e73ee22a8ae3055d3fc4218fa9d670b31af93d2e190df291,672faa9fb7cb4499da17d6a3afbd65a9301f170f,output/seed_runs/s5_full__seed23/val_preds.csv
naive_persistence,Naive persistence,val,2022-12-14,2022-12-15,1671087600,17815.6503906,17364.8691406,17815.6503906,0,,,,derived: predicted_close=current_close
cmamba_v_reproduced,Reproduced CM-v,val,2022-12-15,2022-12-16,1671174000,17364.8691406,16647.4804688,17457.0742188,136952,output/seed_runs/cmamba_v__seed23/epoch949-val-rmse572.6860.ckpt,afb28215d656ea54421efb00e3c60ec9d8a818fff186c194be9a98b55dcecdf0,672faa9fb7cb4499da17d6a3afbd65a9301f170f,output/evaluation/forecast_predictions.csv
s5_full,CMamba-T / S5-Full,val,2022-12-15,2022-12-16,1671174000,17364.8691406,16647.4804688,17325.6191406,57249,output/seed_runs/s5_full__seed23/epoch321-val-rmse527.3419.ckpt,a2f8b0f39411e199e73ee22a8ae3055d3fc4218fa9d670b31af93d2e190df291,672faa9fb7cb4499da17d6a3afbd65a9301f170f,output/seed_runs/s5_full__seed23/val_preds.csv
naive_persistence,Naive persistence,val,2022-12-15,2022-12-16,1671174000,17364.8691406,16647.4804688,17364.8691406,0,,,,derived: predicted_close=current_close
cmamba_v_reproduced,Reproduced CM-v,val,2022-12-16,2022-12-17,1671260400,16647.4804688,16795.0898438,17000.8183594,136952,output/seed_runs/cmamba_v__seed23/epoch949-val-rmse572.6860.ckpt,afb28215d656ea54421efb00e3c60ec9d8a818fff186c194be9a98b55dcecdf0,672faa9fb7cb4499da17d6a3afbd65a9301f170f,output/evaluation/forecast_predictions.csv
s5_full,CMamba-T / S5-Full,val,2022-12-16,2022-12-17,1671260400,16647.4804688,16795.0898438,16588.59375,57249,output/seed_runs/s5_full__seed23/epoch321-val-rmse527.3419.ckpt,a2f8b0f39411e199e73ee22a8ae3055d3fc4218fa9d670b31af93d2e190df291,672faa9fb7cb4499da17d6a3afbd65a9301f170f,output/seed_runs/s5_full__seed23/val_preds.csv
naive_persistence,Naive persistence,val,2022-12-16,2022-12-17,1671260400,16647.4804688,16795.0898438,16647.4804688,0,,,,derived: predicted_close=current_close
cmamba_v_reproduced,Reproduced CM-v,val,2022-12-17,2022-12-18,1671346800,16795.0898438,16757.9804688,16793.5722656,136952,output/seed_runs/cmamba_v__seed23/epoch949-val-rmse572.6860.ckpt,afb28215d656ea54421efb00e3c60ec9d8a818fff186c194be9a98b55dcecdf0,672faa9fb7cb4499da17d6a3afbd65a9301f170f,output/evaluation/forecast_predictions.csv
s5_full,CMamba-T / S5-Full,val,2022-12-17,2022-12-18,1671346800,16795.0898438,16757.9804688,16708.7207031,57249,output/seed_runs/s5_full__seed23/epoch321-val-rmse527.3419.ckpt,a2f8b0f39411e199e73ee22a8ae3055d3fc4218fa9d670b31af93d2e190df291,672faa9fb7cb4499da17d6a3afbd65a9301f170f,output/seed_runs/s5_full__seed23/val_preds.csv
naive_persistence,Naive persistence,val,2022-12-17,2022-12-18,1671346800,16795.0898438,16757.9804688,16795.0898438,0,,,,derived: predicted_close=current_close
cmamba_v_reproduced,Reproduced CM-v,val,2022-12-18,2022-12-19,1671433200,16757.9804688,16439.6796875,16848.6816406,136952,output/seed_runs/cmamba_v__seed23/epoch949-val-rmse572.6860.ckpt,afb28215d656ea54421efb00e3c60ec9d8a818fff186c194be9a98b55dcecdf0,672faa9fb7cb4499da17d6a3afbd65a9301f170f,output/evaluation/forecast_predictions.csv
s5_full,CMamba-T / S5-Full,val,2022-12-18,2022-12-19,1671433200,16757.9804688,16439.6796875,16657.1933594,57249,output/seed_runs/s5_full__seed23/epoch321-val-rmse527.3419.ckpt,a2f8b0f39411e199e73ee22a8ae3055d3fc4218fa9d670b31af93d2e190df291,672faa9fb7cb4499da17d6a3afbd65a9301f170f,output/seed_runs/s5_full__seed23/val_preds.csv
naive_persistence,Naive persistence,val,2022-12-18,2022-12-19,1671433200,16757.9804688,16439.6796875,16757.9804688,0,,,,derived: predicted_close=current_close
cmamba_v_reproduced,Reproduced CM-v,val,2022-12-19,2022-12-20,1671519600,16439.6796875,16906.3007812,16586.8574219,136952,output/seed_runs/cmamba_v__seed23/epoch949-val-rmse572.6860.ckpt,afb28215d656ea54421efb00e3c60ec9d8a818fff186c194be9a98b55dcecdf0,672faa9fb7cb4499da17d6a3afbd65a9301f170f,output/evaluation/forecast_predictions.csv
s5_full,CMamba-T / S5-Full,val,2022-12-19,2022-12-20,1671519600,16439.6796875,16906.3007812,16362.2558594,57249,output/seed_runs/s5_full__seed23/epoch321-val-rmse527.3419.ckpt,a2f8b0f39411e199e73ee22a8ae3055d3fc4218fa9d670b31af93d2e190df291,672faa9fb7cb4499da17d6a3afbd65a9301f170f,output/seed_runs/s5_full__seed23/val_preds.csv
naive_persistence,Naive persistence,val,2022-12-19,2022-12-20,1671519600,16439.6796875,16906.3007812,16439.6796875,0,,,,derived: predicted_close=current_close
cmamba_v_reproduced,Reproduced CM-v,val,2022-12-20,2022-12-21,1671606000,16906.3007812,16817.5390625,16740.875,136952,output/seed_runs/cmamba_v__seed23/epoch949-val-rmse572.6860.ckpt,afb28215d656ea54421efb00e3c60ec9d8a818fff186c194be9a98b55dcecdf0,672faa9fb7cb4499da17d6a3afbd65a9301f170f,output/evaluation/forecast_predictions.csv
s5_full,CMamba-T / S5-Full,val,2022-12-20,2022-12-21,1671606000,16906.3007812,16817.5390625,16876.6796875,57249,output/seed_runs/s5_full__seed23/epoch321-val-rmse527.3419.ckpt,a2f8b0f39411e199e73ee22a8ae3055d3fc4218fa9d670b31af93d2e190df291,672faa9fb7cb4499da17d6a3afbd65a9301f170f,output/seed_runs/s5_full__seed23/val_preds.csv
naive_persistence,Naive persistence,val,2022-12-20,2022-12-21,1671606000,16906.3007812,16817.5390625,16906.3007812,0,,,,derived: predicted_close=current_close
cmamba_v_reproduced,Reproduced CM-v,val,2022-12-21,2022-12-22,1671692400,16817.5390625,16830.3398438,17007.0761719,136952,output/seed_runs/cmamba_v__seed23/epoch949-val-rmse572.6860.ckpt,afb28215d656ea54421efb00e3c60ec9d8a818fff186c194be9a98b55dcecdf0,672faa9fb7cb4499da17d6a3afbd65a9301f170f,output/evaluation/forecast_predictions.csv
s5_full,CMamba-T / S5-Full,val,2022-12-21,2022-12-22,1671692400,16817.5390625,16830.3398438,16781.2871094,57249,output/seed_runs/s5_full__seed23/epoch321-val-rmse527.3419.ckpt,a2f8b0f39411e199e73ee22a8ae3055d3fc4218fa9d670b31af93d2e190df291,672faa9fb7cb4499da17d6a3afbd65a9301f170f,output/seed_runs/s5_full__seed23/val_preds.csv
naive_persistence,Naive persistence,val,2022-12-21,2022-12-22,1671692400,16817.5390625,16830.3398438,16817.5390625,0,,,,derived: predicted_close=current_close
cmamba_v_reproduced,Reproduced CM-v,val,2022-12-22,2022-12-23,1671778800,16830.3398438,16796.9492188,16906.0957031,136952,output/seed_runs/cmamba_v__seed23/epoch949-val-rmse572.6860.ckpt,afb28215d656ea54421efb00e3c60ec9d8a818fff186c194be9a98b55dcecdf0,672faa9fb7cb4499da17d6a3afbd65a9301f170f,output/evaluation/forecast_predictions.csv
s5_full,CMamba-T / S5-Full,val,2022-12-22,2022-12-23,1671778800,16830.3398438,16796.9492188,16778.7753906,57249,output/seed_runs/s5_full__seed23/epoch321-val-rmse527.3419.ckpt,a2f8b0f39411e199e73ee22a8ae3055d3fc4218fa9d670b31af93d2e190df291,672faa9fb7cb4499da17d6a3afbd65a9301f170f,output/seed_runs/s5_full__seed23/val_preds.csv
naive_persistence,Naive persistence,val,2022-12-22,2022-12-23,1671778800,16830.3398438,16796.9492188,16830.3398438,0,,,,derived: predicted_close=current_close
cmamba_v_reproduced,Reproduced CM-v,val,2022-12-23,2022-12-24,1671865200,16796.9492188,16847.7597656,16960.2988281,136952,output/seed_runs/cmamba_v__seed23/epoch949-val-rmse572.6860.ckpt,afb28215d656ea54421efb00e3c60ec9d8a818fff186c194be9a98b55dcecdf0,672faa9fb7cb4499da17d6a3afbd65a9301f170f,output/evaluation/forecast_predictions.csv
s5_full,CMamba-T / S5-Full,val,2022-12-23,2022-12-24,1671865200,16796.9492188,16847.7597656,16733.7949219,57249,output/seed_runs/s5_full__seed23/epoch321-val-rmse527.3419.ckpt,a2f8b0f39411e199e73ee22a8ae3055d3fc4218fa9d670b31af93d2e190df291,672faa9fb7cb4499da17d6a3afbd65a9301f170f,output/seed_runs/s5_full__seed23/val_preds.csv
naive_persistence,Naive persistence,val,2022-12-23,2022-12-24,1671865200,16796.9492188,16847.7597656,16796.9492188,0,,,,derived: predicted_close=current_close
cmamba_v_reproduced,Reproduced CM-v,val,2022-12-24,2022-12-25,1671951600,16847.7597656,16841.9902344,16805.6484375,136952,output/seed_runs/cmamba_v__seed23/epoch949-val-rmse572.6860.ckpt,afb28215d656ea54421efb00e3c60ec9d8a818fff186c194be9a98b55dcecdf0,672faa9fb7cb4499da17d6a3afbd65a9301f170f,output/evaluation/forecast_predictions.csv
s5_full,CMamba-T / S5-Full,val,2022-12-24,2022-12-25,1671951600,16847.7597656,16841.9902344,16785.5429688,57249,output/seed_runs/s5_full__seed23/epoch321-val-rmse527.3419.ckpt,a2f8b0f39411e199e73ee22a8ae3055d3fc4218fa9d670b31af93d2e190df291,672faa9fb7cb4499da17d6a3afbd65a9301f170f,output/seed_runs/s5_full__seed23/val_preds.csv
naive_persistence,Naive persistence,val,2022-12-24,2022-12-25,1671951600,16847.7597656,16841.9902344,16847.7597656,0,,,,derived: predicted_close=current_close
cmamba_v_reproduced,Reproduced CM-v,val,2022-12-25,2022-12-26,1672038000,16841.9902344,16919.8007812,16847.3730469,136952,output/seed_runs/cmamba_v__seed23/epoch949-val-rmse572.6860.ckpt,afb28215d656ea54421efb00e3c60ec9d8a818fff186c194be9a98b55dcecdf0,672faa9fb7cb4499da17d6a3afbd65a9301f170f,output/evaluation/forecast_predictions.csv
s5_full,CMamba-T / S5-Full,val,2022-12-25,2022-12-26,1672038000,16841.9902344,16919.8007812,16785.9257812,57249,output/seed_runs/s5_full__seed23/epoch321-val-rmse527.3419.ckpt,a2f8b0f39411e199e73ee22a8ae3055d3fc4218fa9d670b31af93d2e190df291,672faa9fb7cb4499da17d6a3afbd65a9301f170f,output/seed_runs/s5_full__seed23/val_preds.csv
naive_persistence,Naive persistence,val,2022-12-25,2022-12-26,1672038000,16841.9902344,16919.8007812,16841.9902344,0,,,,derived: predicted_close=current_close
cmamba_v_reproduced,Reproduced CM-v,val,2022-12-26,2022-12-27,1672124400,16919.8007812,16717.1699219,17050.2929688,136952,output/seed_runs/cmamba_v__seed23/epoch949-val-rmse572.6860.ckpt,afb28215d656ea54421efb00e3c60ec9d8a818fff186c194be9a98b55dcecdf0,672faa9fb7cb4499da17d6a3afbd65a9301f170f,output/evaluation/forecast_predictions.csv
s5_full,CMamba-T / S5-Full,val,2022-12-26,2022-12-27,1672124400,16919.8007812,16717.1699219,16874.4082031,57249,output/seed_runs/s5_full__seed23/epoch321-val-rmse527.3419.ckpt,a2f8b0f39411e199e73ee22a8ae3055d3fc4218fa9d670b31af93d2e190df291,672faa9fb7cb4499da17d6a3afbd65a9301f170f,output/seed_runs/s5_full__seed23/val_preds.csv
naive_persistence,Naive persistence,val,2022-12-26,2022-12-27,1672124400,16919.8007812,16717.1699219,16919.8007812,0,,,,derived: predicted_close=current_close
cmamba_v_reproduced,Reproduced CM-v,val,2022-12-27,2022-12-28,1672210800,16717.1699219,16552.5703125,16799.3300781,136952,output/seed_runs/cmamba_v__seed23/epoch949-val-rmse572.6860.ckpt,afb28215d656ea54421efb00e3c60ec9d8a818fff186c194be9a98b55dcecdf0,672faa9fb7cb4499da17d6a3afbd65a9301f170f,output/evaluation/forecast_predictions.csv
s5_full,CMamba-T / S5-Full,val,2022-12-27,2022-12-28,1672210800,16717.1699219,16552.5703125,16684.65625,57249,output/seed_runs/s5_full__seed23/epoch321-val-rmse527.3419.ckpt,a2f8b0f39411e199e73ee22a8ae3055d3fc4218fa9d670b31af93d2e190df291,672faa9fb7cb4499da17d6a3afbd65a9301f170f,output/seed_runs/s5_full__seed23/val_preds.csv
naive_persistence,Naive persistence,val,2022-12-27,2022-12-28,1672210800,16717.1699219,16552.5703125,16717.1699219,0,,,,derived: predicted_close=current_close
cmamba_v_reproduced,Reproduced CM-v,val,2022-12-28,2022-12-29,1672297200,16552.5703125,16642.3398438,16673.5644531,136952,output/seed_runs/cmamba_v__seed23/epoch949-val-rmse572.6860.ckpt,afb28215d656ea54421efb00e3c60ec9d8a818fff186c194be9a98b55dcecdf0,672faa9fb7cb4499da17d6a3afbd65a9301f170f,output/evaluation/forecast_predictions.csv
s5_full,CMamba-T / S5-Full,val,2022-12-28,2022-12-29,1672297200,16552.5703125,16642.3398438,16518.1269531,57249,output/seed_runs/s5_full__seed23/epoch321-val-rmse527.3419.ckpt,a2f8b0f39411e199e73ee22a8ae3055d3fc4218fa9d670b31af93d2e190df291,672faa9fb7cb4499da17d6a3afbd65a9301f170f,output/seed_runs/s5_full__seed23/val_preds.csv
naive_persistence,Naive persistence,val,2022-12-28,2022-12-29,1672297200,16552.5703125,16642.3398438,16552.5703125,0,,,,derived: predicted_close=current_close
cmamba_v_reproduced,Reproduced CM-v,val,2022-12-29,2022-12-30,1672383600,16642.3398438,16602.5898438,16725.1035156,136952,output/seed_runs/cmamba_v__seed23/epoch949-val-rmse572.6860.ckpt,afb28215d656ea54421efb00e3c60ec9d8a818fff186c194be9a98b55dcecdf0,672faa9fb7cb4499da17d6a3afbd65a9301f170f,output/evaluation/forecast_predictions.csv
s5_full,CMamba-T / S5-Full,val,2022-12-29,2022-12-30,1672383600,16642.3398438,16602.5898438,16595.5585938,57249,output/seed_runs/s5_full__seed23/epoch321-val-rmse527.3419.ckpt,a2f8b0f39411e199e73ee22a8ae3055d3fc4218fa9d670b31af93d2e190df291,672faa9fb7cb4499da17d6a3afbd65a9301f170f,output/seed_runs/s5_full__seed23/val_preds.csv
naive_persistence,Naive persistence,val,2022-12-29,2022-12-30,1672383600,16642.3398438,16602.5898438,16642.3398438,0,,,,derived: predicted_close=current_close
cmamba_v_reproduced,Reproduced CM-v,val,2022-12-30,2022-12-31,1672470000,16602.5898438,16547.5,16608.7714844,136952,output/seed_runs/cmamba_v__seed23/epoch949-val-rmse572.6860.ckpt,afb28215d656ea54421efb00e3c60ec9d8a818fff186c194be9a98b55dcecdf0,672faa9fb7cb4499da17d6a3afbd65a9301f170f,output/evaluation/forecast_predictions.csv
s5_full,CMamba-T / S5-Full,val,2022-12-30,2022-12-31,1672470000,16602.5898438,16547.5,16546.984375,57249,output/seed_runs/s5_full__seed23/epoch321-val-rmse527.3419.ckpt,a2f8b0f39411e199e73ee22a8ae3055d3fc4218fa9d670b31af93d2e190df291,672faa9fb7cb4499da17d6a3afbd65a9301f170f,output/seed_runs/s5_full__seed23/val_preds.csv
naive_persistence,Naive persistence,val,2022-12-30,2022-12-31,1672470000,16602.5898438,16547.5,16602.5898438,0,,,,derived: predicted_close=current_close
cmamba_v_reproduced,Reproduced CM-v,val,2022-12-31,2023-01-01,1672556400,16547.5,16625.0800781,16660.2285156,136952,output/seed_runs/cmamba_v__seed23/epoch949-val-rmse572.6860.ckpt,afb28215d656ea54421efb00e3c60ec9d8a818fff186c194be9a98b55dcecdf0,672faa9fb7cb4499da17d6a3afbd65a9301f170f,output/evaluation/forecast_predictions.csv
s5_full,CMamba-T / S5-Full,val,2022-12-31,2023-01-01,1672556400,16547.5,16625.0800781,16489.8144531,57249,output/seed_runs/s5_full__seed23/epoch321-val-rmse527.3419.ckpt,a2f8b0f39411e199e73ee22a8ae3055d3fc4218fa9d670b31af93d2e190df291,672faa9fb7cb4499da17d6a3afbd65a9301f170f,output/seed_runs/s5_full__seed23/val_preds.csv
naive_persistence,Naive persistence,val,2022-12-31,2023-01-01,1672556400,16547.5,16625.0800781,16547.5,0,,,,derived: predicted_close=current_close
cmamba_v_reproduced,Reproduced CM-v,val,2023-01-01,2023-01-02,1672642800,16625.0800781,16688.4707031,16660.4433594,136952,output/seed_runs/cmamba_v__seed23/epoch949-val-rmse572.6860.ckpt,afb28215d656ea54421efb00e3c60ec9d8a818fff186c194be9a98b55dcecdf0,672faa9fb7cb4499da17d6a3afbd65a9301f170f,output/evaluation/forecast_predictions.csv
s5_full,CMamba-T / S5-Full,val,2023-01-01,2023-01-02,1672642800,16625.0800781,16688.4707031,16573.5820312,57249,output/seed_runs/s5_full__seed23/epoch321-val-rmse527.3419.ckpt,a2f8b0f39411e199e73ee22a8ae3055d3fc4218fa9d670b31af93d2e190df291,672faa9fb7cb4499da17d6a3afbd65a9301f170f,output/seed_runs/s5_full__seed23/val_preds.csv
naive_persistence,Naive persistence,val,2023-01-01,2023-01-02,1672642800,16625.0800781,16688.4707031,16625.0800781,0,,,,derived: predicted_close=current_close
cmamba_v_reproduced,Reproduced CM-v,val,2023-01-02,2023-01-03,1672729200,16688.4707031,16679.859375,16756.2011719,136952,output/seed_runs/cmamba_v__seed23/epoch949-val-rmse572.6860.ckpt,afb28215d656ea54421efb00e3c60ec9d8a818fff186c194be9a98b55dcecdf0,672faa9fb7cb4499da17d6a3afbd65a9301f170f,output/evaluation/forecast_predictions.csv
s5_full,CMamba-T / S5-Full,val,2023-01-02,2023-01-03,1672729200,16688.4707031,16679.859375,16647.9960938,57249,output/seed_runs/s5_full__seed23/epoch321-val-rmse527.3419.ckpt,a2f8b0f39411e199e73ee22a8ae3055d3fc4218fa9d670b31af93d2e190df291,672faa9fb7cb4499da17d6a3afbd65a9301f170f,output/seed_runs/s5_full__seed23/val_preds.csv
naive_persistence,Naive persistence,val,2023-01-02,2023-01-03,1672729200,16688.4707031,16679.859375,16688.4707031,0,,,,derived: predicted_close=current_close
cmamba_v_reproduced,Reproduced CM-v,val,2023-01-03,2023-01-04,1672815600,16679.859375,16863.2402344,16792.0683594,136952,output/seed_runs/cmamba_v__seed23/epoch949-val-rmse572.6860.ckpt,afb28215d656ea54421efb00e3c60ec9d8a818fff186c194be9a98b55dcecdf0,672faa9fb7cb4499da17d6a3afbd65a9301f170f,output/evaluation/forecast_predictions.csv
s5_full,CMamba-T / S5-Full,val,2023-01-03,2023-01-04,1672815600,16679.859375,16863.2402344,16651.9589844,57249,output/seed_runs/s5_full__seed23/epoch321-val-rmse527.3419.ckpt,a2f8b0f39411e199e73ee22a8ae3055d3fc4218fa9d670b31af93d2e190df291,672faa9fb7cb4499da17d6a3afbd65a9301f170f,output/seed_runs/s5_full__seed23/val_preds.csv
naive_persistence,Naive persistence,val,2023-01-03,2023-01-04,1672815600,16679.859375,16863.2402344,16679.859375,0,,,,derived: predicted_close=current_close
cmamba_v_reproduced,Reproduced CM-v,val,2023-01-04,2023-01-05,1672902000,16863.2402344,16836.7402344,16925.7070312,136952,output/seed_runs/cmamba_v__seed23/epoch949-val-rmse572.6860.ckpt,afb28215d656ea54421efb00e3c60ec9d8a818fff186c194be9a98b55dcecdf0,672faa9fb7cb4499da17d6a3afbd65a9301f170f,output/evaluation/forecast_predictions.csv
s5_full,CMamba-T / S5-Full,val,2023-01-04,2023-01-05,1672902000,16863.2402344,16836.7402344,16841.6835938,57249,output/seed_runs/s5_full__seed23/epoch321-val-rmse527.3419.ckpt,a2f8b0f39411e199e73ee22a8ae3055d3fc4218fa9d670b31af93d2e190df291,672faa9fb7cb4499da17d6a3afbd65a9301f170f,output/seed_runs/s5_full__seed23/val_preds.csv
naive_persistence,Naive persistence,val,2023-01-04,2023-01-05,1672902000,16863.2402344,16836.7402344,16863.2402344,0,,,,derived: predicted_close=current_close
cmamba_v_reproduced,Reproduced CM-v,val,2023-01-05,2023-01-06,1672988400,16836.7402344,16951.9707031,16906.7128906,136952,output/seed_runs/cmamba_v__seed23/epoch949-val-rmse572.6860.ckpt,afb28215d656ea54421efb00e3c60ec9d8a818fff186c194be9a98b55dcecdf0,672faa9fb7cb4499da17d6a3afbd65a9301f170f,output/evaluation/forecast_predictions.csv
s5_full,CMamba-T / S5-Full,val,2023-01-05,2023-01-06,1672988400,16836.7402344,16951.9707031,16806.6875,57249,output/seed_runs/s5_full__seed23/epoch321-val-rmse527.3419.ckpt,a2f8b0f39411e199e73ee22a8ae3055d3fc4218fa9d670b31af93d2e190df291,672faa9fb7cb4499da17d6a3afbd65a9301f170f,output/seed_runs/s5_full__seed23/val_preds.csv
naive_persistence,Naive persistence,val,2023-01-05,2023-01-06,1672988400,16836.7402344,16951.9707031,16836.7402344,0,,,,derived: predicted_close=current_close
cmamba_v_reproduced,Reproduced CM-v,val,2023-01-06,2023-01-07,1673074800,16951.9707031,16955.0800781,16960.5859375,136952,output/seed_runs/cmamba_v__seed23/epoch949-val-rmse572.6860.ckpt,afb28215d656ea54421efb00e3c60ec9d8a818fff186c194be9a98b55dcecdf0,672faa9fb7cb4499da17d6a3afbd65a9301f170f,output/evaluation/forecast_predictions.csv
s5_full,CMamba-T / S5-Full,val,2023-01-06,2023-01-07,1673074800,16951.9707031,16955.0800781,16917.4628906,57249,output/seed_runs/s5_full__seed23/epoch321-val-rmse527.3419.ckpt,a2f8b0f39411e199e73ee22a8ae3055d3fc4218fa9d670b31af93d2e190df291,672faa9fb7cb4499da17d6a3afbd65a9301f170f,output/seed_runs/s5_full__seed23/val_preds.csv
naive_persistence,Naive persistence,val,2023-01-06,2023-01-07,1673074800,16951.9707031,16955.0800781,16951.9707031,0,,,,derived: predicted_close=current_close
cmamba_v_reproduced,Reproduced CM-v,val,2023-01-07,2023-01-08,1673161200,16955.0800781,17091.140625,17074.6269531,136952,output/seed_runs/cmamba_v__seed23/epoch949-val-rmse572.6860.ckpt,afb28215d656ea54421efb00e3c60ec9d8a818fff186c194be9a98b55dcecdf0,672faa9fb7cb4499da17d6a3afbd65a9301f170f,output/evaluation/forecast_predictions.csv
s5_full,CMamba-T / S5-Full,val,2023-01-07,2023-01-08,1673161200,16955.0800781,17091.140625,16915.4179688,57249,output/seed_runs/s5_full__seed23/epoch321-val-rmse527.3419.ckpt,a2f8b0f39411e199e73ee22a8ae3055d3fc4218fa9d670b31af93d2e190df291,672faa9fb7cb4499da17d6a3afbd65a9301f170f,output/seed_runs/s5_full__seed23/val_preds.csv
naive_persistence,Naive persistence,val,2023-01-07,2023-01-08,1673161200,16955.0800781,17091.140625,16955.0800781,0,,,,derived: predicted_close=current_close
cmamba_v_reproduced,Reproduced CM-v,val,2023-01-08,2023-01-09,1673247600,17091.140625,17196.5507812,17110.7988281,136952,output/seed_runs/cmamba_v__seed23/epoch949-val-rmse572.6860.ckpt,afb28215d656ea54421efb00e3c60ec9d8a818fff186c194be9a98b55dcecdf0,672faa9fb7cb4499da17d6a3afbd65a9301f170f,output/evaluation/forecast_predictions.csv
s5_full,CMamba-T / S5-Full,val,2023-01-08,2023-01-09,1673247600,17091.140625,17196.5507812,17070.8320312,57249,output/seed_runs/s5_full__seed23/epoch321-val-rmse527.3419.ckpt,a2f8b0f39411e199e73ee22a8ae3055d3fc4218fa9d670b31af93d2e190df291,672faa9fb7cb4499da17d6a3afbd65a9301f170f,output/seed_runs/s5_full__seed23/val_preds.csv
naive_persistence,Naive persistence,val,2023-01-08,2023-01-09,1673247600,17091.140625,17196.5507812,17091.140625,0,,,,derived: predicted_close=current_close
cmamba_v_reproduced,Reproduced CM-v,val,2023-01-09,2023-01-10,1673334000,17196.5507812,17446.2890625,17341.3691406,136952,output/seed_runs/cmamba_v__seed23/epoch949-val-rmse572.6860.ckpt,afb28215d656ea54421efb00e3c60ec9d8a818fff186c194be9a98b55dcecdf0,672faa9fb7cb4499da17d6a3afbd65a9301f170f,output/evaluation/forecast_predictions.csv
s5_full,CMamba-T / S5-Full,val,2023-01-09,2023-01-10,1673334000,17196.5507812,17446.2890625,17206.0800781,57249,output/seed_runs/s5_full__seed23/epoch321-val-rmse527.3419.ckpt,a2f8b0f39411e199e73ee22a8ae3055d3fc4218fa9d670b31af93d2e190df291,672faa9fb7cb4499da17d6a3afbd65a9301f170f,output/seed_runs/s5_full__seed23/val_preds.csv
naive_persistence,Naive persistence,val,2023-01-09,2023-01-10,1673334000,17196.5507812,17446.2890625,17196.5507812,0,,,,derived: predicted_close=current_close
cmamba_v_reproduced,Reproduced CM-v,val,2023-01-10,2023-01-11,1673420400,17446.2890625,17934.9003906,17452.2636719,136952,output/seed_runs/cmamba_v__seed23/epoch949-val-rmse572.6860.ckpt,afb28215d656ea54421efb00e3c60ec9d8a818fff186c194be9a98b55dcecdf0,672faa9fb7cb4499da17d6a3afbd65a9301f170f,output/evaluation/forecast_predictions.csv
s5_full,CMamba-T / S5-Full,val,2023-01-10,2023-01-11,1673420400,17446.2890625,17934.9003906,17464.6738281,57249,output/seed_runs/s5_full__seed23/epoch321-val-rmse527.3419.ckpt,a2f8b0f39411e199e73ee22a8ae3055d3fc4218fa9d670b31af93d2e190df291,672faa9fb7cb4499da17d6a3afbd65a9301f170f,output/seed_runs/s5_full__seed23/val_preds.csv
naive_persistence,Naive persistence,val,2023-01-10,2023-01-11,1673420400,17446.2890625,17934.9003906,17446.2890625,0,,,,derived: predicted_close=current_close
cmamba_v_reproduced,Reproduced CM-v,val,2023-01-11,2023-01-12,1673506800,17934.9003906,18869.5898438,17858.8730469,136952,output/seed_runs/cmamba_v__seed23/epoch949-val-rmse572.6860.ckpt,afb28215d656ea54421efb00e3c60ec9d8a818fff186c194be9a98b55dcecdf0,672faa9fb7cb4499da17d6a3afbd65a9301f170f,output/evaluation/forecast_predictions.csv
s5_full,CMamba-T / S5-Full,val,2023-01-11,2023-01-12,1673506800,17934.9003906,18869.5898438,17956.4238281,57249,output/seed_runs/s5_full__seed23/epoch321-val-rmse527.3419.ckpt,a2f8b0f39411e199e73ee22a8ae3055d3fc4218fa9d670b31af93d2e190df291,672faa9fb7cb4499da17d6a3afbd65a9301f170f,output/seed_runs/s5_full__seed23/val_preds.csv
naive_persistence,Naive persistence,val,2023-01-11,2023-01-12,1673506800,17934.9003906,18869.5898438,17934.9003906,0,,,,derived: predicted_close=current_close
cmamba_v_reproduced,Reproduced CM-v,val,2023-01-12,2023-01-13,1673593200,18869.5898438,19909.5703125,18916.0605469,136952,output/seed_runs/cmamba_v__seed23/epoch949-val-rmse572.6860.ckpt,afb28215d656ea54421efb00e3c60ec9d8a818fff186c194be9a98b55dcecdf0,672faa9fb7cb4499da17d6a3afbd65a9301f170f,output/evaluation/forecast_predictions.csv
s5_full,CMamba-T / S5-Full,val,2023-01-12,2023-01-13,1673593200,18869.5898438,19909.5703125,18899.9648438,57249,output/seed_runs/s5_full__seed23/epoch321-val-rmse527.3419.ckpt,a2f8b0f39411e199e73ee22a8ae3055d3fc4218fa9d670b31af93d2e190df291,672faa9fb7cb4499da17d6a3afbd65a9301f170f,output/seed_runs/s5_full__seed23/val_preds.csv
naive_persistence,Naive persistence,val,2023-01-12,2023-01-13,1673593200,18869.5898438,19909.5703125,18869.5898438,0,,,,derived: predicted_close=current_close
cmamba_v_reproduced,Reproduced CM-v,val,2023-01-13,2023-01-14,1673679600,19909.5703125,20976.3007812,19697.1972656,136952,output/seed_runs/cmamba_v__seed23/epoch949-val-rmse572.6860.ckpt,afb28215d656ea54421efb00e3c60ec9d8a818fff186c194be9a98b55dcecdf0,672faa9fb7cb4499da17d6a3afbd65a9301f170f,output/evaluation/forecast_predictions.csv
s5_full,CMamba-T / S5-Full,val,2023-01-13,2023-01-14,1673679600,19909.5703125,20976.3007812,19950.6601562,57249,output/seed_runs/s5_full__seed23/epoch321-val-rmse527.3419.ckpt,a2f8b0f39411e199e73ee22a8ae3055d3fc4218fa9d670b31af93d2e190df291,672faa9fb7cb4499da17d6a3afbd65a9301f170f,output/seed_runs/s5_full__seed23/val_preds.csv
naive_persistence,Naive persistence,val,2023-01-13,2023-01-14,1673679600,19909.5703125,20976.3007812,19909.5703125,0,,,,derived: predicted_close=current_close
cmamba_v_reproduced,Reproduced CM-v,val,2023-01-14,2023-01-15,1673766000,20976.3007812,20880.8007812,20924.6035156,136952,output/seed_runs/cmamba_v__seed23/epoch949-val-rmse572.6860.ckpt,afb28215d656ea54421efb00e3c60ec9d8a818fff186c194be9a98b55dcecdf0,672faa9fb7cb4499da17d6a3afbd65a9301f170f,output/evaluation/forecast_predictions.csv
s5_full,CMamba-T / S5-Full,val,2023-01-14,2023-01-15,1673766000,20976.3007812,20880.8007812,21027.5878906,57249,output/seed_runs/s5_full__seed23/epoch321-val-rmse527.3419.ckpt,a2f8b0f39411e199e73ee22a8ae3055d3fc4218fa9d670b31af93d2e190df291,672faa9fb7cb4499da17d6a3afbd65a9301f170f,output/seed_runs/s5_full__seed23/val_preds.csv
naive_persistence,Naive persistence,val,2023-01-14,2023-01-15,1673766000,20976.3007812,20880.8007812,20976.3007812,0,,,,derived: predicted_close=current_close
cmamba_v_reproduced,Reproduced CM-v,val,2023-01-15,2023-01-16,1673852400,20880.8007812,21169.6308594,21059.6230469,136952,output/seed_runs/cmamba_v__seed23/epoch949-val-rmse572.6860.ckpt,afb28215d656ea54421efb00e3c60ec9d8a818fff186c194be9a98b55dcecdf0,672faa9fb7cb4499da17d6a3afbd65a9301f170f,output/evaluation/forecast_predictions.csv
s5_full,CMamba-T / S5-Full,val,2023-01-15,2023-01-16,1673852400,20880.8007812,21169.6308594,20929.6113281,57249,output/seed_runs/s5_full__seed23/epoch321-val-rmse527.3419.ckpt,a2f8b0f39411e199e73ee22a8ae3055d3fc4218fa9d670b31af93d2e190df291,672faa9fb7cb4499da17d6a3afbd65a9301f170f,output/seed_runs/s5_full__seed23/val_preds.csv
naive_persistence,Naive persistence,val,2023-01-15,2023-01-16,1673852400,20880.8007812,21169.6308594,20880.8007812,0,,,,derived: predicted_close=current_close
cmamba_v_reproduced,Reproduced CM-v,val,2023-01-16,2023-01-17,1673938800,21169.6308594,21161.5195312,21207.6015625,136952,output/seed_runs/cmamba_v__seed23/epoch949-val-rmse572.6860.ckpt,afb28215d656ea54421efb00e3c60ec9d8a818fff186c194be9a98b55dcecdf0,672faa9fb7cb4499da17d6a3afbd65a9301f170f,output/evaluation/forecast_predictions.csv
s5_full,CMamba-T / S5-Full,val,2023-01-16,2023-01-17,1673938800,21169.6308594,21161.5195312,21223.4335938,57249,output/seed_runs/s5_full__seed23/epoch321-val-rmse527.3419.ckpt,a2f8b0f39411e199e73ee22a8ae3055d3fc4218fa9d670b31af93d2e190df291,672faa9fb7cb4499da17d6a3afbd65a9301f170f,output/seed_runs/s5_full__seed23/val_preds.csv
naive_persistence,Naive persistence,val,2023-01-16,2023-01-17,1673938800,21169.6308594,21161.5195312,21169.6308594,0,,,,derived: predicted_close=current_close
cmamba_v_reproduced,Reproduced CM-v,val,2023-01-17,2023-01-18,1674025200,21161.5195312,20688.7792969,21468.2792969,136952,output/seed_runs/cmamba_v__seed23/epoch949-val-rmse572.6860.ckpt,afb28215d656ea54421efb00e3c60ec9d8a818fff186c194be9a98b55dcecdf0,672faa9fb7cb4499da17d6a3afbd65a9301f170f,output/evaluation/forecast_predictions.csv
s5_full,CMamba-T / S5-Full,val,2023-01-17,2023-01-18,1674025200,21161.5195312,20688.7792969,21219.6210938,57249,output/seed_runs/s5_full__seed23/epoch321-val-rmse527.3419.ckpt,a2f8b0f39411e199e73ee22a8ae3055d3fc4218fa9d670b31af93d2e190df291,672faa9fb7cb4499da17d6a3afbd65a9301f170f,output/seed_runs/s5_full__seed23/val_preds.csv
naive_persistence,Naive persistence,val,2023-01-17,2023-01-18,1674025200,21161.5195312,20688.7792969,21161.5195312,0,,,,derived: predicted_close=current_close
cmamba_v_reproduced,Reproduced CM-v,val,2023-01-18,2023-01-19,1674111600,20688.7792969,21086.7890625,20969.5683594,136952,output/seed_runs/cmamba_v__seed23/epoch949-val-rmse572.6860.ckpt,afb28215d656ea54421efb00e3c60ec9d8a818fff186c194be9a98b55dcecdf0,672faa9fb7cb4499da17d6a3afbd65a9301f170f,output/evaluation/forecast_predictions.csv
s5_full,CMamba-T / S5-Full,val,2023-01-18,2023-01-19,1674111600,20688.7792969,21086.7890625,20738.2226562,57249,output/seed_runs/s5_full__seed23/epoch321-val-rmse527.3419.ckpt,a2f8b0f39411e199e73ee22a8ae3055d3fc4218fa9d670b31af93d2e190df291,672faa9fb7cb4499da17d6a3afbd65a9301f170f,output/seed_runs/s5_full__seed23/val_preds.csv
naive_persistence,Naive persistence,val,2023-01-18,2023-01-19,1674111600,20688.7792969,21086.7890625,20688.7792969,0,,,,derived: predicted_close=current_close
cmamba_v_reproduced,Reproduced CM-v,val,2023-01-19,2023-01-20,1674198000,21086.7890625,22676.5507812,20991.0449219,136952,output/seed_runs/cmamba_v__seed23/epoch949-val-rmse572.6860.ckpt,afb28215d656ea54421efb00e3c60ec9d8a818fff186c194be9a98b55dcecdf0,672faa9fb7cb4499da17d6a3afbd65a9301f170f,output/evaluation/forecast_predictions.csv
s5_full,CMamba-T / S5-Full,val,2023-01-19,2023-01-20,1674198000,21086.7890625,22676.5507812,21141.9199219,57249,output/seed_runs/s5_full__seed23/epoch321-val-rmse527.3419.ckpt,a2f8b0f39411e199e73ee22a8ae3055d3fc4218fa9d670b31af93d2e190df291,672faa9fb7cb4499da17d6a3afbd65a9301f170f,output/seed_runs/s5_full__seed23/val_preds.csv
naive_persistence,Naive persistence,val,2023-01-19,2023-01-20,1674198000,21086.7890625,22676.5507812,21086.7890625,0,,,,derived: predicted_close=current_close
cmamba_v_reproduced,Reproduced CM-v,val,2023-01-20,2023-01-21,1674284400,22676.5507812,22777.6308594,22368.1503906,136952,output/seed_runs/cmamba_v__seed23/epoch949-val-rmse572.6860.ckpt,afb28215d656ea54421efb00e3c60ec9d8a818fff186c194be9a98b55dcecdf0,672faa9fb7cb4499da17d6a3afbd65a9301f170f,output/evaluation/forecast_predictions.csv
s5_full,CMamba-T / S5-Full,val,2023-01-20,2023-01-21,1674284400,22676.5507812,22777.6308594,22750.4902344,57249,output/seed_runs/s5_full__seed23/epoch321-val-rmse527.3419.ckpt,a2f8b0f39411e199e73ee22a8ae3055d3fc4218fa9d670b31af93d2e190df291,672faa9fb7cb4499da17d6a3afbd65a9301f170f,output/seed_runs/s5_full__seed23/val_preds.csv
naive_persistence,Naive persistence,val,2023-01-20,2023-01-21,1674284400,22676.5507812,22777.6308594,22676.5507812,0,,,,derived: predicted_close=current_close
cmamba_v_reproduced,Reproduced CM-v,val,2023-01-21,2023-01-22,1674370800,22777.6308594,22720.4199219,23135.1464844,136952,output/seed_runs/cmamba_v__seed23/epoch949-val-rmse572.6860.ckpt,afb28215d656ea54421efb00e3c60ec9d8a818fff186c194be9a98b55dcecdf0,672faa9fb7cb4499da17d6a3afbd65a9301f170f,output/evaluation/forecast_predictions.csv
s5_full,CMamba-T / S5-Full,val,2023-01-21,2023-01-22,1674370800,22777.6308594,22720.4199219,22845.484375,57249,output/seed_runs/s5_full__seed23/epoch321-val-rmse527.3419.ckpt,a2f8b0f39411e199e73ee22a8ae3055d3fc4218fa9d670b31af93d2e190df291,672faa9fb7cb4499da17d6a3afbd65a9301f170f,output/seed_runs/s5_full__seed23/val_preds.csv
naive_persistence,Naive persistence,val,2023-01-21,2023-01-22,1674370800,22777.6308594,22720.4199219,22777.6308594,0,,,,derived: predicted_close=current_close
cmamba_v_reproduced,Reproduced CM-v,val,2023-01-22,2023-01-23,1674457200,22720.4199219,22934.4296875,22838.265625,136952,output/seed_runs/cmamba_v__seed23/epoch949-val-rmse572.6860.ckpt,afb28215d656ea54421efb00e3c60ec9d8a818fff186c194be9a98b55dcecdf0,672faa9fb7cb4499da17d6a3afbd65a9301f170f,output/evaluation/forecast_predictions.csv
s5_full,CMamba-T / S5-Full,val,2023-01-22,2023-01-23,1674457200,22720.4199219,22934.4296875,22789.0664062,57249,output/seed_runs/s5_full__seed23/epoch321-val-rmse527.3419.ckpt,a2f8b0f39411e199e73ee22a8ae3055d3fc4218fa9d670b31af93d2e190df291,672faa9fb7cb4499da17d6a3afbd65a9301f170f,output/seed_runs/s5_full__seed23/val_preds.csv
naive_persistence,Naive persistence,val,2023-01-22,2023-01-23,1674457200,22720.4199219,22934.4296875,22720.4199219,0,,,,derived: predicted_close=current_close
cmamba_v_reproduced,Reproduced CM-v,val,2023-01-23,2023-01-24,1674543600,22934.4296875,22636.4707031,23129.3417969,136952,output/seed_runs/cmamba_v__seed23/epoch949-val-rmse572.6860.ckpt,afb28215d656ea54421efb00e3c60ec9d8a818fff186c194be9a98b55dcecdf0,672faa9fb7cb4499da17d6a3afbd65a9301f170f,output/evaluation/forecast_predictions.csv
s5_full,CMamba-T / S5-Full,val,2023-01-23,2023-01-24,1674543600,22934.4296875,22636.4707031,23014.6582031,57249,output/seed_runs/s5_full__seed23/epoch321-val-rmse527.3419.ckpt,a2f8b0f39411e199e73ee22a8ae3055d3fc4218fa9d670b31af93d2e190df291,672faa9fb7cb4499da17d6a3afbd65a9301f170f,output/seed_runs/s5_full__seed23/val_preds.csv
naive_persistence,Naive persistence,val,2023-01-23,2023-01-24,1674543600,22934.4296875,22636.4707031,22934.4296875,0,,,,derived: predicted_close=current_close
cmamba_v_reproduced,Reproduced CM-v,val,2023-01-24,2023-01-25,1674630000,22636.4707031,23117.859375,22879.6113281,136952,output/seed_runs/cmamba_v__seed23/epoch949-val-rmse572.6860.ckpt,afb28215d656ea54421efb00e3c60ec9d8a818fff186c194be9a98b55dcecdf0,672faa9fb7cb4499da17d6a3afbd65a9301f170f,output/evaluation/forecast_predictions.csv
s5_full,CMamba-T / S5-Full,val,2023-01-24,2023-01-25,1674630000,22636.4707031,23117.859375,22711.359375,57249,output/seed_runs/s5_full__seed23/epoch321-val-rmse527.3419.ckpt,a2f8b0f39411e199e73ee22a8ae3055d3fc4218fa9d670b31af93d2e190df291,672faa9fb7cb4499da17d6a3afbd65a9301f170f,output/seed_runs/s5_full__seed23/val_preds.csv
naive_persistence,Naive persistence,val,2023-01-24,2023-01-25,1674630000,22636.4707031,23117.859375,22636.4707031,0,,,,derived: predicted_close=current_close
cmamba_v_reproduced,Reproduced CM-v,val,2023-01-25,2023-01-26,1674716400,23117.859375,23032.7792969,23167.1152344,136952,output/seed_runs/cmamba_v__seed23/epoch949-val-rmse572.6860.ckpt,afb28215d656ea54421efb00e3c60ec9d8a818fff186c194be9a98b55dcecdf0,672faa9fb7cb4499da17d6a3afbd65a9301f170f,output/evaluation/forecast_predictions.csv
s5_full,CMamba-T / S5-Full,val,2023-01-25,2023-01-26,1674716400,23117.859375,23032.7792969,23194.3378906,57249,output/seed_runs/s5_full__seed23/epoch321-val-rmse527.3419.ckpt,a2f8b0f39411e199e73ee22a8ae3055d3fc4218fa9d670b31af93d2e190df291,672faa9fb7cb4499da17d6a3afbd65a9301f170f,output/seed_runs/s5_full__seed23/val_preds.csv
naive_persistence,Naive persistence,val,2023-01-25,2023-01-26,1674716400,23117.859375,23032.7792969,23117.859375,0,,,,derived: predicted_close=current_close
cmamba_v_reproduced,Reproduced CM-v,val,2023-01-26,2023-01-27,1674802800,23032.7792969,23078.7304688,23191.2753906,136952,output/seed_runs/cmamba_v__seed23/epoch949-val-rmse572.6860.ckpt,afb28215d656ea54421efb00e3c60ec9d8a818fff186c194be9a98b55dcecdf0,672faa9fb7cb4499da17d6a3afbd65a9301f170f,output/evaluation/forecast_predictions.csv
s5_full,CMamba-T / S5-Full,val,2023-01-26,2023-01-27,1674802800,23032.7792969,23078.7304688,23103.2792969,57249,output/seed_runs/s5_full__seed23/epoch321-val-rmse527.3419.ckpt,a2f8b0f39411e199e73ee22a8ae3055d3fc4218fa9d670b31af93d2e190df291,672faa9fb7cb4499da17d6a3afbd65a9301f170f,output/seed_runs/s5_full__seed23/val_preds.csv
naive_persistence,Naive persistence,val,2023-01-26,2023-01-27,1674802800,23032.7792969,23078.7304688,23032.7792969,0,,,,derived: predicted_close=current_close
cmamba_v_reproduced,Reproduced CM-v,val,2023-01-27,2023-01-28,1674889200,23078.7304688,23031.0898438,22903.8203125,136952,output/seed_runs/cmamba_v__seed23/epoch949-val-rmse572.6860.ckpt,afb28215d656ea54421efb00e3c60ec9d8a818fff186c194be9a98b55dcecdf0,672faa9fb7cb4499da17d6a3afbd65a9301f170f,output/evaluation/forecast_predictions.csv
s5_full,CMamba-T / S5-Full,val,2023-01-27,2023-01-28,1674889200,23078.7304688,23031.0898438,23150.3945312,57249,output/seed_runs/s5_full__seed23/epoch321-val-rmse527.3419.ckpt,a2f8b0f39411e199e73ee22a8ae3055d3fc4218fa9d670b31af93d2e190df291,672faa9fb7cb4499da17d6a3afbd65a9301f170f,output/seed_runs/s5_full__seed23/val_preds.csv
naive_persistence,Naive persistence,val,2023-01-27,2023-01-28,1674889200,23078.7304688,23031.0898438,23078.7304688,0,,,,derived: predicted_close=current_close
cmamba_v_reproduced,Reproduced CM-v,val,2023-01-28,2023-01-29,1674975600,23031.0898438,23774.5703125,23252.8613281,136952,output/seed_runs/cmamba_v__seed23/epoch949-val-rmse572.6860.ckpt,afb28215d656ea54421efb00e3c60ec9d8a818fff186c194be9a98b55dcecdf0,672faa9fb7cb4499da17d6a3afbd65a9301f170f,output/evaluation/forecast_predictions.csv
s5_full,CMamba-T / S5-Full,val,2023-01-28,2023-01-29,1674975600,23031.0898438,23774.5703125,23098.734375,57249,output/seed_runs/s5_full__seed23/epoch321-val-rmse527.3419.ckpt,a2f8b0f39411e199e73ee22a8ae3055d3fc4218fa9d670b31af93d2e190df291,672faa9fb7cb4499da17d6a3afbd65a9301f170f,output/seed_runs/s5_full__seed23/val_preds.csv
naive_persistence,Naive persistence,val,2023-01-28,2023-01-29,1674975600,23031.0898438,23774.5703125,23031.0898438,0,,,,derived: predicted_close=current_close
cmamba_v_reproduced,Reproduced CM-v,val,2023-01-29,2023-01-30,1675062000,23774.5703125,22840.140625,23852.2519531,136952,output/seed_runs/cmamba_v__seed23/epoch949-val-rmse572.6860.ckpt,afb28215d656ea54421efb00e3c60ec9d8a818fff186c194be9a98b55dcecdf0,672faa9fb7cb4499da17d6a3afbd65a9301f170f,output/evaluation/forecast_predictions.csv
s5_full,CMamba-T / S5-Full,val,2023-01-29,2023-01-30,1675062000,23774.5703125,22840.140625,23854.1679688,57249,output/seed_runs/s5_full__seed23/epoch321-val-rmse527.3419.ckpt,a2f8b0f39411e199e73ee22a8ae3055d3fc4218fa9d670b31af93d2e190df291,672faa9fb7cb4499da17d6a3afbd65a9301f170f,output/seed_runs/s5_full__seed23/val_preds.csv
naive_persistence,Naive persistence,val,2023-01-29,2023-01-30,1675062000,23774.5703125,22840.140625,23774.5703125,0,,,,derived: predicted_close=current_close
cmamba_v_reproduced,Reproduced CM-v,val,2023-01-30,2023-01-31,1675148400,22840.140625,23139.2792969,23139.1015625,136952,output/seed_runs/cmamba_v__seed23/epoch949-val-rmse572.6860.ckpt,afb28215d656ea54421efb00e3c60ec9d8a818fff186c194be9a98b55dcecdf0,672faa9fb7cb4499da17d6a3afbd65a9301f170f,output/evaluation/forecast_predictions.csv
s5_full,CMamba-T / S5-Full,val,2023-01-30,2023-01-31,1675148400,22840.140625,23139.2792969,22910.0605469,57249,output/seed_runs/s5_full__seed23/epoch321-val-rmse527.3419.ckpt,a2f8b0f39411e199e73ee22a8ae3055d3fc4218fa9d670b31af93d2e190df291,672faa9fb7cb4499da17d6a3afbd65a9301f170f,output/seed_runs/s5_full__seed23/val_preds.csv
naive_persistence,Naive persistence,val,2023-01-30,2023-01-31,1675148400,22840.140625,23139.2792969,22840.140625,0,,,,derived: predicted_close=current_close
cmamba_v_reproduced,Reproduced CM-v,val,2023-01-31,2023-02-01,1675234800,23139.2792969,23723.7695312,23012.453125,136952,output/seed_runs/cmamba_v__seed23/epoch949-val-rmse572.6860.ckpt,afb28215d656ea54421efb00e3c60ec9d8a818fff186c194be9a98b55dcecdf0,672faa9fb7cb4499da17d6a3afbd65a9301f170f,output/evaluation/forecast_predictions.csv
s5_full,CMamba-T / S5-Full,val,2023-01-31,2023-02-01,1675234800,23139.2792969,23723.7695312,23224.78125,57249,output/seed_runs/s5_full__seed23/epoch321-val-rmse527.3419.ckpt,a2f8b0f39411e199e73ee22a8ae3055d3fc4218fa9d670b31af93d2e190df291,672faa9fb7cb4499da17d6a3afbd65a9301f170f,output/seed_runs/s5_full__seed23/val_preds.csv
naive_persistence,Naive persistence,val,2023-01-31,2023-02-01,1675234800,23139.2792969,23723.7695312,23139.2792969,0,,,,derived: predicted_close=current_close
cmamba_v_reproduced,Reproduced CM-v,val,2023-02-01,2023-02-02,1675321200,23723.7695312,23471.8691406,23633.1601562,136952,output/seed_runs/cmamba_v__seed23/epoch949-val-rmse572.6860.ckpt,afb28215d656ea54421efb00e3c60ec9d8a818fff186c194be9a98b55dcecdf0,672faa9fb7cb4499da17d6a3afbd65a9301f170f,output/evaluation/forecast_predictions.csv
s5_full,CMamba-T / S5-Full,val,2023-02-01,2023-02-02,1675321200,23723.7695312,23471.8691406,23813.8613281,57249,output/seed_runs/s5_full__seed23/epoch321-val-rmse527.3419.ckpt,a2f8b0f39411e199e73ee22a8ae3055d3fc4218fa9d670b31af93d2e190df291,672faa9fb7cb4499da17d6a3afbd65a9301f170f,output/seed_runs/s5_full__seed23/val_preds.csv
naive_persistence,Naive persistence,val,2023-02-01,2023-02-02,1675321200,23723.7695312,23471.8691406,23723.7695312,0,,,,derived: predicted_close=current_close
cmamba_v_reproduced,Reproduced CM-v,val,2023-02-02,2023-02-03,1675407600,23471.8691406,23449.3203125,23832.9980469,136952,output/seed_runs/cmamba_v__seed23/epoch949-val-rmse572.6860.ckpt,afb28215d656ea54421efb00e3c60ec9d8a818fff186c194be9a98b55dcecdf0,672faa9fb7cb4499da17d6a3afbd65a9301f170f,output/evaluation/forecast_predictions.csv
s5_full,CMamba-T / S5-Full,val,2023-02-02,2023-02-03,1675407600,23471.8691406,23449.3203125,23540.6601562,57249,output/seed_runs/s5_full__seed23/epoch321-val-rmse527.3419.ckpt,a2f8b0f39411e199e73ee22a8ae3055d3fc4218fa9d670b31af93d2e190df291,672faa9fb7cb4499da17d6a3afbd65a9301f170f,output/seed_runs/s5_full__seed23/val_preds.csv
naive_persistence,Naive persistence,val,2023-02-02,2023-02-03,1675407600,23471.8691406,23449.3203125,23471.8691406,0,,,,derived: predicted_close=current_close
cmamba_v_reproduced,Reproduced CM-v,val,2023-02-03,2023-02-04,1675494000,23449.3203125,23331.8496094,23440.5644531,136952,output/seed_runs/cmamba_v__seed23/epoch949-val-rmse572.6860.ckpt,afb28215d656ea54421efb00e3c60ec9d8a818fff186c194be9a98b55dcecdf0,672faa9fb7cb4499da17d6a3afbd65a9301f170f,output/evaluation/forecast_predictions.csv
s5_full,CMamba-T / S5-Full,val,2023-02-03,2023-02-04,1675494000,23449.3203125,23331.8496094,23523.8808594,57249,output/seed_runs/s5_full__seed23/epoch321-val-rmse527.3419.ckpt,a2f8b0f39411e199e73ee22a8ae3055d3fc4218fa9d670b31af93d2e190df291,672faa9fb7cb4499da17d6a3afbd65a9301f170f,output/seed_runs/s5_full__seed23/val_preds.csv
naive_persistence,Naive persistence,val,2023-02-03,2023-02-04,1675494000,23449.3203125,23331.8496094,23449.3203125,0,,,,derived: predicted_close=current_close
cmamba_v_reproduced,Reproduced CM-v,val,2023-02-04,2023-02-05,1675580400,23331.8496094,22955.6699219,23521.9492188,136952,output/seed_runs/cmamba_v__seed23/epoch949-val-rmse572.6860.ckpt,afb28215d656ea54421efb00e3c60ec9d8a818fff186c194be9a98b55dcecdf0,672faa9fb7cb4499da17d6a3afbd65a9301f170f,output/evaluation/forecast_predictions.csv
s5_full,CMamba-T / S5-Full,val,2023-02-04,2023-02-05,1675580400,23331.8496094,22955.6699219,23403.3535156,57249,output/seed_runs/s5_full__seed23/epoch321-val-rmse527.3419.ckpt,a2f8b0f39411e199e73ee22a8ae3055d3fc4218fa9d670b31af93d2e190df291,672faa9fb7cb4499da17d6a3afbd65a9301f170f,output/seed_runs/s5_full__seed23/val_preds.csv
naive_persistence,Naive persistence,val,2023-02-04,2023-02-05,1675580400,23331.8496094,22955.6699219,23331.8496094,0,,,,derived: predicted_close=current_close
cmamba_v_reproduced,Reproduced CM-v,val,2023-02-05,2023-02-06,1675666800,22955.6699219,22760.109375,23047.2578125,136952,output/seed_runs/cmamba_v__seed23/epoch949-val-rmse572.6860.ckpt,afb28215d656ea54421efb00e3c60ec9d8a818fff186c194be9a98b55dcecdf0,672faa9fb7cb4499da17d6a3afbd65a9301f170f,output/evaluation/forecast_predictions.csv
s5_full,CMamba-T / S5-Full,val,2023-02-05,2023-02-06,1675666800,22955.6699219,22760.109375,23018.6269531,57249,output/seed_runs/s5_full__seed23/epoch321-val-rmse527.3419.ckpt,a2f8b0f39411e199e73ee22a8ae3055d3fc4218fa9d670b31af93d2e190df291,672faa9fb7cb4499da17d6a3afbd65a9301f170f,output/seed_runs/s5_full__seed23/val_preds.csv
naive_persistence,Naive persistence,val,2023-02-05,2023-02-06,1675666800,22955.6699219,22760.109375,22955.6699219,0,,,,derived: predicted_close=current_close
cmamba_v_reproduced,Reproduced CM-v,val,2023-02-06,2023-02-07,1675753200,22760.109375,23264.2890625,22987.7558594,136952,output/seed_runs/cmamba_v__seed23/epoch949-val-rmse572.6860.ckpt,afb28215d656ea54421efb00e3c60ec9d8a818fff186c194be9a98b55dcecdf0,672faa9fb7cb4499da17d6a3afbd65a9301f170f,output/evaluation/forecast_predictions.csv
s5_full,CMamba-T / S5-Full,val,2023-02-06,2023-02-07,1675753200,22760.109375,23264.2890625,22824.9277344,57249,output/seed_runs/s5_full__seed23/epoch321-val-rmse527.3419.ckpt,a2f8b0f39411e199e73ee22a8ae3055d3fc4218fa9d670b31af93d2e190df291,672faa9fb7cb4499da17d6a3afbd65a9301f170f,output/seed_runs/s5_full__seed23/val_preds.csv
naive_persistence,Naive persistence,val,2023-02-06,2023-02-07,1675753200,22760.109375,23264.2890625,22760.109375,0,,,,derived: predicted_close=current_close
cmamba_v_reproduced,Reproduced CM-v,val,2023-02-07,2023-02-08,1675839600,23264.2890625,22939.4003906,23187.2421875,136952,output/seed_runs/cmamba_v__seed23/epoch949-val-rmse572.6860.ckpt,afb28215d656ea54421efb00e3c60ec9d8a818fff186c194be9a98b55dcecdf0,672faa9fb7cb4499da17d6a3afbd65a9301f170f,output/evaluation/forecast_predictions.csv
s5_full,CMamba-T / S5-Full,val,2023-02-07,2023-02-08,1675839600,23264.2890625,22939.4003906,23361.5996094,57249,output/seed_runs/s5_full__seed23/epoch321-val-rmse527.3419.ckpt,a2f8b0f39411e199e73ee22a8ae3055d3fc4218fa9d670b31af93d2e190df291,672faa9fb7cb4499da17d6a3afbd65a9301f170f,output/seed_runs/s5_full__seed23/val_preds.csv
naive_persistence,Naive persistence,val,2023-02-07,2023-02-08,1675839600,23264.2890625,22939.4003906,23264.2890625,0,,,,derived: predicted_close=current_close
cmamba_v_reproduced,Reproduced CM-v,val,2023-02-08,2023-02-09,1675926000,22939.4003906,21819.0390625,22969.3183594,136952,output/seed_runs/cmamba_v__seed23/epoch949-val-rmse572.6860.ckpt,afb28215d656ea54421efb00e3c60ec9d8a818fff186c194be9a98b55dcecdf0,672faa9fb7cb4499da17d6a3afbd65a9301f170f,output/evaluation/forecast_predictions.csv
s5_full,CMamba-T / S5-Full,val,2023-02-08,2023-02-09,1675926000,22939.4003906,21819.0390625,23024.7578125,57249,output/seed_runs/s5_full__seed23/epoch321-val-rmse527.3419.ckpt,a2f8b0f39411e199e73ee22a8ae3055d3fc4218fa9d670b31af93d2e190df291,672faa9fb7cb4499da17d6a3afbd65a9301f170f,output/seed_runs/s5_full__seed23/val_preds.csv
naive_persistence,Naive persistence,val,2023-02-08,2023-02-09,1675926000,22939.4003906,21819.0390625,22939.4003906,0,,,,derived: predicted_close=current_close
cmamba_v_reproduced,Reproduced CM-v,val,2023-02-09,2023-02-10,1676012400,21819.0390625,21651.1796875,22236.8691406,136952,output/seed_runs/cmamba_v__seed23/epoch949-val-rmse572.6860.ckpt,afb28215d656ea54421efb00e3c60ec9d8a818fff186c194be9a98b55dcecdf0,672faa9fb7cb4499da17d6a3afbd65a9301f170f,output/evaluation/forecast_predictions.csv
s5_full,CMamba-T / S5-Full,val,2023-02-09,2023-02-10,1676012400,21819.0390625,21651.1796875,21878.6367188,57249,output/seed_runs/s5_full__seed23/epoch321-val-rmse527.3419.ckpt,a2f8b0f39411e199e73ee22a8ae3055d3fc4218fa9d670b31af93d2e190df291,672faa9fb7cb4499da17d6a3afbd65a9301f170f,output/seed_runs/s5_full__seed23/val_preds.csv
naive_persistence,Naive persistence,val,2023-02-09,2023-02-10,1676012400,21819.0390625,21651.1796875,21819.0390625,0,,,,derived: predicted_close=current_close
cmamba_v_reproduced,Reproduced CM-v,val,2023-02-10,2023-02-11,1676098800,21651.1796875,21870.8808594,21765.9414062,136952,output/seed_runs/cmamba_v__seed23/epoch949-val-rmse572.6860.ckpt,afb28215d656ea54421efb00e3c60ec9d8a818fff186c194be9a98b55dcecdf0,672faa9fb7cb4499da17d6a3afbd65a9301f170f,output/evaluation/forecast_predictions.csv
s5_full,CMamba-T / S5-Full,val,2023-02-10,2023-02-11,1676098800,21651.1796875,21870.8808594,21705.5390625,57249,output/seed_runs/s5_full__seed23/epoch321-val-rmse527.3419.ckpt,a2f8b0f39411e199e73ee22a8ae3055d3fc4218fa9d670b31af93d2e190df291,672faa9fb7cb4499da17d6a3afbd65a9301f170f,output/seed_runs/s5_full__seed23/val_preds.csv
naive_persistence,Naive persistence,val,2023-02-10,2023-02-11,1676098800,21651.1796875,21870.8808594,21651.1796875,0,,,,derived: predicted_close=current_close
cmamba_v_reproduced,Reproduced CM-v,val,2023-02-11,2023-02-12,1676185200,21870.8808594,21788.1992188,21819.4921875,136952,output/seed_runs/cmamba_v__seed23/epoch949-val-rmse572.6860.ckpt,afb28215d656ea54421efb00e3c60ec9d8a818fff186c194be9a98b55dcecdf0,672faa9fb7cb4499da17d6a3afbd65a9301f170f,output/evaluation/forecast_predictions.csv
s5_full,CMamba-T / S5-Full,val,2023-02-11,2023-02-12,1676185200,21870.8808594,21788.1992188,21914.3691406,57249,output/seed_runs/s5_full__seed23/epoch321-val-rmse527.3419.ckpt,a2f8b0f39411e199e73ee22a8ae3055d3fc4218fa9d670b31af93d2e190df291,672faa9fb7cb4499da17d6a3afbd65a9301f170f,output/seed_runs/s5_full__seed23/val_preds.csv
naive_persistence,Naive persistence,val,2023-02-11,2023-02-12,1676185200,21870.8808594,21788.1992188,21870.8808594,0,,,,derived: predicted_close=current_close
cmamba_v_reproduced,Reproduced CM-v,val,2023-02-12,2023-02-13,1676271600,21788.1992188,21808.0996094,21901.0566406,136952,output/seed_runs/cmamba_v__seed23/epoch949-val-rmse572.6860.ckpt,afb28215d656ea54421efb00e3c60ec9d8a818fff186c194be9a98b55dcecdf0,672faa9fb7cb4499da17d6a3afbd65a9301f170f,output/evaluation/forecast_predictions.csv
s5_full,CMamba-T / S5-Full,val,2023-02-12,2023-02-13,1676271600,21788.1992188,21808.0996094,21831.8925781,57249,output/seed_runs/s5_full__seed23/epoch321-val-rmse527.3419.ckpt,a2f8b0f39411e199e73ee22a8ae3055d3fc4218fa9d670b31af93d2e190df291,672faa9fb7cb4499da17d6a3afbd65a9301f170f,output/seed_runs/s5_full__seed23/val_preds.csv
naive_persistence,Naive persistence,val,2023-02-12,2023-02-13,1676271600,21788.1992188,21808.0996094,21788.1992188,0,,,,derived: predicted_close=current_close
cmamba_v_reproduced,Reproduced CM-v,val,2023-02-13,2023-02-14,1676358000,21808.0996094,22220.8007812,21702.6933594,136952,output/seed_runs/cmamba_v__seed23/epoch949-val-rmse572.6860.ckpt,afb28215d656ea54421efb00e3c60ec9d8a818fff186c194be9a98b55dcecdf0,672faa9fb7cb4499da17d6a3afbd65a9301f170f,output/evaluation/forecast_predictions.csv
s5_full,CMamba-T / S5-Full,val,2023-02-13,2023-02-14,1676358000,21808.0996094,22220.8007812,21870.7109375,57249,output/seed_runs/s5_full__seed23/epoch321-val-rmse527.3419.ckpt,a2f8b0f39411e199e73ee22a8ae3055d3fc4218fa9d670b31af93d2e190df291,672faa9fb7cb4499da17d6a3afbd65a9301f170f,output/seed_runs/s5_full__seed23/val_preds.csv
naive_persistence,Naive persistence,val,2023-02-13,2023-02-14,1676358000,21808.0996094,22220.8007812,21808.0996094,0,,,,derived: predicted_close=current_close
cmamba_v_reproduced,Reproduced CM-v,val,2023-02-14,2023-02-15,1676444400,22220.8007812,24307.8398438,22095.7363281,136952,output/seed_runs/cmamba_v__seed23/epoch949-val-rmse572.6860.ckpt,afb28215d656ea54421efb00e3c60ec9d8a818fff186c194be9a98b55dcecdf0,672faa9fb7cb4499da17d6a3afbd65a9301f170f,output/evaluation/forecast_predictions.csv
s5_full,CMamba-T / S5-Full,val,2023-02-14,2023-02-15,1676444400,22220.8007812,24307.8398438,22309.9980469,57249,output/seed_runs/s5_full__seed23/epoch321-val-rmse527.3419.ckpt,a2f8b0f39411e199e73ee22a8ae3055d3fc4218fa9d670b31af93d2e190df291,672faa9fb7cb4499da17d6a3afbd65a9301f170f,output/seed_runs/s5_full__seed23/val_preds.csv
naive_persistence,Naive persistence,val,2023-02-14,2023-02-15,1676444400,22220.8007812,24307.8398438,22220.8007812,0,,,,derived: predicted_close=current_close
cmamba_v_reproduced,Reproduced CM-v,val,2023-02-15,2023-02-16,1676530800,24307.8398438,23623.4707031,23762.9746094,136952,output/seed_runs/cmamba_v__seed23/epoch949-val-rmse572.6860.ckpt,afb28215d656ea54421efb00e3c60ec9d8a818fff186c194be9a98b55dcecdf0,672faa9fb7cb4499da17d6a3afbd65a9301f170f,output/evaluation/forecast_predictions.csv
s5_full,CMamba-T / S5-Full,val,2023-02-15,2023-02-16,1676530800,24307.8398438,23623.4707031,24423.7246094,57249,output/seed_runs/s5_full__seed23/epoch321-val-rmse527.3419.ckpt,a2f8b0f39411e199e73ee22a8ae3055d3fc4218fa9d670b31af93d2e190df291,672faa9fb7cb4499da17d6a3afbd65a9301f170f,output/seed_runs/s5_full__seed23/val_preds.csv
naive_persistence,Naive persistence,val,2023-02-15,2023-02-16,1676530800,24307.8398438,23623.4707031,24307.8398438,0,,,,derived: predicted_close=current_close
cmamba_v_reproduced,Reproduced CM-v,val,2023-02-16,2023-02-17,1676617200,23623.4707031,24565.5996094,24572.8300781,136952,output/seed_runs/cmamba_v__seed23/epoch949-val-rmse572.6860.ckpt,afb28215d656ea54421efb00e3c60ec9d8a818fff186c194be9a98b55dcecdf0,672faa9fb7cb4499da17d6a3afbd65a9301f170f,output/evaluation/forecast_predictions.csv
s5_full,CMamba-T / S5-Full,val,2023-02-16,2023-02-17,1676617200,23623.4707031,24565.5996094,23710.0839844,57249,output/seed_runs/s5_full__seed23/epoch321-val-rmse527.3419.ckpt,a2f8b0f39411e199e73ee22a8ae3055d3fc4218fa9d670b31af93d2e190df291,672faa9fb7cb4499da17d6a3afbd65a9301f170f,output/seed_runs/s5_full__seed23/val_preds.csv
naive_persistence,Naive persistence,val,2023-02-16,2023-02-17,1676617200,23623.4707031,24565.5996094,23623.4707031,0,,,,derived: predicted_close=current_close
cmamba_v_reproduced,Reproduced CM-v,val,2023-02-17,2023-02-18,1676703600,24565.5996094,24641.2792969,24064.4648438,136952,output/seed_runs/cmamba_v__seed23/epoch949-val-rmse572.6860.ckpt,afb28215d656ea54421efb00e3c60ec9d8a818fff186c194be9a98b55dcecdf0,672faa9fb7cb4499da17d6a3afbd65a9301f170f,output/evaluation/forecast_predictions.csv
s5_full,CMamba-T / S5-Full,val,2023-02-17,2023-02-18,1676703600,24565.5996094,24641.2792969,24657.1347656,57249,output/seed_runs/s5_full__seed23/epoch321-val-rmse527.3419.ckpt,a2f8b0f39411e199e73ee22a8ae3055d3fc4218fa9d670b31af93d2e190df291,672faa9fb7cb4499da17d6a3afbd65a9301f170f,output/seed_runs/s5_full__seed23/val_preds.csv
naive_persistence,Naive persistence,val,2023-02-17,2023-02-18,1676703600,24565.5996094,24641.2792969,24565.5996094,0,,,,derived: predicted_close=current_close
cmamba_v_reproduced,Reproduced CM-v,val,2023-02-18,2023-02-19,1676790000,24641.2792969,24327.640625,24895.4804688,136952,output/seed_runs/cmamba_v__seed23/epoch949-val-rmse572.6860.ckpt,afb28215d656ea54421efb00e3c60ec9d8a818fff186c194be9a98b55dcecdf0,672faa9fb7cb4499da17d6a3afbd65a9301f170f,output/evaluation/forecast_predictions.csv
s5_full,CMamba-T / S5-Full,val,2023-02-18,2023-02-19,1676790000,24641.2792969,24327.640625,24751.0195312,57249,output/seed_runs/s5_full__seed23/epoch321-val-rmse527.3419.ckpt,a2f8b0f39411e199e73ee22a8ae3055d3fc4218fa9d670b31af93d2e190df291,672faa9fb7cb4499da17d6a3afbd65a9301f170f,output/seed_runs/s5_full__seed23/val_preds.csv
naive_persistence,Naive persistence,val,2023-02-18,2023-02-19,1676790000,24641.2792969,24327.640625,24641.2792969,0,,,,derived: predicted_close=current_close
cmamba_v_reproduced,Reproduced CM-v,val,2023-02-19,2023-02-20,1676876400,24327.640625,24829.1503906,24674.2734375,136952,output/seed_runs/cmamba_v__seed23/epoch949-val-rmse572.6860.ckpt,afb28215d656ea54421efb00e3c60ec9d8a818fff186c194be9a98b55dcecdf0,672faa9fb7cb4499da17d6a3afbd65a9301f170f,output/evaluation/forecast_predictions.csv
s5_full,CMamba-T / S5-Full,val,2023-02-19,2023-02-20,1676876400,24327.640625,24829.1503906,24427.7753906,57249,output/seed_runs/s5_full__seed23/epoch321-val-rmse527.3419.ckpt,a2f8b0f39411e199e73ee22a8ae3055d3fc4218fa9d670b31af93d2e190df291,672faa9fb7cb4499da17d6a3afbd65a9301f170f,output/seed_runs/s5_full__seed23/val_preds.csv
naive_persistence,Naive persistence,val,2023-02-19,2023-02-20,1676876400,24327.640625,24829.1503906,24327.640625,0,,,,derived: predicted_close=current_close
cmamba_v_reproduced,Reproduced CM-v,val,2023-02-20,2023-02-21,1676962800,24829.1503906,24436.3496094,24654.6835938,136952,output/seed_runs/cmamba_v__seed23/epoch949-val-rmse572.6860.ckpt,afb28215d656ea54421efb00e3c60ec9d8a818fff186c194be9a98b55dcecdf0,672faa9fb7cb4499da17d6a3afbd65a9301f170f,output/evaluation/forecast_predictions.csv
s5_full,CMamba-T / S5-Full,val,2023-02-20,2023-02-21,1676962800,24829.1503906,24436.3496094,24948.3066406,57249,output/seed_runs/s5_full__seed23/epoch321-val-rmse527.3419.ckpt,a2f8b0f39411e199e73ee22a8ae3055d3fc4218fa9d670b31af93d2e190df291,672faa9fb7cb4499da17d6a3afbd65a9301f170f,output/seed_runs/s5_full__seed23/val_preds.csv
naive_persistence,Naive persistence,val,2023-02-20,2023-02-21,1676962800,24829.1503906,24436.3496094,24829.1503906,0,,,,derived: predicted_close=current_close
cmamba_v_reproduced,Reproduced CM-v,val,2023-02-21,2023-02-22,1677049200,24436.3496094,24188.8398438,24823.7851562,136952,output/seed_runs/cmamba_v__seed23/epoch949-val-rmse572.6860.ckpt,afb28215d656ea54421efb00e3c60ec9d8a818fff186c194be9a98b55dcecdf0,672faa9fb7cb4499da17d6a3afbd65a9301f170f,output/evaluation/forecast_predictions.csv
s5_full,CMamba-T / S5-Full,val,2023-02-21,2023-02-22,1677049200,24436.3496094,24188.8398438,24557.640625,57249,output/seed_runs/s5_full__seed23/epoch321-val-rmse527.3419.ckpt,a2f8b0f39411e199e73ee22a8ae3055d3fc4218fa9d670b31af93d2e190df291,672faa9fb7cb4499da17d6a3afbd65a9301f170f,output/seed_runs/s5_full__seed23/val_preds.csv
naive_persistence,Naive persistence,val,2023-02-21,2023-02-22,1677049200,24436.3496094,24188.8398438,24436.3496094,0,,,,derived: predicted_close=current_close
cmamba_v_reproduced,Reproduced CM-v,val,2023-02-22,2023-02-23,1677135600,24188.8398438,23947.4902344,23882.1152344,136952,output/seed_runs/cmamba_v__seed23/epoch949-val-rmse572.6860.ckpt,afb28215d656ea54421efb00e3c60ec9d8a818fff186c194be9a98b55dcecdf0,672faa9fb7cb4499da17d6a3afbd65a9301f170f,output/evaluation/forecast_predictions.csv
s5_full,CMamba-T / S5-Full,val,2023-02-22,2023-02-23,1677135600,24188.8398438,23947.4902344,24307.0761719,57249,output/seed_runs/s5_full__seed23/epoch321-val-rmse527.3419.ckpt,a2f8b0f39411e199e73ee22a8ae3055d3fc4218fa9d670b31af93d2e190df291,672faa9fb7cb4499da17d6a3afbd65a9301f170f,output/seed_runs/s5_full__seed23/val_preds.csv
naive_persistence,Naive persistence,val,2023-02-22,2023-02-23,1677135600,24188.8398438,23947.4902344,24188.8398438,0,,,,derived: predicted_close=current_close
cmamba_v_reproduced,Reproduced CM-v,val,2023-02-23,2023-02-24,1677222000,23947.4902344,23198.1308594,24400.8417969,136952,output/seed_runs/cmamba_v__seed23/epoch949-val-rmse572.6860.ckpt,afb28215d656ea54421efb00e3c60ec9d8a818fff186c194be9a98b55dcecdf0,672faa9fb7cb4499da17d6a3afbd65a9301f170f,output/evaluation/forecast_predictions.csv
s5_full,CMamba-T / S5-Full,val,2023-02-23,2023-02-24,1677222000,23947.4902344,23198.1308594,24058.8964844,57249,output/seed_runs/s5_full__seed23/epoch321-val-rmse527.3419.ckpt,a2f8b0f39411e199e73ee22a8ae3055d3fc4218fa9d670b31af93d2e190df291,672faa9fb7cb4499da17d6a3afbd65a9301f170f,output/seed_runs/s5_full__seed23/val_preds.csv
naive_persistence,Naive persistence,val,2023-02-23,2023-02-24,1677222000,23947.4902344,23198.1308594,23947.4902344,0,,,,derived: predicted_close=current_close
cmamba_v_reproduced,Reproduced CM-v,val,2023-02-24,2023-02-25,1677308400,23198.1308594,23175.3808594,23608.0292969,136952,output/seed_runs/cmamba_v__seed23/epoch949-val-rmse572.6860.ckpt,afb28215d656ea54421efb00e3c60ec9d8a818fff186c194be9a98b55dcecdf0,672faa9fb7cb4499da17d6a3afbd65a9301f170f,output/evaluation/forecast_predictions.csv
s5_full,CMamba-T / S5-Full,val,2023-02-24,2023-02-25,1677308400,23198.1308594,23175.3808594,23290.8535156,57249,output/seed_runs/s5_full__seed23/epoch321-val-rmse527.3419.ckpt,a2f8b0f39411e199e73ee22a8ae3055d3fc4218fa9d670b31af93d2e190df291,672faa9fb7cb4499da17d6a3afbd65a9301f170f,output/seed_runs/s5_full__seed23/val_preds.csv
naive_persistence,Naive persistence,val,2023-02-24,2023-02-25,1677308400,23198.1308594,23175.3808594,23198.1308594,0,,,,derived: predicted_close=current_close
cmamba_v_reproduced,Reproduced CM-v,val,2023-02-25,2023-02-26,1677394800,23175.3808594,23561.2109375,22865.6972656,136952,output/seed_runs/cmamba_v__seed23/epoch949-val-rmse572.6860.ckpt,afb28215d656ea54421efb00e3c60ec9d8a818fff186c194be9a98b55dcecdf0,672faa9fb7cb4499da17d6a3afbd65a9301f170f,output/evaluation/forecast_predictions.csv
s5_full,CMamba-T / S5-Full,val,2023-02-25,2023-02-26,1677394800,23175.3808594,23561.2109375,23259.4589844,57249,output/seed_runs/s5_full__seed23/epoch321-val-rmse527.3419.ckpt,a2f8b0f39411e199e73ee22a8ae3055d3fc4218fa9d670b31af93d2e190df291,672faa9fb7cb4499da17d6a3afbd65a9301f170f,output/seed_runs/s5_full__seed23/val_preds.csv
naive_persistence,Naive persistence,val,2023-02-25,2023-02-26,1677394800,23175.3808594,23561.2109375,23175.3808594,0,,,,derived: predicted_close=current_close
cmamba_v_reproduced,Reproduced CM-v,val,2023-02-26,2023-02-27,1677481200,23561.2109375,23522.8691406,23723.0488281,136952,output/seed_runs/cmamba_v__seed23/epoch949-val-rmse572.6860.ckpt,afb28215d656ea54421efb00e3c60ec9d8a818fff186c194be9a98b55dcecdf0,672faa9fb7cb4499da17d6a3afbd65a9301f170f,output/evaluation/forecast_predictions.csv
s5_full,CMamba-T / S5-Full,val,2023-02-26,2023-02-27,1677481200,23561.2109375,23522.8691406,23655.5332031,57249,output/seed_runs/s5_full__seed23/epoch321-val-rmse527.3419.ckpt,a2f8b0f39411e199e73ee22a8ae3055d3fc4218fa9d670b31af93d2e190df291,672faa9fb7cb4499da17d6a3afbd65a9301f170f,output/seed_runs/s5_full__seed23/val_preds.csv
naive_persistence,Naive persistence,val,2023-02-26,2023-02-27,1677481200,23561.2109375,23522.8691406,23561.2109375,0,,,,derived: predicted_close=current_close
cmamba_v_reproduced,Reproduced CM-v,val,2023-02-27,2023-02-28,1677567600,23522.8691406,23147.3496094,23512.3300781,136952,output/seed_runs/cmamba_v__seed23/epoch949-val-rmse572.6860.ckpt,afb28215d656ea54421efb00e3c60ec9d8a818fff186c194be9a98b55dcecdf0,672faa9fb7cb4499da17d6a3afbd65a9301f170f,output/evaluation/forecast_predictions.csv
s5_full,CMamba-T / S5-Full,val,2023-02-27,2023-02-28,1677567600,23522.8691406,23147.3496094,23620.09375,57249,output/seed_runs/s5_full__seed23/epoch321-val-rmse527.3419.ckpt,a2f8b0f39411e199e73ee22a8ae3055d3fc4218fa9d670b31af93d2e190df291,672faa9fb7cb4499da17d6a3afbd65a9301f170f,output/seed_runs/s5_full__seed23/val_preds.csv
naive_persistence,Naive persistence,val,2023-02-27,2023-02-28,1677567600,23522.8691406,23147.3496094,23522.8691406,0,,,,derived: predicted_close=current_close
cmamba_v_reproduced,Reproduced CM-v,val,2023-02-28,2023-03-01,1677654000,23147.3496094,23646.5507812,23249.4433594,136952,output/seed_runs/cmamba_v__seed23/epoch949-val-rmse572.6860.ckpt,afb28215d656ea54421efb00e3c60ec9d8a818fff186c194be9a98b55dcecdf0,672faa9fb7cb4499da17d6a3afbd65a9301f170f,output/evaluation/forecast_predictions.csv
s5_full,CMamba-T / S5-Full,val,2023-02-28,2023-03-01,1677654000,23147.3496094,23646.5507812,23259.4433594,57249,output/seed_runs/s5_full__seed23/epoch321-val-rmse527.3419.ckpt,a2f8b0f39411e199e73ee22a8ae3055d3fc4218fa9d670b31af93d2e190df291,672faa9fb7cb4499da17d6a3afbd65a9301f170f,output/seed_runs/s5_full__seed23/val_preds.csv
naive_persistence,Naive persistence,val,2023-02-28,2023-03-01,1677654000,23147.3496094,23646.5507812,23147.3496094,0,,,,derived: predicted_close=current_close
cmamba_v_reproduced,Reproduced CM-v,val,2023-03-01,2023-03-02,1677740400,23646.5507812,23475.4707031,23704.8222656,136952,output/seed_runs/cmamba_v__seed23/epoch949-val-rmse572.6860.ckpt,afb28215d656ea54421efb00e3c60ec9d8a818fff186c194be9a98b55dcecdf0,672faa9fb7cb4499da17d6a3afbd65a9301f170f,output/evaluation/forecast_predictions.csv
s5_full,CMamba-T / S5-Full,val,2023-03-01,2023-03-02,1677740400,23646.5507812,23475.4707031,23756.1269531,57249,output/seed_runs/s5_full__seed23/epoch321-val-rmse527.3419.ckpt,a2f8b0f39411e199e73ee22a8ae3055d3fc4218fa9d670b31af93d2e190df291,672faa9fb7cb4499da17d6a3afbd65a9301f170f,output/seed_runs/s5_full__seed23/val_preds.csv
naive_persistence,Naive persistence,val,2023-03-01,2023-03-02,1677740400,23646.5507812,23475.4707031,23646.5507812,0,,,,derived: predicted_close=current_close
cmamba_v_reproduced,Reproduced CM-v,val,2023-03-02,2023-03-03,1677826800,23475.4707031,22362.6796875,23483.4570312,136952,output/seed_runs/cmamba_v__seed23/epoch949-val-rmse572.6860.ckpt,afb28215d656ea54421efb00e3c60ec9d8a818fff186c194be9a98b55dcecdf0,672faa9fb7cb4499da17d6a3afbd65a9301f170f,output/evaluation/forecast_predictions.csv
s5_full,CMamba-T / S5-Full,val,2023-03-02,2023-03-03,1677826800,23475.4707031,22362.6796875,23571.6660156,57249,output/seed_runs/s5_full__seed23/epoch321-val-rmse527.3419.ckpt,a2f8b0f39411e199e73ee22a8ae3055d3fc4218fa9d670b31af93d2e190df291,672faa9fb7cb4499da17d6a3afbd65a9301f170f,output/seed_runs/s5_full__seed23/val_preds.csv
naive_persistence,Naive persistence,val,2023-03-02,2023-03-03,1677826800,23475.4707031,22362.6796875,23475.4707031,0,,,,derived: predicted_close=current_close
cmamba_v_reproduced,Reproduced CM-v,val,2023-03-03,2023-03-04,1677913200,22362.6796875,22353.3496094,22765.1660156,136952,output/seed_runs/cmamba_v__seed23/epoch949-val-rmse572.6860.ckpt,afb28215d656ea54421efb00e3c60ec9d8a818fff186c194be9a98b55dcecdf0,672faa9fb7cb4499da17d6a3afbd65a9301f170f,output/evaluation/forecast_predictions.csv
s5_full,CMamba-T / S5-Full,val,2023-03-03,2023-03-04,1677913200,22362.6796875,22353.3496094,22454.7929688,57249,output/seed_runs/s5_full__seed23/epoch321-val-rmse527.3419.ckpt,a2f8b0f39411e199e73ee22a8ae3055d3fc4218fa9d670b31af93d2e190df291,672faa9fb7cb4499da17d6a3afbd65a9301f170f,output/seed_runs/s5_full__seed23/val_preds.csv
naive_persistence,Naive persistence,val,2023-03-03,2023-03-04,1677913200,22362.6796875,22353.3496094,22362.6796875,0,,,,derived: predicted_close=current_close
cmamba_v_reproduced,Reproduced CM-v,val,2023-03-04,2023-03-05,1677999600,22353.3496094,22435.5097656,22244.6113281,136952,output/seed_runs/cmamba_v__seed23/epoch949-val-rmse572.6860.ckpt,afb28215d656ea54421efb00e3c60ec9d8a818fff186c194be9a98b55dcecdf0,672faa9fb7cb4499da17d6a3afbd65a9301f170f,output/evaluation/forecast_predictions.csv
s5_full,CMamba-T / S5-Full,val,2023-03-04,2023-03-05,1677999600,22353.3496094,22435.5097656,22398.5839844,57249,output/seed_runs/s5_full__seed23/epoch321-val-rmse527.3419.ckpt,a2f8b0f39411e199e73ee22a8ae3055d3fc4218fa9d670b31af93d2e190df291,672faa9fb7cb4499da17d6a3afbd65a9301f170f,output/seed_runs/s5_full__seed23/val_preds.csv
naive_persistence,Naive persistence,val,2023-03-04,2023-03-05,1677999600,22353.3496094,22435.5097656,22353.3496094,0,,,,derived: predicted_close=current_close
cmamba_v_reproduced,Reproduced CM-v,val,2023-03-05,2023-03-06,1678086000,22435.5097656,22429.7597656,22455.0507812,136952,output/seed_runs/cmamba_v__seed23/epoch949-val-rmse572.6860.ckpt,afb28215d656ea54421efb00e3c60ec9d8a818fff186c194be9a98b55dcecdf0,672faa9fb7cb4499da17d6a3afbd65a9301f170f,output/evaluation/forecast_predictions.csv
s5_full,CMamba-T / S5-Full,val,2023-03-05,2023-03-06,1678086000,22435.5097656,22429.7597656,22487.8554688,57249,output/seed_runs/s5_full__seed23/epoch321-val-rmse527.3419.ckpt,a2f8b0f39411e199e73ee22a8ae3055d3fc4218fa9d670b31af93d2e190df291,672faa9fb7cb4499da17d6a3afbd65a9301f170f,output/seed_runs/s5_full__seed23/val_preds.csv
naive_persistence,Naive persistence,val,2023-03-05,2023-03-06,1678086000,22435.5097656,22429.7597656,22435.5097656,0,,,,derived: predicted_close=current_close
cmamba_v_reproduced,Reproduced CM-v,val,2023-03-06,2023-03-07,1678172400,22429.7597656,22219.7695312,22495.4042969,136952,output/seed_runs/cmamba_v__seed23/epoch949-val-rmse572.6860.ckpt,afb28215d656ea54421efb00e3c60ec9d8a818fff186c194be9a98b55dcecdf0,672faa9fb7cb4499da17d6a3afbd65a9301f170f,output/evaluation/forecast_predictions.csv
s5_full,CMamba-T / S5-Full,val,2023-03-06,2023-03-07,1678172400,22429.7597656,22219.7695312,22488.5742188,57249,output/seed_runs/s5_full__seed23/epoch321-val-rmse527.3419.ckpt,a2f8b0f39411e199e73ee22a8ae3055d3fc4218fa9d670b31af93d2e190df291,672faa9fb7cb4499da17d6a3afbd65a9301f170f,output/seed_runs/s5_full__seed23/val_preds.csv
naive_persistence,Naive persistence,val,2023-03-06,2023-03-07,1678172400,22429.7597656,22219.7695312,22429.7597656,0,,,,derived: predicted_close=current_close
cmamba_v_reproduced,Reproduced CM-v,val,2023-03-07,2023-03-08,1678258800,22219.7695312,21718.0800781,22361.1386719,136952,output/seed_runs/cmamba_v__seed23/epoch949-val-rmse572.6860.ckpt,afb28215d656ea54421efb00e3c60ec9d8a818fff186c194be9a98b55dcecdf0,672faa9fb7cb4499da17d6a3afbd65a9301f170f,output/evaluation/forecast_predictions.csv
s5_full,CMamba-T / S5-Full,val,2023-03-07,2023-03-08,1678258800,22219.7695312,21718.0800781,22316.2910156,57249,output/seed_runs/s5_full__seed23/epoch321-val-rmse527.3419.ckpt,a2f8b0f39411e199e73ee22a8ae3055d3fc4218fa9d670b31af93d2e190df291,672faa9fb7cb4499da17d6a3afbd65a9301f170f,output/seed_runs/s5_full__seed23/val_preds.csv
naive_persistence,Naive persistence,val,2023-03-07,2023-03-08,1678258800,22219.7695312,21718.0800781,22219.7695312,0,,,,derived: predicted_close=current_close
cmamba_v_reproduced,Reproduced CM-v,val,2023-03-08,2023-03-09,1678345200,21718.0800781,20363.0195312,21870.7128906,136952,output/seed_runs/cmamba_v__seed23/epoch949-val-rmse572.6860.ckpt,afb28215d656ea54421efb00e3c60ec9d8a818fff186c194be9a98b55dcecdf0,672faa9fb7cb4499da17d6a3afbd65a9301f170f,output/evaluation/forecast_predictions.csv
s5_full,CMamba-T / S5-Full,val,2023-03-08,2023-03-09,1678345200,21718.0800781,20363.0195312,21808.5742188,57249,output/seed_runs/s5_full__seed23/epoch321-val-rmse527.3419.ckpt,a2f8b0f39411e199e73ee22a8ae3055d3fc4218fa9d670b31af93d2e190df291,672faa9fb7cb4499da17d6a3afbd65a9301f170f,output/seed_runs/s5_full__seed23/val_preds.csv
naive_persistence,Naive persistence,val,2023-03-08,2023-03-09,1678345200,21718.0800781,20363.0195312,21718.0800781,0,,,,derived: predicted_close=current_close
cmamba_v_reproduced,Reproduced CM-v,val,2023-03-09,2023-03-10,1678431600,20363.0195312,20187.2402344,20755.6699219,136952,output/seed_runs/cmamba_v__seed23/epoch949-val-rmse572.6860.ckpt,afb28215d656ea54421efb00e3c60ec9d8a818fff186c194be9a98b55dcecdf0,672faa9fb7cb4499da17d6a3afbd65a9301f170f,output/evaluation/forecast_predictions.csv
s5_full,CMamba-T / S5-Full,val,2023-03-09,2023-03-10,1678431600,20363.0195312,20187.2402344,20413.9238281,57249,output/seed_runs/s5_full__seed23/epoch321-val-rmse527.3419.ckpt,a2f8b0f39411e199e73ee22a8ae3055d3fc4218fa9d670b31af93d2e190df291,672faa9fb7cb4499da17d6a3afbd65a9301f170f,output/seed_runs/s5_full__seed23/val_preds.csv
naive_persistence,Naive persistence,val,2023-03-09,2023-03-10,1678431600,20363.0195312,20187.2402344,20363.0195312,0,,,,derived: predicted_close=current_close
cmamba_v_reproduced,Reproduced CM-v,val,2023-03-10,2023-03-11,1678518000,20187.2402344,20632.4101562,20096.8144531,136952,output/seed_runs/cmamba_v__seed23/epoch949-val-rmse572.6860.ckpt,afb28215d656ea54421efb00e3c60ec9d8a818fff186c194be9a98b55dcecdf0,672faa9fb7cb4499da17d6a3afbd65a9301f170f,output/evaluation/forecast_predictions.csv
s5_full,CMamba-T / S5-Full,val,2023-03-10,2023-03-11,1678518000,20187.2402344,20632.4101562,20161.9980469,57249,output/seed_runs/s5_full__seed23/epoch321-val-rmse527.3419.ckpt,a2f8b0f39411e199e73ee22a8ae3055d3fc4218fa9d670b31af93d2e190df291,672faa9fb7cb4499da17d6a3afbd65a9301f170f,output/seed_runs/s5_full__seed23/val_preds.csv
naive_persistence,Naive persistence,val,2023-03-10,2023-03-11,1678518000,20187.2402344,20632.4101562,20187.2402344,0,,,,derived: predicted_close=current_close
cmamba_v_reproduced,Reproduced CM-v,val,2023-03-11,2023-03-12,1678604400,20632.4101562,22163.9492188,20593.8066406,136952,output/seed_runs/cmamba_v__seed23/epoch949-val-rmse572.6860.ckpt,afb28215d656ea54421efb00e3c60ec9d8a818fff186c194be9a98b55dcecdf0,672faa9fb7cb4499da17d6a3afbd65a9301f170f,output/evaluation/forecast_predictions.csv
s5_full,CMamba-T / S5-Full,val,2023-03-11,2023-03-12,1678604400,20632.4101562,22163.9492188,20560.5078125,57249,output/seed_runs/s5_full__seed23/epoch321-val-rmse527.3419.ckpt,a2f8b0f39411e199e73ee22a8ae3055d3fc4218fa9d670b31af93d2e190df291,672faa9fb7cb4499da17d6a3afbd65a9301f170f,output/seed_runs/s5_full__seed23/val_preds.csv
naive_persistence,Naive persistence,val,2023-03-11,2023-03-12,1678604400,20632.4101562,22163.9492188,20632.4101562,0,,,,derived: predicted_close=current_close
cmamba_v_reproduced,Reproduced CM-v,val,2023-03-12,2023-03-13,1678690800,22163.9492188,24197.5292969,21503.8378906,136952,output/seed_runs/cmamba_v__seed23/epoch949-val-rmse572.6860.ckpt,afb28215d656ea54421efb00e3c60ec9d8a818fff186c194be9a98b55dcecdf0,672faa9fb7cb4499da17d6a3afbd65a9301f170f,output/evaluation/forecast_predictions.csv
s5_full,CMamba-T / S5-Full,val,2023-03-12,2023-03-13,1678690800,22163.9492188,24197.5292969,22149.1601562,57249,output/seed_runs/s5_full__seed23/epoch321-val-rmse527.3419.ckpt,a2f8b0f39411e199e73ee22a8ae3055d3fc4218fa9d670b31af93d2e190df291,672faa9fb7cb4499da17d6a3afbd65a9301f170f,output/seed_runs/s5_full__seed23/val_preds.csv
naive_persistence,Naive persistence,val,2023-03-12,2023-03-13,1678690800,22163.9492188,24197.5292969,22163.9492188,0,,,,derived: predicted_close=current_close
cmamba_v_reproduced,Reproduced CM-v,val,2023-03-13,2023-03-14,1678777200,24197.5292969,24746.0703125,23888.3164062,136952,output/seed_runs/cmamba_v__seed23/epoch949-val-rmse572.6860.ckpt,afb28215d656ea54421efb00e3c60ec9d8a818fff186c194be9a98b55dcecdf0,672faa9fb7cb4499da17d6a3afbd65a9301f170f,output/evaluation/forecast_predictions.csv
s5_full,CMamba-T / S5-Full,val,2023-03-13,2023-03-14,1678777200,24197.5292969,24746.0703125,24226.859375,57249,output/seed_runs/s5_full__seed23/epoch321-val-rmse527.3419.ckpt,a2f8b0f39411e199e73ee22a8ae3055d3fc4218fa9d670b31af93d2e190df291,672faa9fb7cb4499da17d6a3afbd65a9301f170f,output/seed_runs/s5_full__seed23/val_preds.csv
naive_persistence,Naive persistence,val,2023-03-13,2023-03-14,1678777200,24197.5292969,24746.0703125,24197.5292969,0,,,,derived: predicted_close=current_close
cmamba_v_reproduced,Reproduced CM-v,val,2023-03-14,2023-03-15,1678863600,24746.0703125,24375.9609375,25466.34375,136952,output/seed_runs/cmamba_v__seed23/epoch949-val-rmse572.6860.ckpt,afb28215d656ea54421efb00e3c60ec9d8a818fff186c194be9a98b55dcecdf0,672faa9fb7cb4499da17d6a3afbd65a9301f170f,output/evaluation/forecast_predictions.csv
s5_full,CMamba-T / S5-Full,val,2023-03-14,2023-03-15,1678863600,24746.0703125,24375.9609375,24784.078125,57249,output/seed_runs/s5_full__seed23/epoch321-val-rmse527.3419.ckpt,a2f8b0f39411e199e73ee22a8ae3055d3fc4218fa9d670b31af93d2e190df291,672faa9fb7cb4499da17d6a3afbd65a9301f170f,output/seed_runs/s5_full__seed23/val_preds.csv
naive_persistence,Naive persistence,val,2023-03-14,2023-03-15,1678863600,24746.0703125,24375.9609375,24746.0703125,0,,,,derived: predicted_close=current_close
cmamba_v_reproduced,Reproduced CM-v,val,2023-03-15,2023-03-16,1678950000,24375.9609375,25052.7890625,24411.65625,136952,output/seed_runs/cmamba_v__seed23/epoch949-val-rmse572.6860.ckpt,afb28215d656ea54421efb00e3c60ec9d8a818fff186c194be9a98b55dcecdf0,672faa9fb7cb4499da17d6a3afbd65a9301f170f,output/evaluation/forecast_predictions.csv
s5_full,CMamba-T / S5-Full,val,2023-03-15,2023-03-16,1678950000,24375.9609375,25052.7890625,24414.4433594,57249,output/seed_runs/s5_full__seed23/epoch321-val-rmse527.3419.ckpt,a2f8b0f39411e199e73ee22a8ae3055d3fc4218fa9d670b31af93d2e190df291,672faa9fb7cb4499da17d6a3afbd65a9301f170f,output/seed_runs/s5_full__seed23/val_preds.csv
naive_persistence,Naive persistence,val,2023-03-15,2023-03-16,1678950000,24375.9609375,25052.7890625,24375.9609375,0,,,,derived: predicted_close=current_close
cmamba_v_reproduced,Reproduced CM-v,val,2023-03-16,2023-03-17,1679036400,25052.7890625,27423.9296875,25178.1757812,136952,output/seed_runs/cmamba_v__seed23/epoch949-val-rmse572.6860.ckpt,afb28215d656ea54421efb00e3c60ec9d8a818fff186c194be9a98b55dcecdf0,672faa9fb7cb4499da17d6a3afbd65a9301f170f,output/evaluation/forecast_predictions.csv
s5_full,CMamba-T / S5-Full,val,2023-03-16,2023-03-17,1679036400,25052.7890625,27423.9296875,25077.7773438,57249,output/seed_runs/s5_full__seed23/epoch321-val-rmse527.3419.ckpt,a2f8b0f39411e199e73ee22a8ae3055d3fc4218fa9d670b31af93d2e190df291,672faa9fb7cb4499da17d6a3afbd65a9301f170f,output/seed_runs/s5_full__seed23/val_preds.csv
naive_persistence,Naive persistence,val,2023-03-16,2023-03-17,1679036400,25052.7890625,27423.9296875,25052.7890625,0,,,,derived: predicted_close=current_close
cmamba_v_reproduced,Reproduced CM-v,val,2023-03-17,2023-03-18,1679122800,27423.9296875,26965.8808594,27025.2714844,136952,output/seed_runs/cmamba_v__seed23/epoch949-val-rmse572.6860.ckpt,afb28215d656ea54421efb00e3c60ec9d8a818fff186c194be9a98b55dcecdf0,672faa9fb7cb4499da17d6a3afbd65a9301f170f,output/evaluation/forecast_predictions.csv
s5_full,CMamba-T / S5-Full,val,2023-03-17,2023-03-18,1679122800,27423.9296875,26965.8808594,27469.3769531,57249,output/seed_runs/s5_full__seed23/epoch321-val-rmse527.3419.ckpt,a2f8b0f39411e199e73ee22a8ae3055d3fc4218fa9d670b31af93d2e190df291,672faa9fb7cb4499da17d6a3afbd65a9301f170f,output/seed_runs/s5_full__seed23/val_preds.csv
naive_persistence,Naive persistence,val,2023-03-17,2023-03-18,1679122800,27423.9296875,26965.8808594,27423.9296875,0,,,,derived: predicted_close=current_close
cmamba_v_reproduced,Reproduced CM-v,val,2023-03-18,2023-03-19,1679209200,26965.8808594,28038.6796875,27173.5253906,136952,output/seed_runs/cmamba_v__seed23/epoch949-val-rmse572.6860.ckpt,afb28215d656ea54421efb00e3c60ec9d8a818fff186c194be9a98b55dcecdf0,672faa9fb7cb4499da17d6a3afbd65a9301f170f,output/evaluation/forecast_predictions.csv
s5_full,CMamba-T / S5-Full,val,2023-03-18,2023-03-19,1679209200,26965.8808594,28038.6796875,27003.1054688,57249,output/seed_runs/s5_full__seed23/epoch321-val-rmse527.3419.ckpt,a2f8b0f39411e199e73ee22a8ae3055d3fc4218fa9d670b31af93d2e190df291,672faa9fb7cb4499da17d6a3afbd65a9301f170f,output/seed_runs/s5_full__seed23/val_preds.csv
naive_persistence,Naive persistence,val,2023-03-18,2023-03-19,1679209200,26965.8808594,28038.6796875,26965.8808594,0,,,,derived: predicted_close=current_close
cmamba_v_reproduced,Reproduced CM-v,val,2023-03-19,2023-03-20,1679295600,28038.6796875,27767.2402344,27843.0957031,136952,output/seed_runs/cmamba_v__seed23/epoch949-val-rmse572.6860.ckpt,afb28215d656ea54421efb00e3c60ec9d8a818fff186c194be9a98b55dcecdf0,672faa9fb7cb4499da17d6a3afbd65a9301f170f,output/evaluation/forecast_predictions.csv
s5_full,CMamba-T / S5-Full,val,2023-03-19,2023-03-20,1679295600,28038.6796875,27767.2402344,28100.0917969,57249,output/seed_runs/s5_full__seed23/epoch321-val-rmse527.3419.ckpt,a2f8b0f39411e199e73ee22a8ae3055d3fc4218fa9d670b31af93d2e190df291,672faa9fb7cb4499da17d6a3afbd65a9301f170f,output/seed_runs/s5_full__seed23/val_preds.csv
naive_persistence,Naive persistence,val,2023-03-19,2023-03-20,1679295600,28038.6796875,27767.2402344,28038.6796875,0,,,,derived: predicted_close=current_close
cmamba_v_reproduced,Reproduced CM-v,val,2023-03-20,2023-03-21,1679382000,27767.2402344,28175.8203125,28145.8691406,136952,output/seed_runs/cmamba_v__seed23/epoch949-val-rmse572.6860.ckpt,afb28215d656ea54421efb00e3c60ec9d8a818fff186c194be9a98b55dcecdf0,672faa9fb7cb4499da17d6a3afbd65a9301f170f,output/evaluation/forecast_predictions.csv
s5_full,CMamba-T / S5-Full,val,2023-03-20,2023-03-21,1679382000,27767.2402344,28175.8203125,27820.7285156,57249,output/seed_runs/s5_full__seed23/epoch321-val-rmse527.3419.ckpt,a2f8b0f39411e199e73ee22a8ae3055d3fc4218fa9d670b31af93d2e190df291,672faa9fb7cb4499da17d6a3afbd65a9301f170f,output/seed_runs/s5_full__seed23/val_preds.csv
naive_persistence,Naive persistence,val,2023-03-20,2023-03-21,1679382000,27767.2402344,28175.8203125,27767.2402344,0,,,,derived: predicted_close=current_close
cmamba_v_reproduced,Reproduced CM-v,val,2023-03-21,2023-03-22,1679468400,28175.8203125,27307.4394531,28195.1113281,136952,output/seed_runs/cmamba_v__seed23/epoch949-val-rmse572.6860.ckpt,afb28215d656ea54421efb00e3c60ec9d8a818fff186c194be9a98b55dcecdf0,672faa9fb7cb4499da17d6a3afbd65a9301f170f,output/evaluation/forecast_predictions.csv
s5_full,CMamba-T / S5-Full,val,2023-03-21,2023-03-22,1679468400,28175.8203125,27307.4394531,28231.765625,57249,output/seed_runs/s5_full__seed23/epoch321-val-rmse527.3419.ckpt,a2f8b0f39411e199e73ee22a8ae3055d3fc4218fa9d670b31af93d2e190df291,672faa9fb7cb4499da17d6a3afbd65a9301f170f,output/seed_runs/s5_full__seed23/val_preds.csv
naive_persistence,Naive persistence,val,2023-03-21,2023-03-22,1679468400,28175.8203125,27307.4394531,28175.8203125,0,,,,derived: predicted_close=current_close
cmamba_v_reproduced,Reproduced CM-v,val,2023-03-22,2023-03-23,1679554800,27307.4394531,28333.9707031,28224.5019531,136952,output/seed_runs/cmamba_v__seed23/epoch949-val-rmse572.6860.ckpt,afb28215d656ea54421efb00e3c60ec9d8a818fff186c194be9a98b55dcecdf0,672faa9fb7cb4499da17d6a3afbd65a9301f170f,output/evaluation/forecast_predictions.csv
s5_full,CMamba-T / S5-Full,val,2023-03-22,2023-03-23,1679554800,27307.4394531,28333.9707031,27352.0136719,57249,output/seed_runs/s5_full__seed23/epoch321-val-rmse527.3419.ckpt,a2f8b0f39411e199e73ee22a8ae3055d3fc4218fa9d670b31af93d2e190df291,672faa9fb7cb4499da17d6a3afbd65a9301f170f,output/seed_runs/s5_full__seed23/val_preds.csv
naive_persistence,Naive persistence,val,2023-03-22,2023-03-23,1679554800,27307.4394531,28333.9707031,27307.4394531,0,,,,derived: predicted_close=current_close
cmamba_v_reproduced,Reproduced CM-v,val,2023-03-23,2023-03-24,1679641200,28333.9707031,27493.2890625,27870.125,136952,output/seed_runs/cmamba_v__seed23/epoch949-val-rmse572.6860.ckpt,afb28215d656ea54421efb00e3c60ec9d8a818fff186c194be9a98b55dcecdf0,672faa9fb7cb4499da17d6a3afbd65a9301f170f,output/evaluation/forecast_predictions.csv
s5_full,CMamba-T / S5-Full,val,2023-03-23,2023-03-24,1679641200,28333.9707031,27493.2890625,28389.75,57249,output/seed_runs/s5_full__seed23/epoch321-val-rmse527.3419.ckpt,a2f8b0f39411e199e73ee22a8ae3055d3fc4218fa9d670b31af93d2e190df291,672faa9fb7cb4499da17d6a3afbd65a9301f170f,output/seed_runs/s5_full__seed23/val_preds.csv
naive_persistence,Naive persistence,val,2023-03-23,2023-03-24,1679641200,28333.9707031,27493.2890625,28333.9707031,0,,,,derived: predicted_close=current_close
cmamba_v_reproduced,Reproduced CM-v,val,2023-03-24,2023-03-25,1679727600,27493.2890625,27494.7109375,27611.7324219,136952,output/seed_runs/cmamba_v__seed23/epoch949-val-rmse572.6860.ckpt,afb28215d656ea54421efb00e3c60ec9d8a818fff186c194be9a98b55dcecdf0,672faa9fb7cb4499da17d6a3afbd65a9301f170f,output/evaluation/forecast_predictions.csv
s5_full,CMamba-T / S5-Full,val,2023-03-24,2023-03-25,1679727600,27493.2890625,27494.7109375,27539.5273438,57249,output/seed_runs/s5_full__seed23/epoch321-val-rmse527.3419.ckpt,a2f8b0f39411e199e73ee22a8ae3055d3fc4218fa9d670b31af93d2e190df291,672faa9fb7cb4499da17d6a3afbd65a9301f170f,output/seed_runs/s5_full__seed23/val_preds.csv
naive_persistence,Naive persistence,val,2023-03-24,2023-03-25,1679727600,27493.2890625,27494.7109375,27493.2890625,0,,,,derived: predicted_close=current_close
cmamba_v_reproduced,Reproduced CM-v,val,2023-03-25,2023-03-26,1679814000,27494.7109375,27994.3300781,27678.6347656,136952,output/seed_runs/cmamba_v__seed23/epoch949-val-rmse572.6860.ckpt,afb28215d656ea54421efb00e3c60ec9d8a818fff186c194be9a98b55dcecdf0,672faa9fb7cb4499da17d6a3afbd65a9301f170f,output/evaluation/forecast_predictions.csv
s5_full,CMamba-T / S5-Full,val,2023-03-25,2023-03-26,1679814000,27494.7109375,27994.3300781,27538.5292969,57249,output/seed_runs/s5_full__seed23/epoch321-val-rmse527.3419.ckpt,a2f8b0f39411e199e73ee22a8ae3055d3fc4218fa9d670b31af93d2e190df291,672faa9fb7cb4499da17d6a3afbd65a9301f170f,output/seed_runs/s5_full__seed23/val_preds.csv
naive_persistence,Naive persistence,val,2023-03-25,2023-03-26,1679814000,27494.7109375,27994.3300781,27494.7109375,0,,,,derived: predicted_close=current_close
cmamba_v_reproduced,Reproduced CM-v,val,2023-03-26,2023-03-27,1679900400,27994.3300781,27139.890625,28105.3183594,136952,output/seed_runs/cmamba_v__seed23/epoch949-val-rmse572.6860.ckpt,afb28215d656ea54421efb00e3c60ec9d8a818fff186c194be9a98b55dcecdf0,672faa9fb7cb4499da17d6a3afbd65a9301f170f,output/evaluation/forecast_predictions.csv
s5_full,CMamba-T / S5-Full,val,2023-03-26,2023-03-27,1679900400,27994.3300781,27139.890625,28042.5527344,57249,output/seed_runs/s5_full__seed23/epoch321-val-rmse527.3419.ckpt,a2f8b0f39411e199e73ee22a8ae3055d3fc4218fa9d670b31af93d2e190df291,672faa9fb7cb4499da17d6a3afbd65a9301f170f,output/seed_runs/s5_full__seed23/val_preds.csv
naive_persistence,Naive persistence,val,2023-03-26,2023-03-27,1679900400,27994.3300781,27139.890625,27994.3300781,0,,,,derived: predicted_close=current_close
cmamba_v_reproduced,Reproduced CM-v,val,2023-03-27,2023-03-28,1679986800,27139.890625,27268.1308594,27281.5605469,136952,output/seed_runs/cmamba_v__seed23/epoch949-val-rmse572.6860.ckpt,afb28215d656ea54421efb00e3c60ec9d8a818fff186c194be9a98b55dcecdf0,672faa9fb7cb4499da17d6a3afbd65a9301f170f,output/evaluation/forecast_predictions.csv
s5_full,CMamba-T / S5-Full,val,2023-03-27,2023-03-28,1679986800,27139.890625,27268.1308594,27186.2988281,57249,output/seed_runs/s5_full__seed23/epoch321-val-rmse527.3419.ckpt,a2f8b0f39411e199e73ee22a8ae3055d3fc4218fa9d670b31af93d2e190df291,672faa9fb7cb4499da17d6a3afbd65a9301f170f,output/seed_runs/s5_full__seed23/val_preds.csv
naive_persistence,Naive persistence,val,2023-03-27,2023-03-28,1679986800,27139.890625,27268.1308594,27139.890625,0,,,,derived: predicted_close=current_close
cmamba_v_reproduced,Reproduced CM-v,val,2023-03-28,2023-03-29,1680073200,27268.1308594,28348.4394531,27142.7675781,136952,output/seed_runs/cmamba_v__seed23/epoch949-val-rmse572.6860.ckpt,afb28215d656ea54421efb00e3c60ec9d8a818fff186c194be9a98b55dcecdf0,672faa9fb7cb4499da17d6a3afbd65a9301f170f,output/evaluation/forecast_predictions.csv
s5_full,CMamba-T / S5-Full,val,2023-03-28,2023-03-29,1680073200,27268.1308594,28348.4394531,27319.0585938,57249,output/seed_runs/s5_full__seed23/epoch321-val-rmse527.3419.ckpt,a2f8b0f39411e199e73ee22a8ae3055d3fc4218fa9d670b31af93d2e190df291,672faa9fb7cb4499da17d6a3afbd65a9301f170f,output/seed_runs/s5_full__seed23/val_preds.csv
naive_persistence,Naive persistence,val,2023-03-28,2023-03-29,1680073200,27268.1308594,28348.4394531,27268.1308594,0,,,,derived: predicted_close=current_close
cmamba_v_reproduced,Reproduced CM-v,val,2023-03-29,2023-03-30,1680159600,28348.4394531,28033.5605469,28319.3144531,136952,output/seed_runs/cmamba_v__seed23/epoch949-val-rmse572.6860.ckpt,afb28215d656ea54421efb00e3c60ec9d8a818fff186c194be9a98b55dcecdf0,672faa9fb7cb4499da17d6a3afbd65a9301f170f,output/evaluation/forecast_predictions.csv
s5_full,CMamba-T / S5-Full,val,2023-03-29,2023-03-30,1680159600,28348.4394531,28033.5605469,28404.5820312,57249,output/seed_runs/s5_full__seed23/epoch321-val-rmse527.3419.ckpt,a2f8b0f39411e199e73ee22a8ae3055d3fc4218fa9d670b31af93d2e190df291,672faa9fb7cb4499da17d6a3afbd65a9301f170f,output/seed_runs/s5_full__seed23/val_preds.csv
naive_persistence,Naive persistence,val,2023-03-29,2023-03-30,1680159600,28348.4394531,28033.5605469,28348.4394531,0,,,,derived: predicted_close=current_close
cmamba_v_reproduced,Reproduced CM-v,val,2023-03-30,2023-03-31,1680246000,28033.5605469,28478.4804688,28292.6484375,136952,output/seed_runs/cmamba_v__seed23/epoch949-val-rmse572.6860.ckpt,afb28215d656ea54421efb00e3c60ec9d8a818fff186c194be9a98b55dcecdf0,672faa9fb7cb4499da17d6a3afbd65a9301f170f,output/evaluation/forecast_predictions.csv
s5_full,CMamba-T / S5-Full,val,2023-03-30,2023-03-31,1680246000,28033.5605469,28478.4804688,28084.2070312,57249,output/seed_runs/s5_full__seed23/epoch321-val-rmse527.3419.ckpt,a2f8b0f39411e199e73ee22a8ae3055d3fc4218fa9d670b31af93d2e190df291,672faa9fb7cb4499da17d6a3afbd65a9301f170f,output/seed_runs/s5_full__seed23/val_preds.csv
naive_persistence,Naive persistence,val,2023-03-30,2023-03-31,1680246000,28033.5605469,28478.4804688,28033.5605469,0,,,,derived: predicted_close=current_close
cmamba_v_reproduced,Reproduced CM-v,val,2023-03-31,2023-04-01,1680332400,28478.4804688,28411.0390625,28202.5527344,136952,output/seed_runs/cmamba_v__seed23/epoch949-val-rmse572.6860.ckpt,afb28215d656ea54421efb00e3c60ec9d8a818fff186c194be9a98b55dcecdf0,672faa9fb7cb4499da17d6a3afbd65a9301f170f,output/evaluation/forecast_predictions.csv
s5_full,CMamba-T / S5-Full,val,2023-03-31,2023-04-01,1680332400,28478.4804688,28411.0390625,28537.34375,57249,output/seed_runs/s5_full__seed23/epoch321-val-rmse527.3419.ckpt,a2f8b0f39411e199e73ee22a8ae3055d3fc4218fa9d670b31af93d2e190df291,672faa9fb7cb4499da17d6a3afbd65a9301f170f,output/seed_runs/s5_full__seed23/val_preds.csv
naive_persistence,Naive persistence,val,2023-03-31,2023-04-01,1680332400,28478.4804688,28411.0390625,28478.4804688,0,,,,derived: predicted_close=current_close
cmamba_v_reproduced,Reproduced CM-v,val,2023-04-01,2023-04-02,1680418800,28411.0390625,28199.3105469,28813.9960938,136952,output/seed_runs/cmamba_v__seed23/epoch949-val-rmse572.6860.ckpt,afb28215d656ea54421efb00e3c60ec9d8a818fff186c194be9a98b55dcecdf0,672faa9fb7cb4499da17d6a3afbd65a9301f170f,output/evaluation/forecast_predictions.csv
s5_full,CMamba-T / S5-Full,val,2023-04-01,2023-04-02,1680418800,28411.0390625,28199.3105469,28463.0097656,57249,output/seed_runs/s5_full__seed23/epoch321-val-rmse527.3419.ckpt,a2f8b0f39411e199e73ee22a8ae3055d3fc4218fa9d670b31af93d2e190df291,672faa9fb7cb4499da17d6a3afbd65a9301f170f,output/seed_runs/s5_full__seed23/val_preds.csv
naive_persistence,Naive persistence,val,2023-04-01,2023-04-02,1680418800,28411.0390625,28199.3105469,28411.0390625,0,,,,derived: predicted_close=current_close
cmamba_v_reproduced,Reproduced CM-v,val,2023-04-02,2023-04-03,1680505200,28199.3105469,27790.2207031,28051.4628906,136952,output/seed_runs/cmamba_v__seed23/epoch949-val-rmse572.6860.ckpt,afb28215d656ea54421efb00e3c60ec9d8a818fff186c194be9a98b55dcecdf0,672faa9fb7cb4499da17d6a3afbd65a9301f170f,output/evaluation/forecast_predictions.csv
s5_full,CMamba-T / S5-Full,val,2023-04-02,2023-04-03,1680505200,28199.3105469,27790.2207031,28248.6855469,57249,output/seed_runs/s5_full__seed23/epoch321-val-rmse527.3419.ckpt,a2f8b0f39411e199e73ee22a8ae3055d3fc4218fa9d670b31af93d2e190df291,672faa9fb7cb4499da17d6a3afbd65a9301f170f,output/seed_runs/s5_full__seed23/val_preds.csv
naive_persistence,Naive persistence,val,2023-04-02,2023-04-03,1680505200,28199.3105469,27790.2207031,28199.3105469,0,,,,derived: predicted_close=current_close
cmamba_v_reproduced,Reproduced CM-v,val,2023-04-03,2023-04-04,1680591600,27790.2207031,28168.0898438,28052.2050781,136952,output/seed_runs/cmamba_v__seed23/epoch949-val-rmse572.6860.ckpt,afb28215d656ea54421efb00e3c60ec9d8a818fff186c194be9a98b55dcecdf0,672faa9fb7cb4499da17d6a3afbd65a9301f170f,output/evaluation/forecast_predictions.csv
s5_full,CMamba-T / S5-Full,val,2023-04-03,2023-04-04,1680591600,27790.2207031,28168.0898438,27845.90625,57249,output/seed_runs/s5_full__seed23/epoch321-val-rmse527.3419.ckpt,a2f8b0f39411e199e73ee22a8ae3055d3fc4218fa9d670b31af93d2e190df291,672faa9fb7cb4499da17d6a3afbd65a9301f170f,output/seed_runs/s5_full__seed23/val_preds.csv
naive_persistence,Naive persistence,val,2023-04-03,2023-04-04,1680591600,27790.2207031,28168.0898438,27790.2207031,0,,,,derived: predicted_close=current_close
cmamba_v_reproduced,Reproduced CM-v,val,2023-04-04,2023-04-05,1680678000,28168.0898438,28177.9804688,28171.5683594,136952,output/seed_runs/cmamba_v__seed23/epoch949-val-rmse572.6860.ckpt,afb28215d656ea54421efb00e3c60ec9d8a818fff186c194be9a98b55dcecdf0,672faa9fb7cb4499da17d6a3afbd65a9301f170f,output/evaluation/forecast_predictions.csv
s5_full,CMamba-T / S5-Full,val,2023-04-04,2023-04-05,1680678000,28168.0898438,28177.9804688,28228.8613281,57249,output/seed_runs/s5_full__seed23/epoch321-val-rmse527.3419.ckpt,a2f8b0f39411e199e73ee22a8ae3055d3fc4218fa9d670b31af93d2e190df291,672faa9fb7cb4499da17d6a3afbd65a9301f170f,output/seed_runs/s5_full__seed23/val_preds.csv
naive_persistence,Naive persistence,val,2023-04-04,2023-04-05,1680678000,28168.0898438,28177.9804688,28168.0898438,0,,,,derived: predicted_close=current_close
cmamba_v_reproduced,Reproduced CM-v,val,2023-04-05,2023-04-06,1680764400,28177.9804688,28044.140625,28116.6503906,136952,output/seed_runs/cmamba_v__seed23/epoch949-val-rmse572.6860.ckpt,afb28215d656ea54421efb00e3c60ec9d8a818fff186c194be9a98b55dcecdf0,672faa9fb7cb4499da17d6a3afbd65a9301f170f,output/evaluation/forecast_predictions.csv
s5_full,CMamba-T / S5-Full,val,2023-04-05,2023-04-06,1680764400,28177.9804688,28044.140625,28234.2109375,57249,output/seed_runs/s5_full__seed23/epoch321-val-rmse527.3419.ckpt,a2f8b0f39411e199e73ee22a8ae3055d3fc4218fa9d670b31af93d2e190df291,672faa9fb7cb4499da17d6a3afbd65a9301f170f,output/seed_runs/s5_full__seed23/val_preds.csv
naive_persistence,Naive persistence,val,2023-04-05,2023-04-06,1680764400,28177.9804688,28044.140625,28177.9804688,0,,,,derived: predicted_close=current_close
cmamba_v_reproduced,Reproduced CM-v,val,2023-04-06,2023-04-07,1680850800,28044.140625,27925.859375,28126.890625,136952,output/seed_runs/cmamba_v__seed23/epoch949-val-rmse572.6860.ckpt,afb28215d656ea54421efb00e3c60ec9d8a818fff186c194be9a98b55dcecdf0,672faa9fb7cb4499da17d6a3afbd65a9301f170f,output/evaluation/forecast_predictions.csv
s5_full,CMamba-T / S5-Full,val,2023-04-06,2023-04-07,1680850800,28044.140625,27925.859375,28096.8242188,57249,output/seed_runs/s5_full__seed23/epoch321-val-rmse527.3419.ckpt,a2f8b0f39411e199e73ee22a8ae3055d3fc4218fa9d670b31af93d2e190df291,672faa9fb7cb4499da17d6a3afbd65a9301f170f,output/seed_runs/s5_full__seed23/val_preds.csv
naive_persistence,Naive persistence,val,2023-04-06,2023-04-07,1680850800,28044.140625,27925.859375,28044.140625,0,,,,derived: predicted_close=current_close
cmamba_v_reproduced,Reproduced CM-v,val,2023-04-07,2023-04-08,1680937200,27925.859375,27947.7890625,28141.8242188,136952,output/seed_runs/cmamba_v__seed23/epoch949-val-rmse572.6860.ckpt,afb28215d656ea54421efb00e3c60ec9d8a818fff186c194be9a98b55dcecdf0,672faa9fb7cb4499da17d6a3afbd65a9301f170f,output/evaluation/forecast_predictions.csv
s5_full,CMamba-T / S5-Full,val,2023-04-07,2023-04-08,1680937200,27925.859375,27947.7890625,27977.1054688,57249,output/seed_runs/s5_full__seed23/epoch321-val-rmse527.3419.ckpt,a2f8b0f39411e199e73ee22a8ae3055d3fc4218fa9d670b31af93d2e190df291,672faa9fb7cb4499da17d6a3afbd65a9301f170f,output/seed_runs/s5_full__seed23/val_preds.csv
naive_persistence,Naive persistence,val,2023-04-07,2023-04-08,1680937200,27925.859375,27947.7890625,27925.859375,0,,,,derived: predicted_close=current_close
cmamba_v_reproduced,Reproduced CM-v,val,2023-04-08,2023-04-09,1681023600,27947.7890625,28333.0507812,27933.3613281,136952,output/seed_runs/cmamba_v__seed23/epoch949-val-rmse572.6860.ckpt,afb28215d656ea54421efb00e3c60ec9d8a818fff186c194be9a98b55dcecdf0,672faa9fb7cb4499da17d6a3afbd65a9301f170f,output/evaluation/forecast_predictions.csv
s5_full,CMamba-T / S5-Full,val,2023-04-08,2023-04-09,1681023600,27947.7890625,28333.0507812,27993.9921875,57249,output/seed_runs/s5_full__seed23/epoch321-val-rmse527.3419.ckpt,a2f8b0f39411e199e73ee22a8ae3055d3fc4218fa9d670b31af93d2e190df291,672faa9fb7cb4499da17d6a3afbd65a9301f170f,output/seed_runs/s5_full__seed23/val_preds.csv
naive_persistence,Naive persistence,val,2023-04-08,2023-04-09,1681023600,27947.7890625,28333.0507812,27947.7890625,0,,,,derived: predicted_close=current_close
cmamba_v_reproduced,Reproduced CM-v,val,2023-04-09,2023-04-10,1681110000,28333.0507812,29652.9804688,28372.7148438,136952,output/seed_runs/cmamba_v__seed23/epoch949-val-rmse572.6860.ckpt,afb28215d656ea54421efb00e3c60ec9d8a818fff186c194be9a98b55dcecdf0,672faa9fb7cb4499da17d6a3afbd65a9301f170f,output/evaluation/forecast_predictions.csv
s5_full,CMamba-T / S5-Full,val,2023-04-09,2023-04-10,1681110000,28333.0507812,29652.9804688,28385.2265625,57249,output/seed_runs/s5_full__seed23/epoch321-val-rmse527.3419.ckpt,a2f8b0f39411e199e73ee22a8ae3055d3fc4218fa9d670b31af93d2e190df291,672faa9fb7cb4499da17d6a3afbd65a9301f170f,output/seed_runs/s5_full__seed23/val_preds.csv
naive_persistence,Naive persistence,val,2023-04-09,2023-04-10,1681110000,28333.0507812,29652.9804688,28333.0507812,0,,,,derived: predicted_close=current_close
cmamba_v_reproduced,Reproduced CM-v,val,2023-04-10,2023-04-11,1681196400,29652.9804688,30235.0605469,29340.4179688,136952,output/seed_runs/cmamba_v__seed23/epoch949-val-rmse572.6860.ckpt,afb28215d656ea54421efb00e3c60ec9d8a818fff186c194be9a98b55dcecdf0,672faa9fb7cb4499da17d6a3afbd65a9301f170f,output/evaluation/forecast_predictions.csv
s5_full,CMamba-T / S5-Full,val,2023-04-10,2023-04-11,1681196400,29652.9804688,30235.0605469,29721.8046875,57249,output/seed_runs/s5_full__seed23/epoch321-val-rmse527.3419.ckpt,a2f8b0f39411e199e73ee22a8ae3055d3fc4218fa9d670b31af93d2e190df291,672faa9fb7cb4499da17d6a3afbd65a9301f170f,output/seed_runs/s5_full__seed23/val_preds.csv
naive_persistence,Naive persistence,val,2023-04-10,2023-04-11,1681196400,29652.9804688,30235.0605469,29652.9804688,0,,,,derived: predicted_close=current_close
cmamba_v_reproduced,Reproduced CM-v,val,2023-04-11,2023-04-12,1681282800,30235.0605469,30139.0507812,30249.4980469,136952,output/seed_runs/cmamba_v__seed23/epoch949-val-rmse572.6860.ckpt,afb28215d656ea54421efb00e3c60ec9d8a818fff186c194be9a98b55dcecdf0,672faa9fb7cb4499da17d6a3afbd65a9301f170f,output/evaluation/forecast_predictions.csv
s5_full,CMamba-T / S5-Full,val,2023-04-11,2023-04-12,1681282800,30235.0605469,30139.0507812,30326.4433594,57249,output/seed_runs/s5_full__seed23/epoch321-val-rmse527.3419.ckpt,a2f8b0f39411e199e73ee22a8ae3055d3fc4218fa9d670b31af93d2e190df291,672faa9fb7cb4499da17d6a3afbd65a9301f170f,output/seed_runs/s5_full__seed23/val_preds.csv
naive_persistence,Naive persistence,val,2023-04-11,2023-04-12,1681282800,30235.0605469,30139.0507812,30235.0605469,0,,,,derived: predicted_close=current_close
cmamba_v_reproduced,Reproduced CM-v,val,2023-04-12,2023-04-13,1681369200,30139.0507812,30399.0703125,30163.2011719,136952,output/seed_runs/cmamba_v__seed23/epoch949-val-rmse572.6860.ckpt,afb28215d656ea54421efb00e3c60ec9d8a818fff186c194be9a98b55dcecdf0,672faa9fb7cb4499da17d6a3afbd65a9301f170f,output/evaluation/forecast_predictions.csv
s5_full,CMamba-T / S5-Full,val,2023-04-12,2023-04-13,1681369200,30139.0507812,30399.0703125,30216.3300781,57249,output/seed_runs/s5_full__seed23/epoch321-val-rmse527.3419.ckpt,a2f8b0f39411e199e73ee22a8ae3055d3fc4218fa9d670b31af93d2e190df291,672faa9fb7cb4499da17d6a3afbd65a9301f170f,output/seed_runs/s5_full__seed23/val_preds.csv
naive_persistence,Naive persistence,val,2023-04-12,2023-04-13,1681369200,30139.0507812,30399.0703125,30139.0507812,0,,,,derived: predicted_close=current_close
cmamba_v_reproduced,Reproduced CM-v,val,2023-04-13,2023-04-14,1681455600,30399.0703125,30485.6992188,30422.1972656,136952,output/seed_runs/cmamba_v__seed23/epoch949-val-rmse572.6860.ckpt,afb28215d656ea54421efb00e3c60ec9d8a818fff186c194be9a98b55dcecdf0,672faa9fb7cb4499da17d6a3afbd65a9301f170f,output/evaluation/forecast_predictions.csv
s5_full,CMamba-T / S5-Full,val,2023-04-13,2023-04-14,1681455600,30399.0703125,30485.6992188,30462.3828125,57249,output/seed_runs/s5_full__seed23/epoch321-val-rmse527.3419.ckpt,a2f8b0f39411e199e73ee22a8ae3055d3fc4218fa9d670b31af93d2e190df291,672faa9fb7cb4499da17d6a3afbd65a9301f170f,output/seed_runs/s5_full__seed23/val_preds.csv
naive_persistence,Naive persistence,val,2023-04-13,2023-04-14,1681455600,30399.0703125,30485.6992188,30399.0703125,0,,,,derived: predicted_close=current_close
cmamba_v_reproduced,Reproduced CM-v,val,2023-04-14,2023-04-15,1681542000,30485.6992188,30318.5,30695.9648438,136952,output/seed_runs/cmamba_v__seed23/epoch949-val-rmse572.6860.ckpt,afb28215d656ea54421efb00e3c60ec9d8a818fff186c194be9a98b55dcecdf0,672faa9fb7cb4499da17d6a3afbd65a9301f170f,output/evaluation/forecast_predictions.csv
s5_full,CMamba-T / S5-Full,val,2023-04-14,2023-04-15,1681542000,30485.6992188,30318.5,30545.1621094,57249,output/seed_runs/s5_full__seed23/epoch321-val-rmse527.3419.ckpt,a2f8b0f39411e199e73ee22a8ae3055d3fc4218fa9d670b31af93d2e190df291,672faa9fb7cb4499da17d6a3afbd65a9301f170f,output/seed_runs/s5_full__seed23/val_preds.csv
naive_persistence,Naive persistence,val,2023-04-14,2023-04-15,1681542000,30485.6992188,30318.5,30485.6992188,0,,,,derived: predicted_close=current_close
cmamba_v_reproduced,Reproduced CM-v,val,2023-04-15,2023-04-16,1681628400,30318.5,30315.359375,30393.6953125,136952,output/seed_runs/cmamba_v__seed23/epoch949-val-rmse572.6860.ckpt,afb28215d656ea54421efb00e3c60ec9d8a818fff186c194be9a98b55dcecdf0,672faa9fb7cb4499da17d6a3afbd65a9301f170f,output/evaluation/forecast_predictions.csv
s5_full,CMamba-T / S5-Full,val,2023-04-15,2023-04-16,1681628400,30318.5,30315.359375,30375.2285156,57249,output/seed_runs/s5_full__seed23/epoch321-val-rmse527.3419.ckpt,a2f8b0f39411e199e73ee22a8ae3055d3fc4218fa9d670b31af93d2e190df291,672faa9fb7cb4499da17d6a3afbd65a9301f170f,output/seed_runs/s5_full__seed23/val_preds.csv
naive_persistence,Naive persistence,val,2023-04-15,2023-04-16,1681628400,30318.5,30315.359375,30318.5,0,,,,derived: predicted_close=current_close
cmamba_v_reproduced,Reproduced CM-v,val,2023-04-16,2023-04-17,1681714800,30315.359375,29445.0390625,30418.3300781,136952,output/seed_runs/cmamba_v__seed23/epoch949-val-rmse572.6860.ckpt,afb28215d656ea54421efb00e3c60ec9d8a818fff186c194be9a98b55dcecdf0,672faa9fb7cb4499da17d6a3afbd65a9301f170f,output/evaluation/forecast_predictions.csv
s5_full,CMamba-T / S5-Full,val,2023-04-16,2023-04-17,1681714800,30315.359375,29445.0390625,30374.3925781,57249,output/seed_runs/s5_full__seed23/epoch321-val-rmse527.3419.ckpt,a2f8b0f39411e199e73ee22a8ae3055d3fc4218fa9d670b31af93d2e190df291,672faa9fb7cb4499da17d6a3afbd65a9301f170f,output/seed_runs/s5_full__seed23/val_preds.csv
naive_persistence,Naive persistence,val,2023-04-16,2023-04-17,1681714800,30315.359375,29445.0390625,30315.359375,0,,,,derived: predicted_close=current_close
cmamba_v_reproduced,Reproduced CM-v,val,2023-04-17,2023-04-18,1681801200,29445.0390625,30397.5507812,29660.2871094,136952,output/seed_runs/cmamba_v__seed23/epoch949-val-rmse572.6860.ckpt,afb28215d656ea54421efb00e3c60ec9d8a818fff186c194be9a98b55dcecdf0,672faa9fb7cb4499da17d6a3afbd65a9301f170f,output/evaluation/forecast_predictions.csv
s5_full,CMamba-T / S5-Full,val,2023-04-17,2023-04-18,1681801200,29445.0390625,30397.5507812,29502.5703125,57249,output/seed_runs/s5_full__seed23/epoch321-val-rmse527.3419.ckpt,a2f8b0f39411e199e73ee22a8ae3055d3fc4218fa9d670b31af93d2e190df291,672faa9fb7cb4499da17d6a3afbd65a9301f170f,output/seed_runs/s5_full__seed23/val_preds.csv
naive_persistence,Naive persistence,val,2023-04-17,2023-04-18,1681801200,29445.0390625,30397.5507812,29445.0390625,0,,,,derived: predicted_close=current_close
cmamba_v_reproduced,Reproduced CM-v,val,2023-04-18,2023-04-19,1681887600,30397.5507812,28822.6796875,30011.5585938,136952,output/seed_runs/cmamba_v__seed23/epoch949-val-rmse572.6860.ckpt,afb28215d656ea54421efb00e3c60ec9d8a818fff186c194be9a98b55dcecdf0,672faa9fb7cb4499da17d6a3afbd65a9301f170f,output/evaluation/forecast_predictions.csv
s5_full,CMamba-T / S5-Full,val,2023-04-18,2023-04-19,1681887600,30397.5507812,28822.6796875,30468.234375,57249,output/seed_runs/s5_full__seed23/epoch321-val-rmse527.3419.ckpt,a2f8b0f39411e199e73ee22a8ae3055d3fc4218fa9d670b31af93d2e190df291,672faa9fb7cb4499da17d6a3afbd65a9301f170f,output/seed_runs/s5_full__seed23/val_preds.csv
naive_persistence,Naive persistence,val,2023-04-18,2023-04-19,1681887600,30397.5507812,28822.6796875,30397.5507812,0,,,,derived: predicted_close=current_close
cmamba_v_reproduced,Reproduced CM-v,val,2023-04-19,2023-04-20,1681974000,28822.6796875,28245.9902344,29723.9589844,136952,output/seed_runs/cmamba_v__seed23/epoch949-val-rmse572.6860.ckpt,afb28215d656ea54421efb00e3c60ec9d8a818fff186c194be9a98b55dcecdf0,672faa9fb7cb4499da17d6a3afbd65a9301f170f,output/evaluation/forecast_predictions.csv
s5_full,CMamba-T / S5-Full,val,2023-04-19,2023-04-20,1681974000,28822.6796875,28245.9902344,28881.3417969,57249,output/seed_runs/s5_full__seed23/epoch321-val-rmse527.3419.ckpt,a2f8b0f39411e199e73ee22a8ae3055d3fc4218fa9d670b31af93d2e190df291,672faa9fb7cb4499da17d6a3afbd65a9301f170f,output/seed_runs/s5_full__seed23/val_preds.csv
naive_persistence,Naive persistence,val,2023-04-19,2023-04-20,1681974000,28822.6796875,28245.9902344,28822.6796875,0,,,,derived: predicted_close=current_close
cmamba_v_reproduced,Reproduced CM-v,val,2023-04-20,2023-04-21,1682060400,28245.9902344,27276.9101562,28138.734375,136952,output/seed_runs/cmamba_v__seed23/epoch949-val-rmse572.6860.ckpt,afb28215d656ea54421efb00e3c60ec9d8a818fff186c194be9a98b55dcecdf0,672faa9fb7cb4499da17d6a3afbd65a9301f170f,output/evaluation/forecast_predictions.csv
s5_full,CMamba-T / S5-Full,val,2023-04-20,2023-04-21,1682060400,28245.9902344,27276.9101562,28297.6289062,57249,output/seed_runs/s5_full__seed23/epoch321-val-rmse527.3419.ckpt,a2f8b0f39411e199e73ee22a8ae3055d3fc4218fa9d670b31af93d2e190df291,672faa9fb7cb4499da17d6a3afbd65a9301f170f,output/seed_runs/s5_full__seed23/val_preds.csv
naive_persistence,Naive persistence,val,2023-04-20,2023-04-21,1682060400,28245.9902344,27276.9101562,28245.9902344,0,,,,derived: predicted_close=current_close
cmamba_v_reproduced,Reproduced CM-v,val,2023-04-21,2023-04-22,1682146800,27276.9101562,27817.5,27626.8378906,136952,output/seed_runs/cmamba_v__seed23/epoch949-val-rmse572.6860.ckpt,afb28215d656ea54421efb00e3c60ec9d8a818fff186c194be9a98b55dcecdf0,672faa9fb7cb4499da17d6a3afbd65a9301f170f,output/evaluation/forecast_predictions.csv
s5_full,CMamba-T / S5-Full,val,2023-04-21,2023-04-22,1682146800,27276.9101562,27817.5,27312.4628906,57249,output/seed_runs/s5_full__seed23/epoch321-val-rmse527.3419.ckpt,a2f8b0f39411e199e73ee22a8ae3055d3fc4218fa9d670b31af93d2e190df291,672faa9fb7cb4499da17d6a3afbd65a9301f170f,output/seed_runs/s5_full__seed23/val_preds.csv
naive_persistence,Naive persistence,val,2023-04-21,2023-04-22,1682146800,27276.9101562,27817.5,27276.9101562,0,,,,derived: predicted_close=current_close
cmamba_v_reproduced,Reproduced CM-v,val,2023-04-22,2023-04-23,1682233200,27817.5,27591.3808594,27575.2890625,136952,output/seed_runs/cmamba_v__seed23/epoch949-val-rmse572.6860.ckpt,afb28215d656ea54421efb00e3c60ec9d8a818fff186c194be9a98b55dcecdf0,672faa9fb7cb4499da17d6a3afbd65a9301f170f,output/evaluation/forecast_predictions.csv
s5_full,CMamba-T / S5-Full,val,2023-04-22,2023-04-23,1682233200,27817.5,27591.3808594,27832.6875,57249,output/seed_runs/s5_full__seed23/epoch321-val-rmse527.3419.ckpt,a2f8b0f39411e199e73ee22a8ae3055d3fc4218fa9d670b31af93d2e190df291,672faa9fb7cb4499da17d6a3afbd65a9301f170f,output/seed_runs/s5_full__seed23/val_preds.csv
naive_persistence,Naive persistence,val,2023-04-22,2023-04-23,1682233200,27817.5,27591.3808594,27817.5,0,,,,derived: predicted_close=current_close
cmamba_v_reproduced,Reproduced CM-v,val,2023-04-23,2023-04-24,1682319600,27591.3808594,27525.3398438,27668.2753906,136952,output/seed_runs/cmamba_v__seed23/epoch949-val-rmse572.6860.ckpt,afb28215d656ea54421efb00e3c60ec9d8a818fff186c194be9a98b55dcecdf0,672faa9fb7cb4499da17d6a3afbd65a9301f170f,output/evaluation/forecast_predictions.csv
s5_full,CMamba-T / S5-Full,val,2023-04-23,2023-04-24,1682319600,27591.3808594,27525.3398438,27614.5332031,57249,output/seed_runs/s5_full__seed23/epoch321-val-rmse527.3419.ckpt,a2f8b0f39411e199e73ee22a8ae3055d3fc4218fa9d670b31af93d2e190df291,672faa9fb7cb4499da17d6a3afbd65a9301f170f,output/seed_runs/s5_full__seed23/val_preds.csv
naive_persistence,Naive persistence,val,2023-04-23,2023-04-24,1682319600,27591.3808594,27525.3398438,27591.3808594,0,,,,derived: predicted_close=current_close
cmamba_v_reproduced,Reproduced CM-v,val,2023-04-24,2023-04-25,1682406000,27525.3398438,28307.5996094,27533.0175781,136952,output/seed_runs/cmamba_v__seed23/epoch949-val-rmse572.6860.ckpt,afb28215d656ea54421efb00e3c60ec9d8a818fff186c194be9a98b55dcecdf0,672faa9fb7cb4499da17d6a3afbd65a9301f170f,output/evaluation/forecast_predictions.csv
s5_full,CMamba-T / S5-Full,val,2023-04-24,2023-04-25,1682406000,27525.3398438,28307.5996094,27580.3242188,57249,output/seed_runs/s5_full__seed23/epoch321-val-rmse527.3419.ckpt,a2f8b0f39411e199e73ee22a8ae3055d3fc4218fa9d670b31af93d2e190df291,672faa9fb7cb4499da17d6a3afbd65a9301f170f,output/seed_runs/s5_full__seed23/val_preds.csv
naive_persistence,Naive persistence,val,2023-04-24,2023-04-25,1682406000,27525.3398438,28307.5996094,27525.3398438,0,,,,derived: predicted_close=current_close
cmamba_v_reproduced,Reproduced CM-v,val,2023-04-25,2023-04-26,1682492400,28307.5996094,28422.6992188,27877.7441406,136952,output/seed_runs/cmamba_v__seed23/epoch949-val-rmse572.6860.ckpt,afb28215d656ea54421efb00e3c60ec9d8a818fff186c194be9a98b55dcecdf0,672faa9fb7cb4499da17d6a3afbd65a9301f170f,output/evaluation/forecast_predictions.csv
s5_full,CMamba-T / S5-Full,val,2023-04-25,2023-04-26,1682492400,28307.5996094,28422.6992188,28377.3300781,57249,output/seed_runs/s5_full__seed23/epoch321-val-rmse527.3419.ckpt,a2f8b0f39411e199e73ee22a8ae3055d3fc4218fa9d670b31af93d2e190df291,672faa9fb7cb4499da17d6a3afbd65a9301f170f,output/seed_runs/s5_full__seed23/val_preds.csv
naive_persistence,Naive persistence,val,2023-04-25,2023-04-26,1682492400,28307.5996094,28422.6992188,28307.5996094,0,,,,derived: predicted_close=current_close
cmamba_v_reproduced,Reproduced CM-v,val,2023-04-26,2023-04-27,1682578800,28422.6992188,29473.7890625,28854.6933594,136952,output/seed_runs/cmamba_v__seed23/epoch949-val-rmse572.6860.ckpt,afb28215d656ea54421efb00e3c60ec9d8a818fff186c194be9a98b55dcecdf0,672faa9fb7cb4499da17d6a3afbd65a9301f170f,output/evaluation/forecast_predictions.csv
s5_full,CMamba-T / S5-Full,val,2023-04-26,2023-04-27,1682578800,28422.6992188,29473.7890625,28495.5253906,57249,output/seed_runs/s5_full__seed23/epoch321-val-rmse527.3419.ckpt,a2f8b0f39411e199e73ee22a8ae3055d3fc4218fa9d670b31af93d2e190df291,672faa9fb7cb4499da17d6a3afbd65a9301f170f,output/seed_runs/s5_full__seed23/val_preds.csv
naive_persistence,Naive persistence,val,2023-04-26,2023-04-27,1682578800,28422.6992188,29473.7890625,28422.6992188,0,,,,derived: predicted_close=current_close
cmamba_v_reproduced,Reproduced CM-v,val,2023-04-27,2023-04-28,1682665200,29473.7890625,29340.2597656,29287.4277344,136952,output/seed_runs/cmamba_v__seed23/epoch949-val-rmse572.6860.ckpt,afb28215d656ea54421efb00e3c60ec9d8a818fff186c194be9a98b55dcecdf0,672faa9fb7cb4499da17d6a3afbd65a9301f170f,output/evaluation/forecast_predictions.csv
s5_full,CMamba-T / S5-Full,val,2023-04-27,2023-04-28,1682665200,29473.7890625,29340.2597656,29545.7675781,57249,output/seed_runs/s5_full__seed23/epoch321-val-rmse527.3419.ckpt,a2f8b0f39411e199e73ee22a8ae3055d3fc4218fa9d670b31af93d2e190df291,672faa9fb7cb4499da17d6a3afbd65a9301f170f,output/seed_runs/s5_full__seed23/val_preds.csv
naive_persistence,Naive persistence,val,2023-04-27,2023-04-28,1682665200,29473.7890625,29340.2597656,29473.7890625,0,,,,derived: predicted_close=current_close
cmamba_v_reproduced,Reproduced CM-v,val,2023-04-28,2023-04-29,1682751600,29340.2597656,29248.4902344,29379.578125,136952,output/seed_runs/cmamba_v__seed23/epoch949-val-rmse572.6860.ckpt,afb28215d656ea54421efb00e3c60ec9d8a818fff186c194be9a98b55dcecdf0,672faa9fb7cb4499da17d6a3afbd65a9301f170f,output/evaluation/forecast_predictions.csv
s5_full,CMamba-T / S5-Full,val,2023-04-28,2023-04-29,1682751600,29340.2597656,29248.4902344,29402.6503906,57249,output/seed_runs/s5_full__seed23/epoch321-val-rmse527.3419.ckpt,a2f8b0f39411e199e73ee22a8ae3055d3fc4218fa9d670b31af93d2e190df291,672faa9fb7cb4499da17d6a3afbd65a9301f170f,output/seed_runs/s5_full__seed23/val_preds.csv
naive_persistence,Naive persistence,val,2023-04-28,2023-04-29,1682751600,29340.2597656,29248.4902344,29340.2597656,0,,,,derived: predicted_close=current_close
cmamba_v_reproduced,Reproduced CM-v,val,2023-04-29,2023-04-30,1682838000,29248.4902344,29268.8105469,29231.2539062,136952,output/seed_runs/cmamba_v__seed23/epoch949-val-rmse572.6860.ckpt,afb28215d656ea54421efb00e3c60ec9d8a818fff186c194be9a98b55dcecdf0,672faa9fb7cb4499da17d6a3afbd65a9301f170f,output/evaluation/forecast_predictions.csv
s5_full,CMamba-T / S5-Full,val,2023-04-29,2023-04-30,1682838000,29248.4902344,29268.8105469,29297.7949219,57249,output/seed_runs/s5_full__seed23/epoch321-val-rmse527.3419.ckpt,a2f8b0f39411e199e73ee22a8ae3055d3fc4218fa9d670b31af93d2e190df291,672faa9fb7cb4499da17d6a3afbd65a9301f170f,output/seed_runs/s5_full__seed23/val_preds.csv
naive_persistence,Naive persistence,val,2023-04-29,2023-04-30,1682838000,29248.4902344,29268.8105469,29248.4902344,0,,,,derived: predicted_close=current_close
cmamba_v_reproduced,Reproduced CM-v,val,2023-04-30,2023-05-01,1682924400,29268.8105469,28091.5703125,29531.5449219,136952,output/seed_runs/cmamba_v__seed23/epoch949-val-rmse572.6860.ckpt,afb28215d656ea54421efb00e3c60ec9d8a818fff186c194be9a98b55dcecdf0,672faa9fb7cb4499da17d6a3afbd65a9301f170f,output/evaluation/forecast_predictions.csv
s5_full,CMamba-T / S5-Full,val,2023-04-30,2023-05-01,1682924400,29268.8105469,28091.5703125,29323.4160156,57249,output/seed_runs/s5_full__seed23/epoch321-val-rmse527.3419.ckpt,a2f8b0f39411e199e73ee22a8ae3055d3fc4218fa9d670b31af93d2e190df291,672faa9fb7cb4499da17d6a3afbd65a9301f170f,output/seed_runs/s5_full__seed23/val_preds.csv
naive_persistence,Naive persistence,val,2023-04-30,2023-05-01,1682924400,29268.8105469,28091.5703125,29268.8105469,0,,,,derived: predicted_close=current_close
cmamba_v_reproduced,Reproduced CM-v,val,2023-05-01,2023-05-02,1683010800,28091.5703125,28680.5390625,28419.4355469,136952,output/seed_runs/cmamba_v__seed23/epoch949-val-rmse572.6860.ckpt,afb28215d656ea54421efb00e3c60ec9d8a818fff186c194be9a98b55dcecdf0,672faa9fb7cb4499da17d6a3afbd65a9301f170f,output/evaluation/forecast_predictions.csv
s5_full,CMamba-T / S5-Full,val,2023-05-01,2023-05-02,1683010800,28091.5703125,28680.5390625,28163.6621094,57249,output/seed_runs/s5_full__seed23/epoch321-val-rmse527.3419.ckpt,a2f8b0f39411e199e73ee22a8ae3055d3fc4218fa9d670b31af93d2e190df291,672faa9fb7cb4499da17d6a3afbd65a9301f170f,output/seed_runs/s5_full__seed23/val_preds.csv
naive_persistence,Naive persistence,val,2023-05-01,2023-05-02,1683010800,28091.5703125,28680.5390625,28091.5703125,0,,,,derived: predicted_close=current_close
cmamba_v_reproduced,Reproduced CM-v,val,2023-05-02,2023-05-03,1683097200,28680.5390625,29006.3105469,28417.6640625,136952,output/seed_runs/cmamba_v__seed23/epoch949-val-rmse572.6860.ckpt,afb28215d656ea54421efb00e3c60ec9d8a818fff186c194be9a98b55dcecdf0,672faa9fb7cb4499da17d6a3afbd65a9301f170f,output/evaluation/forecast_predictions.csv
s5_full,CMamba-T / S5-Full,val,2023-05-02,2023-05-03,1683097200,28680.5390625,29006.3105469,28785.59375,57249,output/seed_runs/s5_full__seed23/epoch321-val-rmse527.3419.ckpt,a2f8b0f39411e199e73ee22a8ae3055d3fc4218fa9d670b31af93d2e190df291,672faa9fb7cb4499da17d6a3afbd65a9301f170f,output/seed_runs/s5_full__seed23/val_preds.csv
naive_persistence,Naive persistence,val,2023-05-02,2023-05-03,1683097200,28680.5390625,29006.3105469,28680.5390625,0,,,,derived: predicted_close=current_close
cmamba_v_reproduced,Reproduced CM-v,val,2023-05-03,2023-05-04,1683183600,29006.3105469,28847.7109375,29009.2285156,136952,output/seed_runs/cmamba_v__seed23/epoch949-val-rmse572.6860.ckpt,afb28215d656ea54421efb00e3c60ec9d8a818fff186c194be9a98b55dcecdf0,672faa9fb7cb4499da17d6a3afbd65a9301f170f,output/evaluation/forecast_predictions.csv
s5_full,CMamba-T / S5-Full,val,2023-05-03,2023-05-04,1683183600,29006.3105469,28847.7109375,29087.40625,57249,output/seed_runs/s5_full__seed23/epoch321-val-rmse527.3419.ckpt,a2f8b0f39411e199e73ee22a8ae3055d3fc4218fa9d670b31af93d2e190df291,672faa9fb7cb4499da17d6a3afbd65a9301f170f,output/seed_runs/s5_full__seed23/val_preds.csv
naive_persistence,Naive persistence,val,2023-05-03,2023-05-04,1683183600,29006.3105469,28847.7109375,29006.3105469,0,,,,derived: predicted_close=current_close
cmamba_v_reproduced,Reproduced CM-v,val,2023-05-04,2023-05-05,1683270000,28847.7109375,29534.3808594,29028.0078125,136952,output/seed_runs/cmamba_v__seed23/epoch949-val-rmse572.6860.ckpt,afb28215d656ea54421efb00e3c60ec9d8a818fff186c194be9a98b55dcecdf0,672faa9fb7cb4499da17d6a3afbd65a9301f170f,output/evaluation/forecast_predictions.csv
s5_full,CMamba-T / S5-Full,val,2023-05-04,2023-05-05,1683270000,28847.7109375,29534.3808594,28895.7148438,57249,output/seed_runs/s5_full__seed23/epoch321-val-rmse527.3419.ckpt,a2f8b0f39411e199e73ee22a8ae3055d3fc4218fa9d670b31af93d2e190df291,672faa9fb7cb4499da17d6a3afbd65a9301f170f,output/seed_runs/s5_full__seed23/val_preds.csv
naive_persistence,Naive persistence,val,2023-05-04,2023-05-05,1683270000,28847.7109375,29534.3808594,28847.7109375,0,,,,derived: predicted_close=current_close
cmamba_v_reproduced,Reproduced CM-v,val,2023-05-05,2023-05-06,1683356400,29534.3808594,28904.6191406,29453.9785156,136952,output/seed_runs/cmamba_v__seed23/epoch949-val-rmse572.6860.ckpt,afb28215d656ea54421efb00e3c60ec9d8a818fff186c194be9a98b55dcecdf0,672faa9fb7cb4499da17d6a3afbd65a9301f170f,output/evaluation/forecast_predictions.csv
s5_full,CMamba-T / S5-Full,val,2023-05-05,2023-05-06,1683356400,29534.3808594,28904.6191406,29589.0761719,57249,output/seed_runs/s5_full__seed23/epoch321-val-rmse527.3419.ckpt,a2f8b0f39411e199e73ee22a8ae3055d3fc4218fa9d670b31af93d2e190df291,672faa9fb7cb4499da17d6a3afbd65a9301f170f,output/seed_runs/s5_full__seed23/val_preds.csv
naive_persistence,Naive persistence,val,2023-05-05,2023-05-06,1683356400,29534.3808594,28904.6191406,29534.3808594,0,,,,derived: predicted_close=current_close
cmamba_v_reproduced,Reproduced CM-v,val,2023-05-06,2023-05-07,1683442800,28904.6191406,28454.9804688,29236.1132812,136952,output/seed_runs/cmamba_v__seed23/epoch949-val-rmse572.6860.ckpt,afb28215d656ea54421efb00e3c60ec9d8a818fff186c194be9a98b55dcecdf0,672faa9fb7cb4499da17d6a3afbd65a9301f170f,output/evaluation/forecast_predictions.csv
s5_full,CMamba-T / S5-Full,val,2023-05-06,2023-05-07,1683442800,28904.6191406,28454.9804688,28951.6523438,57249,output/seed_runs/s5_full__seed23/epoch321-val-rmse527.3419.ckpt,a2f8b0f39411e199e73ee22a8ae3055d3fc4218fa9d670b31af93d2e190df291,672faa9fb7cb4499da17d6a3afbd65a9301f170f,output/seed_runs/s5_full__seed23/val_preds.csv
naive_persistence,Naive persistence,val,2023-05-06,2023-05-07,1683442800,28904.6191406,28454.9804688,28904.6191406,0,,,,derived: predicted_close=current_close
cmamba_v_reproduced,Reproduced CM-v,val,2023-05-07,2023-05-08,1683529200,28454.9804688,27694.2695312,28584.5078125,136952,output/seed_runs/cmamba_v__seed23/epoch949-val-rmse572.6860.ckpt,afb28215d656ea54421efb00e3c60ec9d8a818fff186c194be9a98b55dcecdf0,672faa9fb7cb4499da17d6a3afbd65a9301f170f,output/evaluation/forecast_predictions.csv
s5_full,CMamba-T / S5-Full,val,2023-05-07,2023-05-08,1683529200,28454.9804688,27694.2695312,28485.7949219,57249,output/seed_runs/s5_full__seed23/epoch321-val-rmse527.3419.ckpt,a2f8b0f39411e199e73ee22a8ae3055d3fc4218fa9d670b31af93d2e190df291,672faa9fb7cb4499da17d6a3afbd65a9301f170f,output/seed_runs/s5_full__seed23/val_preds.csv
naive_persistence,Naive persistence,val,2023-05-07,2023-05-08,1683529200,28454.9804688,27694.2695312,28454.9804688,0,,,,derived: predicted_close=current_close
cmamba_v_reproduced,Reproduced CM-v,val,2023-05-08,2023-05-09,1683615600,27694.2695312,27658.7792969,28055.8671875,136952,output/seed_runs/cmamba_v__seed23/epoch949-val-rmse572.6860.ckpt,afb28215d656ea54421efb00e3c60ec9d8a818fff186c194be9a98b55dcecdf0,672faa9fb7cb4499da17d6a3afbd65a9301f170f,output/evaluation/forecast_predictions.csv
s5_full,CMamba-T / S5-Full,val,2023-05-08,2023-05-09,1683615600,27694.2695312,27658.7792969,27719.0097656,57249,output/seed_runs/s5_full__seed23/epoch321-val-rmse527.3419.ckpt,a2f8b0f39411e199e73ee22a8ae3055d3fc4218fa9d670b31af93d2e190df291,672faa9fb7cb4499da17d6a3afbd65a9301f170f,output/seed_runs/s5_full__seed23/val_preds.csv
naive_persistence,Naive persistence,val,2023-05-08,2023-05-09,1683615600,27694.2695312,27658.7792969,27694.2695312,0,,,,derived: predicted_close=current_close
cmamba_v_reproduced,Reproduced CM-v,val,2023-05-09,2023-05-10,1683702000,27658.7792969,27621.7597656,27435.7910156,136952,output/seed_runs/cmamba_v__seed23/epoch949-val-rmse572.6860.ckpt,afb28215d656ea54421efb00e3c60ec9d8a818fff186c194be9a98b55dcecdf0,672faa9fb7cb4499da17d6a3afbd65a9301f170f,output/evaluation/forecast_predictions.csv
s5_full,CMamba-T / S5-Full,val,2023-05-09,2023-05-10,1683702000,27658.7792969,27621.7597656,27663.6230469,57249,output/seed_runs/s5_full__seed23/epoch321-val-rmse527.3419.ckpt,a2f8b0f39411e199e73ee22a8ae3055d3fc4218fa9d670b31af93d2e190df291,672faa9fb7cb4499da17d6a3afbd65a9301f170f,output/seed_runs/s5_full__seed23/val_preds.csv
naive_persistence,Naive persistence,val,2023-05-09,2023-05-10,1683702000,27658.7792969,27621.7597656,27658.7792969,0,,,,derived: predicted_close=current_close
cmamba_v_reproduced,Reproduced CM-v,val,2023-05-10,2023-05-11,1683788400,27621.7597656,27000.7890625,27602.5019531,136952,output/seed_runs/cmamba_v__seed23/epoch949-val-rmse572.6860.ckpt,afb28215d656ea54421efb00e3c60ec9d8a818fff186c194be9a98b55dcecdf0,672faa9fb7cb4499da17d6a3afbd65a9301f170f,output/evaluation/forecast_predictions.csv
s5_full,CMamba-T / S5-Full,val,2023-05-10,2023-05-11,1683788400,27621.7597656,27000.7890625,27632.9707031,57249,output/seed_runs/s5_full__seed23/epoch321-val-rmse527.3419.ckpt,a2f8b0f39411e199e73ee22a8ae3055d3fc4218fa9d670b31af93d2e190df291,672faa9fb7cb4499da17d6a3afbd65a9301f170f,output/seed_runs/s5_full__seed23/val_preds.csv
naive_persistence,Naive persistence,val,2023-05-10,2023-05-11,1683788400,27621.7597656,27000.7890625,27621.7597656,0,,,,derived: predicted_close=current_close
cmamba_v_reproduced,Reproduced CM-v,val,2023-05-11,2023-05-12,1683874800,27000.7890625,26804.9902344,27192.6523438,136952,output/seed_runs/cmamba_v__seed23/epoch949-val-rmse572.6860.ckpt,afb28215d656ea54421efb00e3c60ec9d8a818fff186c194be9a98b55dcecdf0,672faa9fb7cb4499da17d6a3afbd65a9301f170f,output/evaluation/forecast_predictions.csv
s5_full,CMamba-T / S5-Full,val,2023-05-11,2023-05-12,1683874800,27000.7890625,26804.9902344,26997.3828125,57249,output/seed_runs/s5_full__seed23/epoch321-val-rmse527.3419.ckpt,a2f8b0f39411e199e73ee22a8ae3055d3fc4218fa9d670b31af93d2e190df291,672faa9fb7cb4499da17d6a3afbd65a9301f170f,output/seed_runs/s5_full__seed23/val_preds.csv
naive_persistence,Naive persistence,val,2023-05-11,2023-05-12,1683874800,27000.7890625,26804.9902344,27000.7890625,0,,,,derived: predicted_close=current_close
cmamba_v_reproduced,Reproduced CM-v,val,2023-05-12,2023-05-13,1683961200,26804.9902344,26784.0800781,26529.5664062,136952,output/seed_runs/cmamba_v__seed23/epoch949-val-rmse572.6860.ckpt,afb28215d656ea54421efb00e3c60ec9d8a818fff186c194be9a98b55dcecdf0,672faa9fb7cb4499da17d6a3afbd65a9301f170f,output/evaluation/forecast_predictions.csv
s5_full,CMamba-T / S5-Full,val,2023-05-12,2023-05-13,1683961200,26804.9902344,26784.0800781,26805.9960938,57249,output/seed_runs/s5_full__seed23/epoch321-val-rmse527.3419.ckpt,a2f8b0f39411e199e73ee22a8ae3055d3fc4218fa9d670b31af93d2e190df291,672faa9fb7cb4499da17d6a3afbd65a9301f170f,output/seed_runs/s5_full__seed23/val_preds.csv
naive_persistence,Naive persistence,val,2023-05-12,2023-05-13,1683961200,26804.9902344,26784.0800781,26804.9902344,0,,,,derived: predicted_close=current_close
cmamba_v_reproduced,Reproduced CM-v,val,2023-05-13,2023-05-14,1684047600,26784.0800781,26930.640625,27054.9355469,136952,output/seed_runs/cmamba_v__seed23/epoch949-val-rmse572.6860.ckpt,afb28215d656ea54421efb00e3c60ec9d8a818fff186c194be9a98b55dcecdf0,672faa9fb7cb4499da17d6a3afbd65a9301f170f,output/evaluation/forecast_predictions.csv
s5_full,CMamba-T / S5-Full,val,2023-05-13,2023-05-14,1684047600,26784.0800781,26930.640625,26716.6796875,57249,output/seed_runs/s5_full__seed23/epoch321-val-rmse527.3419.ckpt,a2f8b0f39411e199e73ee22a8ae3055d3fc4218fa9d670b31af93d2e190df291,672faa9fb7cb4499da17d6a3afbd65a9301f170f,output/seed_runs/s5_full__seed23/val_preds.csv
naive_persistence,Naive persistence,val,2023-05-13,2023-05-14,1684047600,26784.0800781,26930.640625,26784.0800781,0,,,,derived: predicted_close=current_close
cmamba_v_reproduced,Reproduced CM-v,val,2023-05-14,2023-05-15,1684134000,26930.640625,27192.6894531,26908.1875,136952,output/seed_runs/cmamba_v__seed23/epoch949-val-rmse572.6860.ckpt,afb28215d656ea54421efb00e3c60ec9d8a818fff186c194be9a98b55dcecdf0,672faa9fb7cb4499da17d6a3afbd65a9301f170f,output/evaluation/forecast_predictions.csv
s5_full,CMamba-T / S5-Full,val,2023-05-14,2023-05-15,1684134000,26930.640625,27192.6894531,26864.125,57249,output/seed_runs/s5_full__seed23/epoch321-val-rmse527.3419.ckpt,a2f8b0f39411e199e73ee22a8ae3055d3fc4218fa9d670b31af93d2e190df291,672faa9fb7cb4499da17d6a3afbd65a9301f170f,output/seed_runs/s5_full__seed23/val_preds.csv
naive_persistence,Naive persistence,val,2023-05-14,2023-05-15,1684134000,26930.640625,27192.6894531,26930.640625,0,,,,derived: predicted_close=current_close
cmamba_v_reproduced,Reproduced CM-v,val,2023-05-15,2023-05-16,1684220400,27192.6894531,27036.6503906,27245.4335938,136952,output/seed_runs/cmamba_v__seed23/epoch949-val-rmse572.6860.ckpt,afb28215d656ea54421efb00e3c60ec9d8a818fff186c194be9a98b55dcecdf0,672faa9fb7cb4499da17d6a3afbd65a9301f170f,output/evaluation/forecast_predictions.csv
s5_full,CMamba-T / S5-Full,val,2023-05-15,2023-05-16,1684220400,27192.6894531,27036.6503906,27163.5664062,57249,output/seed_runs/s5_full__seed23/epoch321-val-rmse527.3419.ckpt,a2f8b0f39411e199e73ee22a8ae3055d3fc4218fa9d670b31af93d2e190df291,672faa9fb7cb4499da17d6a3afbd65a9301f170f,output/seed_runs/s5_full__seed23/val_preds.csv
naive_persistence,Naive persistence,val,2023-05-15,2023-05-16,1684220400,27192.6894531,27036.6503906,27192.6894531,0,,,,derived: predicted_close=current_close
cmamba_v_reproduced,Reproduced CM-v,val,2023-05-16,2023-05-17,1684306800,27036.6503906,27398.8007812,27039.4238281,136952,output/seed_runs/cmamba_v__seed23/epoch949-val-rmse572.6860.ckpt,afb28215d656ea54421efb00e3c60ec9d8a818fff186c194be9a98b55dcecdf0,672faa9fb7cb4499da17d6a3afbd65a9301f170f,output/evaluation/forecast_predictions.csv
s5_full,CMamba-T / S5-Full,val,2023-05-16,2023-05-17,1684306800,27036.6503906,27398.8007812,27020.34375,57249,output/seed_runs/s5_full__seed23/epoch321-val-rmse527.3419.ckpt,a2f8b0f39411e199e73ee22a8ae3055d3fc4218fa9d670b31af93d2e190df291,672faa9fb7cb4499da17d6a3afbd65a9301f170f,output/seed_runs/s5_full__seed23/val_preds.csv
naive_persistence,Naive persistence,val,2023-05-16,2023-05-17,1684306800,27036.6503906,27398.8007812,27036.6503906,0,,,,derived: predicted_close=current_close
cmamba_v_reproduced,Reproduced CM-v,val,2023-05-17,2023-05-18,1684393200,27398.8007812,26832.2109375,27105.3066406,136952,output/seed_runs/cmamba_v__seed23/epoch949-val-rmse572.6860.ckpt,afb28215d656ea54421efb00e3c60ec9d8a818fff186c194be9a98b55dcecdf0,672faa9fb7cb4499da17d6a3afbd65a9301f170f,output/evaluation/forecast_predictions.csv
s5_full,CMamba-T / S5-Full,val,2023-05-17,2023-05-18,1684393200,27398.8007812,26832.2109375,27383.8203125,57249,output/seed_runs/s5_full__seed23/epoch321-val-rmse527.3419.ckpt,a2f8b0f39411e199e73ee22a8ae3055d3fc4218fa9d670b31af93d2e190df291,672faa9fb7cb4499da17d6a3afbd65a9301f170f,output/seed_runs/s5_full__seed23/val_preds.csv
naive_persistence,Naive persistence,val,2023-05-17,2023-05-18,1684393200,27398.8007812,26832.2109375,27398.8007812,0,,,,derived: predicted_close=current_close
cmamba_v_reproduced,Reproduced CM-v,val,2023-05-18,2023-05-19,1684479600,26832.2109375,26890.1308594,27179.4355469,136952,output/seed_runs/cmamba_v__seed23/epoch949-val-rmse572.6860.ckpt,afb28215d656ea54421efb00e3c60ec9d8a818fff186c194be9a98b55dcecdf0,672faa9fb7cb4499da17d6a3afbd65a9301f170f,output/evaluation/forecast_predictions.csv
s5_full,CMamba-T / S5-Full,val,2023-05-18,2023-05-19,1684479600,26832.2109375,26890.1308594,26791.8222656,57249,output/seed_runs/s5_full__seed23/epoch321-val-rmse527.3419.ckpt,a2f8b0f39411e199e73ee22a8ae3055d3fc4218fa9d670b31af93d2e190df291,672faa9fb7cb4499da17d6a3afbd65a9301f170f,output/seed_runs/s5_full__seed23/val_preds.csv
naive_persistence,Naive persistence,val,2023-05-18,2023-05-19,1684479600,26832.2109375,26890.1308594,26832.2109375,0,,,,derived: predicted_close=current_close
cmamba_v_reproduced,Reproduced CM-v,val,2023-05-19,2023-05-20,1684566000,26890.1308594,27129.5898438,26880.7070312,136952,output/seed_runs/cmamba_v__seed23/epoch949-val-rmse572.6860.ckpt,afb28215d656ea54421efb00e3c60ec9d8a818fff186c194be9a98b55dcecdf0,672faa9fb7cb4499da17d6a3afbd65a9301f170f,output/evaluation/forecast_predictions.csv
s5_full,CMamba-T / S5-Full,val,2023-05-19,2023-05-20,1684566000,26890.1308594,27129.5898438,26838.1933594,57249,output/seed_runs/s5_full__seed23/epoch321-val-rmse527.3419.ckpt,a2f8b0f39411e199e73ee22a8ae3055d3fc4218fa9d670b31af93d2e190df291,672faa9fb7cb4499da17d6a3afbd65a9301f170f,output/seed_runs/s5_full__seed23/val_preds.csv
naive_persistence,Naive persistence,val,2023-05-19,2023-05-20,1684566000,26890.1308594,27129.5898438,26890.1308594,0,,,,derived: predicted_close=current_close
cmamba_v_reproduced,Reproduced CM-v,val,2023-05-20,2023-05-21,1684652400,27129.5898438,26753.8300781,27007.2792969,136952,output/seed_runs/cmamba_v__seed23/epoch949-val-rmse572.6860.ckpt,afb28215d656ea54421efb00e3c60ec9d8a818fff186c194be9a98b55dcecdf0,672faa9fb7cb4499da17d6a3afbd65a9301f170f,output/evaluation/forecast_predictions.csv
s5_full,CMamba-T / S5-Full,val,2023-05-20,2023-05-21,1684652400,27129.5898438,26753.8300781,27090.5683594,57249,output/seed_runs/s5_full__seed23/epoch321-val-rmse527.3419.ckpt,a2f8b0f39411e199e73ee22a8ae3055d3fc4218fa9d670b31af93d2e190df291,672faa9fb7cb4499da17d6a3afbd65a9301f170f,output/seed_runs/s5_full__seed23/val_preds.csv
naive_persistence,Naive persistence,val,2023-05-20,2023-05-21,1684652400,27129.5898438,26753.8300781,27129.5898438,0,,,,derived: predicted_close=current_close
cmamba_v_reproduced,Reproduced CM-v,val,2023-05-21,2023-05-22,1684738800,26753.8300781,26851.2792969,27026.9609375,136952,output/seed_runs/cmamba_v__seed23/epoch949-val-rmse572.6860.ckpt,afb28215d656ea54421efb00e3c60ec9d8a818fff186c194be9a98b55dcecdf0,672faa9fb7cb4499da17d6a3afbd65a9301f170f,output/evaluation/forecast_predictions.csv
s5_full,CMamba-T / S5-Full,val,2023-05-21,2023-05-22,1684738800,26753.8300781,26851.2792969,26712.7070312,57249,output/seed_runs/s5_full__seed23/epoch321-val-rmse527.3419.ckpt,a2f8b0f39411e199e73ee22a8ae3055d3fc4218fa9d670b31af93d2e190df291,672faa9fb7cb4499da17d6a3afbd65a9301f170f,output/seed_runs/s5_full__seed23/val_preds.csv
naive_persistence,Naive persistence,val,2023-05-21,2023-05-22,1684738800,26753.8300781,26851.2792969,26753.8300781,0,,,,derived: predicted_close=current_close
cmamba_v_reproduced,Reproduced CM-v,val,2023-05-22,2023-05-23,1684825200,26851.2792969,27225.7304688,26774.3417969,136952,output/seed_runs/cmamba_v__seed23/epoch949-val-rmse572.6860.ckpt,afb28215d656ea54421efb00e3c60ec9d8a818fff186c194be9a98b55dcecdf0,672faa9fb7cb4499da17d6a3afbd65a9301f170f,output/evaluation/forecast_predictions.csv
s5_full,CMamba-T / S5-Full,val,2023-05-22,2023-05-23,1684825200,26851.2792969,27225.7304688,26868.65625,57249,output/seed_runs/s5_full__seed23/epoch321-val-rmse527.3419.ckpt,a2f8b0f39411e199e73ee22a8ae3055d3fc4218fa9d670b31af93d2e190df291,672faa9fb7cb4499da17d6a3afbd65a9301f170f,output/seed_runs/s5_full__seed23/val_preds.csv
naive_persistence,Naive persistence,val,2023-05-22,2023-05-23,1684825200,26851.2792969,27225.7304688,26851.2792969,0,,,,derived: predicted_close=current_close
cmamba_v_reproduced,Reproduced CM-v,val,2023-05-23,2023-05-24,1684911600,27225.7304688,26334.8203125,27355.2636719,136952,output/seed_runs/cmamba_v__seed23/epoch949-val-rmse572.6860.ckpt,afb28215d656ea54421efb00e3c60ec9d8a818fff186c194be9a98b55dcecdf0,672faa9fb7cb4499da17d6a3afbd65a9301f170f,output/evaluation/forecast_predictions.csv
s5_full,CMamba-T / S5-Full,val,2023-05-23,2023-05-24,1684911600,27225.7304688,26334.8203125,27253.7792969,57249,output/seed_runs/s5_full__seed23/epoch321-val-rmse527.3419.ckpt,a2f8b0f39411e199e73ee22a8ae3055d3fc4218fa9d670b31af93d2e190df291,672faa9fb7cb4499da17d6a3afbd65a9301f170f,output/seed_runs/s5_full__seed23/val_preds.csv
naive_persistence,Naive persistence,val,2023-05-23,2023-05-24,1684911600,27225.7304688,26334.8203125,27225.7304688,0,,,,derived: predicted_close=current_close
cmamba_v_reproduced,Reproduced CM-v,val,2023-05-24,2023-05-25,1684998000,26334.8203125,26476.2109375,26559.2714844,136952,output/seed_runs/cmamba_v__seed23/epoch949-val-rmse572.6860.ckpt,afb28215d656ea54421efb00e3c60ec9d8a818fff186c194be9a98b55dcecdf0,672faa9fb7cb4499da17d6a3afbd65a9301f170f,output/evaluation/forecast_predictions.csv
s5_full,CMamba-T / S5-Full,val,2023-05-24,2023-05-25,1684998000,26334.8203125,26476.2109375,26349.2421875,57249,output/seed_runs/s5_full__seed23/epoch321-val-rmse527.3419.ckpt,a2f8b0f39411e199e73ee22a8ae3055d3fc4218fa9d670b31af93d2e190df291,672faa9fb7cb4499da17d6a3afbd65a9301f170f,output/seed_runs/s5_full__seed23/val_preds.csv
naive_persistence,Naive persistence,val,2023-05-24,2023-05-25,1684998000,26334.8203125,26476.2109375,26334.8203125,0,,,,derived: predicted_close=current_close
cmamba_v_reproduced,Reproduced CM-v,val,2023-05-25,2023-05-26,1685084400,26476.2109375,26719.2890625,26288.5527344,136952,output/seed_runs/cmamba_v__seed23/epoch949-val-rmse572.6860.ckpt,afb28215d656ea54421efb00e3c60ec9d8a818fff186c194be9a98b55dcecdf0,672faa9fb7cb4499da17d6a3afbd65a9301f170f,output/evaluation/forecast_predictions.csv
s5_full,CMamba-T / S5-Full,val,2023-05-25,2023-05-26,1685084400,26476.2109375,26719.2890625,26459.7402344,57249,output/seed_runs/s5_full__seed23/epoch321-val-rmse527.3419.ckpt,a2f8b0f39411e199e73ee22a8ae3055d3fc4218fa9d670b31af93d2e190df291,672faa9fb7cb4499da17d6a3afbd65a9301f170f,output/seed_runs/s5_full__seed23/val_preds.csv
naive_persistence,Naive persistence,val,2023-05-25,2023-05-26,1685084400,26476.2109375,26719.2890625,26476.2109375,0,,,,derived: predicted_close=current_close
cmamba_v_reproduced,Reproduced CM-v,val,2023-05-26,2023-05-27,1685170800,26719.2890625,26868.3496094,26873.4746094,136952,output/seed_runs/cmamba_v__seed23/epoch949-val-rmse572.6860.ckpt,afb28215d656ea54421efb00e3c60ec9d8a818fff186c194be9a98b55dcecdf0,672faa9fb7cb4499da17d6a3afbd65a9301f170f,output/evaluation/forecast_predictions.csv
s5_full,CMamba-T / S5-Full,val,2023-05-26,2023-05-27,1685170800,26719.2890625,26868.3496094,26666.8984375,57249,output/seed_runs/s5_full__seed23/epoch321-val-rmse527.3419.ckpt,a2f8b0f39411e199e73ee22a8ae3055d3fc4218fa9d670b31af93d2e190df291,672faa9fb7cb4499da17d6a3afbd65a9301f170f,output/seed_runs/s5_full__seed23/val_preds.csv
naive_persistence,Naive persistence,val,2023-05-26,2023-05-27,1685170800,26719.2890625,26868.3496094,26719.2890625,0,,,,derived: predicted_close=current_close
cmamba_v_reproduced,Reproduced CM-v,val,2023-05-27,2023-05-28,1685257200,26868.3496094,28085.6503906,26722.0605469,136952,output/seed_runs/cmamba_v__seed23/epoch949-val-rmse572.6860.ckpt,afb28215d656ea54421efb00e3c60ec9d8a818fff186c194be9a98b55dcecdf0,672faa9fb7cb4499da17d6a3afbd65a9301f170f,output/evaluation/forecast_predictions.csv
s5_full,CMamba-T / S5-Full,val,2023-05-27,2023-05-28,1685257200,26868.3496094,28085.6503906,26803.4667969,57249,output/seed_runs/s5_full__seed23/epoch321-val-rmse527.3419.ckpt,a2f8b0f39411e199e73ee22a8ae3055d3fc4218fa9d670b31af93d2e190df291,672faa9fb7cb4499da17d6a3afbd65a9301f170f,output/seed_runs/s5_full__seed23/val_preds.csv
naive_persistence,Naive persistence,val,2023-05-27,2023-05-28,1685257200,26868.3496094,28085.6503906,26868.3496094,0,,,,derived: predicted_close=current_close
cmamba_v_reproduced,Reproduced CM-v,val,2023-05-28,2023-05-29,1685343600,28085.6503906,27745.8808594,27857.0449219,136952,output/seed_runs/cmamba_v__seed23/epoch949-val-rmse572.6860.ckpt,afb28215d656ea54421efb00e3c60ec9d8a818fff186c194be9a98b55dcecdf0,672faa9fb7cb4499da17d6a3afbd65a9301f170f,output/evaluation/forecast_predictions.csv
s5_full,CMamba-T / S5-Full,val,2023-05-28,2023-05-29,1685343600,28085.6503906,27745.8808594,28103.7773438,57249,output/seed_runs/s5_full__seed23/epoch321-val-rmse527.3419.ckpt,a2f8b0f39411e199e73ee22a8ae3055d3fc4218fa9d670b31af93d2e190df291,672faa9fb7cb4499da17d6a3afbd65a9301f170f,output/seed_runs/s5_full__seed23/val_preds.csv
naive_persistence,Naive persistence,val,2023-05-28,2023-05-29,1685343600,28085.6503906,27745.8808594,28085.6503906,0,,,,derived: predicted_close=current_close
cmamba_v_reproduced,Reproduced CM-v,val,2023-05-29,2023-05-30,1685430000,27745.8808594,27702.3496094,28149.2402344,136952,output/seed_runs/cmamba_v__seed23/epoch949-val-rmse572.6860.ckpt,afb28215d656ea54421efb00e3c60ec9d8a818fff186c194be9a98b55dcecdf0,672faa9fb7cb4499da17d6a3afbd65a9301f170f,output/evaluation/forecast_predictions.csv
s5_full,CMamba-T / S5-Full,val,2023-05-29,2023-05-30,1685430000,27745.8808594,27702.3496094,27776.078125,57249,output/seed_runs/s5_full__seed23/epoch321-val-rmse527.3419.ckpt,a2f8b0f39411e199e73ee22a8ae3055d3fc4218fa9d670b31af93d2e190df291,672faa9fb7cb4499da17d6a3afbd65a9301f170f,output/seed_runs/s5_full__seed23/val_preds.csv
naive_persistence,Naive persistence,val,2023-05-29,2023-05-30,1685430000,27745.8808594,27702.3496094,27745.8808594,0,,,,derived: predicted_close=current_close
cmamba_v_reproduced,Reproduced CM-v,val,2023-05-30,2023-05-31,1685516400,27702.3496094,27219.6601562,27605.7011719,136952,output/seed_runs/cmamba_v__seed23/epoch949-val-rmse572.6860.ckpt,afb28215d656ea54421efb00e3c60ec9d8a818fff186c194be9a98b55dcecdf0,672faa9fb7cb4499da17d6a3afbd65a9301f170f,output/evaluation/forecast_predictions.csv
s5_full,CMamba-T / S5-Full,val,2023-05-30,2023-05-31,1685516400,27702.3496094,27219.6601562,27737.8632812,57249,output/seed_runs/s5_full__seed23/epoch321-val-rmse527.3419.ckpt,a2f8b0f39411e199e73ee22a8ae3055d3fc4218fa9d670b31af93d2e190df291,672faa9fb7cb4499da17d6a3afbd65a9301f170f,output/seed_runs/s5_full__seed23/val_preds.csv
naive_persistence,Naive persistence,val,2023-05-30,2023-05-31,1685516400,27702.3496094,27219.6601562,27702.3496094,0,,,,derived: predicted_close=current_close
cmamba_v_reproduced,Reproduced CM-v,val,2023-05-31,2023-06-01,1685602800,27219.6601562,26819.9707031,27593.6523438,136952,output/seed_runs/cmamba_v__seed23/epoch949-val-rmse572.6860.ckpt,afb28215d656ea54421efb00e3c60ec9d8a818fff186c194be9a98b55dcecdf0,672faa9fb7cb4499da17d6a3afbd65a9301f170f,output/evaluation/forecast_predictions.csv
s5_full,CMamba-T / S5-Full,val,2023-05-31,2023-06-01,1685602800,27219.6601562,26819.9707031,27230.8867188,57249,output/seed_runs/s5_full__seed23/epoch321-val-rmse527.3419.ckpt,a2f8b0f39411e199e73ee22a8ae3055d3fc4218fa9d670b31af93d2e190df291,672faa9fb7cb4499da17d6a3afbd65a9301f170f,output/seed_runs/s5_full__seed23/val_preds.csv
naive_persistence,Naive persistence,val,2023-05-31,2023-06-01,1685602800,27219.6601562,26819.9707031,27219.6601562,0,,,,derived: predicted_close=current_close
cmamba_v_reproduced,Reproduced CM-v,val,2023-06-01,2023-06-02,1685689200,26819.9707031,27249.5898438,26939.6386719,136952,output/seed_runs/cmamba_v__seed23/epoch949-val-rmse572.6860.ckpt,afb28215d656ea54421efb00e3c60ec9d8a818fff186c194be9a98b55dcecdf0,672faa9fb7cb4499da17d6a3afbd65a9301f170f,output/evaluation/forecast_predictions.csv
s5_full,CMamba-T / S5-Full,val,2023-06-01,2023-06-02,1685689200,26819.9707031,27249.5898438,26811.5664062,57249,output/seed_runs/s5_full__seed23/epoch321-val-rmse527.3419.ckpt,a2f8b0f39411e199e73ee22a8ae3055d3fc4218fa9d670b31af93d2e190df291,672faa9fb7cb4499da17d6a3afbd65a9301f170f,output/seed_runs/s5_full__seed23/val_preds.csv
naive_persistence,Naive persistence,val,2023-06-01,2023-06-02,1685689200,26819.9707031,27249.5898438,26819.9707031,0,,,,derived: predicted_close=current_close
cmamba_v_reproduced,Reproduced CM-v,val,2023-06-02,2023-06-03,1685775600,27249.5898438,27075.1308594,26947.3652344,136952,output/seed_runs/cmamba_v__seed23/epoch949-val-rmse572.6860.ckpt,afb28215d656ea54421efb00e3c60ec9d8a818fff186c194be9a98b55dcecdf0,672faa9fb7cb4499da17d6a3afbd65a9301f170f,output/evaluation/forecast_predictions.csv
s5_full,CMamba-T / S5-Full,val,2023-06-02,2023-06-03,1685775600,27249.5898438,27075.1308594,27246.8496094,57249,output/seed_runs/s5_full__seed23/epoch321-val-rmse527.3419.ckpt,a2f8b0f39411e199e73ee22a8ae3055d3fc4218fa9d670b31af93d2e190df291,672faa9fb7cb4499da17d6a3afbd65a9301f170f,output/seed_runs/s5_full__seed23/val_preds.csv
naive_persistence,Naive persistence,val,2023-06-02,2023-06-03,1685775600,27249.5898438,27075.1308594,27249.5898438,0,,,,derived: predicted_close=current_close
cmamba_v_reproduced,Reproduced CM-v,val,2023-06-03,2023-06-04,1685862000,27075.1308594,27119.0703125,27332.6933594,136952,output/seed_runs/cmamba_v__seed23/epoch949-val-rmse572.6860.ckpt,afb28215d656ea54421efb00e3c60ec9d8a818fff186c194be9a98b55dcecdf0,672faa9fb7cb4499da17d6a3afbd65a9301f170f,output/evaluation/forecast_predictions.csv
s5_full,CMamba-T / S5-Full,val,2023-06-03,2023-06-04,1685862000,27075.1308594,27119.0703125,27063.8671875,57249,output/seed_runs/s5_full__seed23/epoch321-val-rmse527.3419.ckpt,a2f8b0f39411e199e73ee22a8ae3055d3fc4218fa9d670b31af93d2e190df291,672faa9fb7cb4499da17d6a3afbd65a9301f170f,output/seed_runs/s5_full__seed23/val_preds.csv
naive_persistence,Naive persistence,val,2023-06-03,2023-06-04,1685862000,27075.1308594,27119.0703125,27075.1308594,0,,,,derived: predicted_close=current_close
cmamba_v_reproduced,Reproduced CM-v,val,2023-06-04,2023-06-05,1685948400,27119.0703125,25760.0996094,27060.2441406,136952,output/seed_runs/cmamba_v__seed23/epoch949-val-rmse572.6860.ckpt,afb28215d656ea54421efb00e3c60ec9d8a818fff186c194be9a98b55dcecdf0,672faa9fb7cb4499da17d6a3afbd65a9301f170f,output/evaluation/forecast_predictions.csv
s5_full,CMamba-T / S5-Full,val,2023-06-04,2023-06-05,1685948400,27119.0703125,25760.0996094,27113.0429688,57249,output/seed_runs/s5_full__seed23/epoch321-val-rmse527.3419.ckpt,a2f8b0f39411e199e73ee22a8ae3055d3fc4218fa9d670b31af93d2e190df291,672faa9fb7cb4499da17d6a3afbd65a9301f170f,output/seed_runs/s5_full__seed23/val_preds.csv
naive_persistence,Naive persistence,val,2023-06-04,2023-06-05,1685948400,27119.0703125,25760.0996094,27119.0703125,0,,,,derived: predicted_close=current_close
cmamba_v_reproduced,Reproduced CM-v,val,2023-06-05,2023-06-06,1686034800,25760.0996094,27238.7792969,26226.4335938,136952,output/seed_runs/cmamba_v__seed23/epoch949-val-rmse572.6860.ckpt,afb28215d656ea54421efb00e3c60ec9d8a818fff186c194be9a98b55dcecdf0,672faa9fb7cb4499da17d6a3afbd65a9301f170f,output/evaluation/forecast_predictions.csv
s5_full,CMamba-T / S5-Full,val,2023-06-05,2023-06-06,1686034800,25760.0996094,27238.7792969,25772.140625,57249,output/seed_runs/s5_full__seed23/epoch321-val-rmse527.3419.ckpt,a2f8b0f39411e199e73ee22a8ae3055d3fc4218fa9d670b31af93d2e190df291,672faa9fb7cb4499da17d6a3afbd65a9301f170f,output/seed_runs/s5_full__seed23/val_preds.csv
naive_persistence,Naive persistence,val,2023-06-05,2023-06-06,1686034800,25760.0996094,27238.7792969,25760.0996094,0,,,,derived: predicted_close=current_close
cmamba_v_reproduced,Reproduced CM-v,val,2023-06-06,2023-06-07,1686121200,27238.7792969,26346,26720.1503906,136952,output/seed_runs/cmamba_v__seed23/epoch949-val-rmse572.6860.ckpt,afb28215d656ea54421efb00e3c60ec9d8a818fff186c194be9a98b55dcecdf0,672faa9fb7cb4499da17d6a3afbd65a9301f170f,output/evaluation/forecast_predictions.csv
s5_full,CMamba-T / S5-Full,val,2023-06-06,2023-06-07,1686121200,27238.7792969,26346,27238.3417969,57249,output/seed_runs/s5_full__seed23/epoch321-val-rmse527.3419.ckpt,a2f8b0f39411e199e73ee22a8ae3055d3fc4218fa9d670b31af93d2e190df291,672faa9fb7cb4499da17d6a3afbd65a9301f170f,output/seed_runs/s5_full__seed23/val_preds.csv
naive_persistence,Naive persistence,val,2023-06-06,2023-06-07,1686121200,27238.7792969,26346,27238.7792969,0,,,,derived: predicted_close=current_close
cmamba_v_reproduced,Reproduced CM-v,val,2023-06-07,2023-06-08,1686207600,26346,26508.2207031,26911.0761719,136952,output/seed_runs/cmamba_v__seed23/epoch949-val-rmse572.6860.ckpt,afb28215d656ea54421efb00e3c60ec9d8a818fff186c194be9a98b55dcecdf0,672faa9fb7cb4499da17d6a3afbd65a9301f170f,output/evaluation/forecast_predictions.csv
s5_full,CMamba-T / S5-Full,val,2023-06-07,2023-06-08,1686207600,26346,26508.2207031,26291.3378906,57249,output/seed_runs/s5_full__seed23/epoch321-val-rmse527.3419.ckpt,a2f8b0f39411e199e73ee22a8ae3055d3fc4218fa9d670b31af93d2e190df291,672faa9fb7cb4499da17d6a3afbd65a9301f170f,output/seed_runs/s5_full__seed23/val_preds.csv
naive_persistence,Naive persistence,val,2023-06-07,2023-06-08,1686207600,26346,26508.2207031,26346,0,,,,derived: predicted_close=current_close
cmamba_v_reproduced,Reproduced CM-v,val,2023-06-08,2023-06-09,1686294000,26508.2207031,26480.3808594,26259.1660156,136952,output/seed_runs/cmamba_v__seed23/epoch949-val-rmse572.6860.ckpt,afb28215d656ea54421efb00e3c60ec9d8a818fff186c194be9a98b55dcecdf0,672faa9fb7cb4499da17d6a3afbd65a9301f170f,output/evaluation/forecast_predictions.csv
s5_full,CMamba-T / S5-Full,val,2023-06-08,2023-06-09,1686294000,26508.2207031,26480.3808594,26404.09375,57249,output/seed_runs/s5_full__seed23/epoch321-val-rmse527.3419.ckpt,a2f8b0f39411e199e73ee22a8ae3055d3fc4218fa9d670b31af93d2e190df291,672faa9fb7cb4499da17d6a3afbd65a9301f170f,output/seed_runs/s5_full__seed23/val_preds.csv
naive_persistence,Naive persistence,val,2023-06-08,2023-06-09,1686294000,26508.2207031,26480.3808594,26508.2207031,0,,,,derived: predicted_close=current_close
cmamba_v_reproduced,Reproduced CM-v,val,2023-06-09,2023-06-10,1686380400,26480.3808594,25851.2402344,26637.515625,136952,output/seed_runs/cmamba_v__seed23/epoch949-val-rmse572.6860.ckpt,afb28215d656ea54421efb00e3c60ec9d8a818fff186c194be9a98b55dcecdf0,672faa9fb7cb4499da17d6a3afbd65a9301f170f,output/evaluation/forecast_predictions.csv
s5_full,CMamba-T / S5-Full,val,2023-06-09,2023-06-10,1686380400,26480.3808594,25851.2402344,26378.6601562,57249,output/seed_runs/s5_full__seed23/epoch321-val-rmse527.3419.ckpt,a2f8b0f39411e199e73ee22a8ae3055d3fc4218fa9d670b31af93d2e190df291,672faa9fb7cb4499da17d6a3afbd65a9301f170f,output/seed_runs/s5_full__seed23/val_preds.csv
naive_persistence,Naive persistence,val,2023-06-09,2023-06-10,1686380400,26480.3808594,25851.2402344,26480.3808594,0,,,,derived: predicted_close=current_close
cmamba_v_reproduced,Reproduced CM-v,val,2023-06-10,2023-06-11,1686466800,25851.2402344,25940.1699219,25935.2832031,136952,output/seed_runs/cmamba_v__seed23/epoch949-val-rmse572.6860.ckpt,afb28215d656ea54421efb00e3c60ec9d8a818fff186c194be9a98b55dcecdf0,672faa9fb7cb4499da17d6a3afbd65a9301f170f,output/evaluation/forecast_predictions.csv
s5_full,CMamba-T / S5-Full,val,2023-06-10,2023-06-11,1686466800,25851.2402344,25940.1699219,25788.6835938,57249,output/seed_runs/s5_full__seed23/epoch321-val-rmse527.3419.ckpt,a2f8b0f39411e199e73ee22a8ae3055d3fc4218fa9d670b31af93d2e190df291,672faa9fb7cb4499da17d6a3afbd65a9301f170f,output/seed_runs/s5_full__seed23/val_preds.csv
naive_persistence,Naive persistence,val,2023-06-10,2023-06-11,1686466800,25851.2402344,25940.1699219,25851.2402344,0,,,,derived: predicted_close=current_close
cmamba_v_reproduced,Reproduced CM-v,val,2023-06-11,2023-06-12,1686553200,25940.1699219,25902.5,25983,136952,output/seed_runs/cmamba_v__seed23/epoch949-val-rmse572.6860.ckpt,afb28215d656ea54421efb00e3c60ec9d8a818fff186c194be9a98b55dcecdf0,672faa9fb7cb4499da17d6a3afbd65a9301f170f,output/evaluation/forecast_predictions.csv
s5_full,CMamba-T / S5-Full,val,2023-06-11,2023-06-12,1686553200,25940.1699219,25902.5,25876.90625,57249,output/seed_runs/s5_full__seed23/epoch321-val-rmse527.3419.ckpt,a2f8b0f39411e199e73ee22a8ae3055d3fc4218fa9d670b31af93d2e190df291,672faa9fb7cb4499da17d6a3afbd65a9301f170f,output/seed_runs/s5_full__seed23/val_preds.csv
naive_persistence,Naive persistence,val,2023-06-11,2023-06-12,1686553200,25940.1699219,25902.5,25940.1699219,0,,,,derived: predicted_close=current_close
cmamba_v_reproduced,Reproduced CM-v,val,2023-06-12,2023-06-13,1686639600,25902.5,25918.7304688,26119.8144531,136952,output/seed_runs/cmamba_v__seed23/epoch949-val-rmse572.6860.ckpt,afb28215d656ea54421efb00e3c60ec9d8a818fff186c194be9a98b55dcecdf0,672faa9fb7cb4499da17d6a3afbd65a9301f170f,output/evaluation/forecast_predictions.csv
s5_full,CMamba-T / S5-Full,val,2023-06-12,2023-06-13,1686639600,25902.5,25918.7304688,25830.7753906,57249,output/seed_runs/s5_full__seed23/epoch321-val-rmse527.3419.ckpt,a2f8b0f39411e199e73ee22a8ae3055d3fc4218fa9d670b31af93d2e190df291,672faa9fb7cb4499da17d6a3afbd65a9301f170f,output/seed_runs/s5_full__seed23/val_preds.csv
naive_persistence,Naive persistence,val,2023-06-12,2023-06-13,1686639600,25902.5,25918.7304688,25902.5,0,,,,derived: predicted_close=current_close
cmamba_v_reproduced,Reproduced CM-v,val,2023-06-13,2023-06-14,1686726000,25918.7304688,25124.6796875,25795.4511719,136952,output/seed_runs/cmamba_v__seed23/epoch949-val-rmse572.6860.ckpt,afb28215d656ea54421efb00e3c60ec9d8a818fff186c194be9a98b55dcecdf0,672faa9fb7cb4499da17d6a3afbd65a9301f170f,output/evaluation/forecast_predictions.csv
s5_full,CMamba-T / S5-Full,val,2023-06-13,2023-06-14,1686726000,25918.7304688,25124.6796875,25846.8613281,57249,output/seed_runs/s5_full__seed23/epoch321-val-rmse527.3419.ckpt,a2f8b0f39411e199e73ee22a8ae3055d3fc4218fa9d670b31af93d2e190df291,672faa9fb7cb4499da17d6a3afbd65a9301f170f,output/seed_runs/s5_full__seed23/val_preds.csv
naive_persistence,Naive persistence,val,2023-06-13,2023-06-14,1686726000,25918.7304688,25124.6796875,25918.7304688,0,,,,derived: predicted_close=current_close
cmamba_v_reproduced,Reproduced CM-v,val,2023-06-14,2023-06-15,1686812400,25124.6796875,25576.390625,25375.5644531,136952,output/seed_runs/cmamba_v__seed23/epoch949-val-rmse572.6860.ckpt,afb28215d656ea54421efb00e3c60ec9d8a818fff186c194be9a98b55dcecdf0,672faa9fb7cb4499da17d6a3afbd65a9301f170f,output/evaluation/forecast_predictions.csv
s5_full,CMamba-T / S5-Full,val,2023-06-14,2023-06-15,1686812400,25124.6796875,25576.390625,25085.9121094,57249,output/seed_runs/s5_full__seed23/epoch321-val-rmse527.3419.ckpt,a2f8b0f39411e199e73ee22a8ae3055d3fc4218fa9d670b31af93d2e190df291,672faa9fb7cb4499da17d6a3afbd65a9301f170f,output/seed_runs/s5_full__seed23/val_preds.csv
naive_persistence,Naive persistence,val,2023-06-14,2023-06-15,1686812400,25124.6796875,25576.390625,25124.6796875,0,,,,derived: predicted_close=current_close
cmamba_v_reproduced,Reproduced CM-v,val,2023-06-15,2023-06-16,1686898800,25576.390625,26327.4609375,25470.8144531,136952,output/seed_runs/cmamba_v__seed23/epoch949-val-rmse572.6860.ckpt,afb28215d656ea54421efb00e3c60ec9d8a818fff186c194be9a98b55dcecdf0,672faa9fb7cb4499da17d6a3afbd65a9301f170f,output/evaluation/forecast_predictions.csv
s5_full,CMamba-T / S5-Full,val,2023-06-15,2023-06-16,1686898800,25576.390625,26327.4609375,25529.7695312,57249,output/seed_runs/s5_full__seed23/epoch321-val-rmse527.3419.ckpt,a2f8b0f39411e199e73ee22a8ae3055d3fc4218fa9d670b31af93d2e190df291,672faa9fb7cb4499da17d6a3afbd65a9301f170f,output/seed_runs/s5_full__seed23/val_preds.csv
naive_persistence,Naive persistence,val,2023-06-15,2023-06-16,1686898800,25576.390625,26327.4609375,25576.390625,0,,,,derived: predicted_close=current_close
cmamba_v_reproduced,Reproduced CM-v,val,2023-06-16,2023-06-17,1686985200,26327.4609375,26510.6796875,26124.5488281,136952,output/seed_runs/cmamba_v__seed23/epoch949-val-rmse572.6860.ckpt,afb28215d656ea54421efb00e3c60ec9d8a818fff186c194be9a98b55dcecdf0,672faa9fb7cb4499da17d6a3afbd65a9301f170f,output/evaluation/forecast_predictions.csv
s5_full,CMamba-T / S5-Full,val,2023-06-16,2023-06-17,1686985200,26327.4609375,26510.6796875,26275.6289062,57249,output/seed_runs/s5_full__seed23/epoch321-val-rmse527.3419.ckpt,a2f8b0f39411e199e73ee22a8ae3055d3fc4218fa9d670b31af93d2e190df291,672faa9fb7cb4499da17d6a3afbd65a9301f170f,output/seed_runs/s5_full__seed23/val_preds.csv
naive_persistence,Naive persistence,val,2023-06-16,2023-06-17,1686985200,26327.4609375,26510.6796875,26327.4609375,0,,,,derived: predicted_close=current_close
cmamba_v_reproduced,Reproduced CM-v,val,2023-06-17,2023-06-18,1687071600,26510.6796875,26336.2109375,26658.4140625,136952,output/seed_runs/cmamba_v__seed23/epoch949-val-rmse572.6860.ckpt,afb28215d656ea54421efb00e3c60ec9d8a818fff186c194be9a98b55dcecdf0,672faa9fb7cb4499da17d6a3afbd65a9301f170f,output/evaluation/forecast_predictions.csv
s5_full,CMamba-T / S5-Full,val,2023-06-17,2023-06-18,1687071600,26510.6796875,26336.2109375,26467.7617188,57249,output/seed_runs/s5_full__seed23/epoch321-val-rmse527.3419.ckpt,a2f8b0f39411e199e73ee22a8ae3055d3fc4218fa9d670b31af93d2e190df291,672faa9fb7cb4499da17d6a3afbd65a9301f170f,output/seed_runs/s5_full__seed23/val_preds.csv
naive_persistence,Naive persistence,val,2023-06-17,2023-06-18,1687071600,26510.6796875,26336.2109375,26510.6796875,0,,,,derived: predicted_close=current_close
cmamba_v_reproduced,Reproduced CM-v,val,2023-06-18,2023-06-19,1687158000,26336.2109375,26851.0292969,26415.2988281,136952,output/seed_runs/cmamba_v__seed23/epoch949-val-rmse572.6860.ckpt,afb28215d656ea54421efb00e3c60ec9d8a818fff186c194be9a98b55dcecdf0,672faa9fb7cb4499da17d6a3afbd65a9301f170f,output/evaluation/forecast_predictions.csv
s5_full,CMamba-T / S5-Full,val,2023-06-18,2023-06-19,1687158000,26336.2109375,26851.0292969,26307.328125,57249,output/seed_runs/s5_full__seed23/epoch321-val-rmse527.3419.ckpt,a2f8b0f39411e199e73ee22a8ae3055d3fc4218fa9d670b31af93d2e190df291,672faa9fb7cb4499da17d6a3afbd65a9301f170f,output/seed_runs/s5_full__seed23/val_preds.csv
naive_persistence,Naive persistence,val,2023-06-18,2023-06-19,1687158000,26336.2109375,26851.0292969,26336.2109375,0,,,,derived: predicted_close=current_close
cmamba_v_reproduced,Reproduced CM-v,val,2023-06-19,2023-06-20,1687244400,26851.0292969,28327.4902344,26770.7675781,136952,output/seed_runs/cmamba_v__seed23/epoch949-val-rmse572.6860.ckpt,afb28215d656ea54421efb00e3c60ec9d8a818fff186c194be9a98b55dcecdf0,672faa9fb7cb4499da17d6a3afbd65a9301f170f,output/evaluation/forecast_predictions.csv
s5_full,CMamba-T / S5-Full,val,2023-06-19,2023-06-20,1687244400,26851.0292969,28327.4902344,26860.0917969,57249,output/seed_runs/s5_full__seed23/epoch321-val-rmse527.3419.ckpt,a2f8b0f39411e199e73ee22a8ae3055d3fc4218fa9d670b31af93d2e190df291,672faa9fb7cb4499da17d6a3afbd65a9301f170f,output/seed_runs/s5_full__seed23/val_preds.csv
naive_persistence,Naive persistence,val,2023-06-19,2023-06-20,1687244400,26851.0292969,28327.4902344,26851.0292969,0,,,,derived: predicted_close=current_close
cmamba_v_reproduced,Reproduced CM-v,val,2023-06-20,2023-06-21,1687330800,28327.4902344,30027.3007812,27982.5117188,136952,output/seed_runs/cmamba_v__seed23/epoch949-val-rmse572.6860.ckpt,afb28215d656ea54421efb00e3c60ec9d8a818fff186c194be9a98b55dcecdf0,672faa9fb7cb4499da17d6a3afbd65a9301f170f,output/evaluation/forecast_predictions.csv
s5_full,CMamba-T / S5-Full,val,2023-06-20,2023-06-21,1687330800,28327.4902344,30027.3007812,28351.8515625,57249,output/seed_runs/s5_full__seed23/epoch321-val-rmse527.3419.ckpt,a2f8b0f39411e199e73ee22a8ae3055d3fc4218fa9d670b31af93d2e190df291,672faa9fb7cb4499da17d6a3afbd65a9301f170f,output/seed_runs/s5_full__seed23/val_preds.csv
naive_persistence,Naive persistence,val,2023-06-20,2023-06-21,1687330800,28327.4902344,30027.3007812,28327.4902344,0,,,,derived: predicted_close=current_close
cmamba_v_reproduced,Reproduced CM-v,val,2023-06-21,2023-06-22,1687417200,30027.3007812,29912.2792969,30091.8515625,136952,output/seed_runs/cmamba_v__seed23/epoch949-val-rmse572.6860.ckpt,afb28215d656ea54421efb00e3c60ec9d8a818fff186c194be9a98b55dcecdf0,672faa9fb7cb4499da17d6a3afbd65a9301f170f,output/evaluation/forecast_predictions.csv
s5_full,CMamba-T / S5-Full,val,2023-06-21,2023-06-22,1687417200,30027.3007812,29912.2792969,30067.15625,57249,output/seed_runs/s5_full__seed23/epoch321-val-rmse527.3419.ckpt,a2f8b0f39411e199e73ee22a8ae3055d3fc4218fa9d670b31af93d2e190df291,672faa9fb7cb4499da17d6a3afbd65a9301f170f,output/seed_runs/s5_full__seed23/val_preds.csv
naive_persistence,Naive persistence,val,2023-06-21,2023-06-22,1687417200,30027.3007812,29912.2792969,30027.3007812,0,,,,derived: predicted_close=current_close
cmamba_v_reproduced,Reproduced CM-v,val,2023-06-22,2023-06-23,1687503600,29912.2792969,30695.4707031,30087.7011719,136952,output/seed_runs/cmamba_v__seed23/epoch949-val-rmse572.6860.ckpt,afb28215d656ea54421efb00e3c60ec9d8a818fff186c194be9a98b55dcecdf0,672faa9fb7cb4499da17d6a3afbd65a9301f170f,output/evaluation/forecast_predictions.csv
s5_full,CMamba-T / S5-Full,val,2023-06-22,2023-06-23,1687503600,29912.2792969,30695.4707031,29947.1210938,57249,output/seed_runs/s5_full__seed23/epoch321-val-rmse527.3419.ckpt,a2f8b0f39411e199e73ee22a8ae3055d3fc4218fa9d670b31af93d2e190df291,672faa9fb7cb4499da17d6a3afbd65a9301f170f,output/seed_runs/s5_full__seed23/val_preds.csv
naive_persistence,Naive persistence,val,2023-06-22,2023-06-23,1687503600,29912.2792969,30695.4707031,29912.2792969,0,,,,derived: predicted_close=current_close
cmamba_v_reproduced,Reproduced CM-v,val,2023-06-23,2023-06-24,1687590000,30695.4707031,30548.6992188,30616.6308594,136952,output/seed_runs/cmamba_v__seed23/epoch949-val-rmse572.6860.ckpt,afb28215d656ea54421efb00e3c60ec9d8a818fff186c194be9a98b55dcecdf0,672faa9fb7cb4499da17d6a3afbd65a9301f170f,output/evaluation/forecast_predictions.csv
s5_full,CMamba-T / S5-Full,val,2023-06-23,2023-06-24,1687590000,30695.4707031,30548.6992188,30739.3105469,57249,output/seed_runs/s5_full__seed23/epoch321-val-rmse527.3419.ckpt,a2f8b0f39411e199e73ee22a8ae3055d3fc4218fa9d670b31af93d2e190df291,672faa9fb7cb4499da17d6a3afbd65a9301f170f,output/seed_runs/s5_full__seed23/val_preds.csv
naive_persistence,Naive persistence,val,2023-06-23,2023-06-24,1687590000,30695.4707031,30548.6992188,30695.4707031,0,,,,derived: predicted_close=current_close
cmamba_v_reproduced,Reproduced CM-v,val,2023-06-24,2023-06-25,1687676400,30548.6992188,30480.2597656,30896.8242188,136952,output/seed_runs/cmamba_v__seed23/epoch949-val-rmse572.6860.ckpt,afb28215d656ea54421efb00e3c60ec9d8a818fff186c194be9a98b55dcecdf0,672faa9fb7cb4499da17d6a3afbd65a9301f170f,output/evaluation/forecast_predictions.csv
s5_full,CMamba-T / S5-Full,val,2023-06-24,2023-06-25,1687676400,30548.6992188,30480.2597656,30592.5625,57249,output/seed_runs/s5_full__seed23/epoch321-val-rmse527.3419.ckpt,a2f8b0f39411e199e73ee22a8ae3055d3fc4218fa9d670b31af93d2e190df291,672faa9fb7cb4499da17d6a3afbd65a9301f170f,output/seed_runs/s5_full__seed23/val_preds.csv
naive_persistence,Naive persistence,val,2023-06-24,2023-06-25,1687676400,30548.6992188,30480.2597656,30548.6992188,0,,,,derived: predicted_close=current_close
cmamba_v_reproduced,Reproduced CM-v,val,2023-06-25,2023-06-26,1687762800,30480.2597656,30271.1308594,30790.328125,136952,output/seed_runs/cmamba_v__seed23/epoch949-val-rmse572.6860.ckpt,afb28215d656ea54421efb00e3c60ec9d8a818fff186c194be9a98b55dcecdf0,672faa9fb7cb4499da17d6a3afbd65a9301f170f,output/evaluation/forecast_predictions.csv
s5_full,CMamba-T / S5-Full,val,2023-06-25,2023-06-26,1687762800,30480.2597656,30271.1308594,30524.0332031,57249,output/seed_runs/s5_full__seed23/epoch321-val-rmse527.3419.ckpt,a2f8b0f39411e199e73ee22a8ae3055d3fc4218fa9d670b31af93d2e190df291,672faa9fb7cb4499da17d6a3afbd65a9301f170f,output/seed_runs/s5_full__seed23/val_preds.csv
naive_persistence,Naive persistence,val,2023-06-25,2023-06-26,1687762800,30480.2597656,30271.1308594,30480.2597656,0,,,,derived: predicted_close=current_close
cmamba_v_reproduced,Reproduced CM-v,val,2023-06-26,2023-06-27,1687849200,30271.1308594,30688.1601562,30364.7792969,136952,output/seed_runs/cmamba_v__seed23/epoch949-val-rmse572.6860.ckpt,afb28215d656ea54421efb00e3c60ec9d8a818fff186c194be9a98b55dcecdf0,672faa9fb7cb4499da17d6a3afbd65a9301f170f,output/evaluation/forecast_predictions.csv
s5_full,CMamba-T / S5-Full,val,2023-06-26,2023-06-27,1687849200,30271.1308594,30688.1601562,30317.7539062,57249,output/seed_runs/s5_full__seed23/epoch321-val-rmse527.3419.ckpt,a2f8b0f39411e199e73ee22a8ae3055d3fc4218fa9d670b31af93d2e190df291,672faa9fb7cb4499da17d6a3afbd65a9301f170f,output/seed_runs/s5_full__seed23/val_preds.csv
naive_persistence,Naive persistence,val,2023-06-26,2023-06-27,1687849200,30271.1308594,30688.1601562,30271.1308594,0,,,,derived: predicted_close=current_close
cmamba_v_reproduced,Reproduced CM-v,val,2023-06-27,2023-06-28,1687935600,30688.1601562,30086.25,30622.5039062,136952,output/seed_runs/cmamba_v__seed23/epoch949-val-rmse572.6860.ckpt,afb28215d656ea54421efb00e3c60ec9d8a818fff186c194be9a98b55dcecdf0,672faa9fb7cb4499da17d6a3afbd65a9301f170f,output/evaluation/forecast_predictions.csv
s5_full,CMamba-T / S5-Full,val,2023-06-27,2023-06-28,1687935600,30688.1601562,30086.25,30739.9980469,57249,output/seed_runs/s5_full__seed23/epoch321-val-rmse527.3419.ckpt,a2f8b0f39411e199e73ee22a8ae3055d3fc4218fa9d670b31af93d2e190df291,672faa9fb7cb4499da17d6a3afbd65a9301f170f,output/seed_runs/s5_full__seed23/val_preds.csv
naive_persistence,Naive persistence,val,2023-06-27,2023-06-28,1687935600,30688.1601562,30086.25,30688.1601562,0,,,,derived: predicted_close=current_close
cmamba_v_reproduced,Reproduced CM-v,val,2023-06-28,2023-06-29,1688022000,30086.25,30445.3496094,30272.9941406,136952,output/seed_runs/cmamba_v__seed23/epoch949-val-rmse572.6860.ckpt,afb28215d656ea54421efb00e3c60ec9d8a818fff186c194be9a98b55dcecdf0,672faa9fb7cb4499da17d6a3afbd65a9301f170f,output/evaluation/forecast_predictions.csv
s5_full,CMamba-T / S5-Full,val,2023-06-28,2023-06-29,1688022000,30086.25,30445.3496094,30129.7519531,57249,output/seed_runs/s5_full__seed23/epoch321-val-rmse527.3419.ckpt,a2f8b0f39411e199e73ee22a8ae3055d3fc4218fa9d670b31af93d2e190df291,672faa9fb7cb4499da17d6a3afbd65a9301f170f,output/seed_runs/s5_full__seed23/val_preds.csv
naive_persistence,Naive persistence,val,2023-06-28,2023-06-29,1688022000,30086.25,30445.3496094,30086.25,0,,,,derived: predicted_close=current_close
cmamba_v_reproduced,Reproduced CM-v,val,2023-06-29,2023-06-30,1688108400,30445.3496094,30477.25,30690.2226562,136952,output/seed_runs/cmamba_v__seed23/epoch949-val-rmse572.6860.ckpt,afb28215d656ea54421efb00e3c60ec9d8a818fff186c194be9a98b55dcecdf0,672faa9fb7cb4499da17d6a3afbd65a9301f170f,output/evaluation/forecast_predictions.csv
s5_full,CMamba-T / S5-Full,val,2023-06-29,2023-06-30,1688108400,30445.3496094,30477.25,30490.8828125,57249,output/seed_runs/s5_full__seed23/epoch321-val-rmse527.3419.ckpt,a2f8b0f39411e199e73ee22a8ae3055d3fc4218fa9d670b31af93d2e190df291,672faa9fb7cb4499da17d6a3afbd65a9301f170f,output/seed_runs/s5_full__seed23/val_preds.csv
naive_persistence,Naive persistence,val,2023-06-29,2023-06-30,1688108400,30445.3496094,30477.25,30445.3496094,0,,,,derived: predicted_close=current_close
cmamba_v_reproduced,Reproduced CM-v,val,2023-06-30,2023-07-01,1688194800,30477.25,30590.0800781,30593.6542969,136952,output/seed_runs/cmamba_v__seed23/epoch949-val-rmse572.6860.ckpt,afb28215d656ea54421efb00e3c60ec9d8a818fff186c194be9a98b55dcecdf0,672faa9fb7cb4499da17d6a3afbd65a9301f170f,output/evaluation/forecast_predictions.csv
s5_full,CMamba-T / S5-Full,val,2023-06-30,2023-07-01,1688194800,30477.25,30590.0800781,30527.1152344,57249,output/seed_runs/s5_full__seed23/epoch321-val-rmse527.3419.ckpt,a2f8b0f39411e199e73ee22a8ae3055d3fc4218fa9d670b31af93d2e190df291,672faa9fb7cb4499da17d6a3afbd65a9301f170f,output/seed_runs/s5_full__seed23/val_preds.csv
naive_persistence,Naive persistence,val,2023-06-30,2023-07-01,1688194800,30477.25,30590.0800781,30477.25,0,,,,derived: predicted_close=current_close
cmamba_v_reproduced,Reproduced CM-v,val,2023-07-01,2023-07-02,1688281200,30590.0800781,30620.7695312,30536.8867188,136952,output/seed_runs/cmamba_v__seed23/epoch949-val-rmse572.6860.ckpt,afb28215d656ea54421efb00e3c60ec9d8a818fff186c194be9a98b55dcecdf0,672faa9fb7cb4499da17d6a3afbd65a9301f170f,output/evaluation/forecast_predictions.csv
s5_full,CMamba-T / S5-Full,val,2023-07-01,2023-07-02,1688281200,30590.0800781,30620.7695312,30640.8261719,57249,output/seed_runs/s5_full__seed23/epoch321-val-rmse527.3419.ckpt,a2f8b0f39411e199e73ee22a8ae3055d3fc4218fa9d670b31af93d2e190df291,672faa9fb7cb4499da17d6a3afbd65a9301f170f,output/seed_runs/s5_full__seed23/val_preds.csv
naive_persistence,Naive persistence,val,2023-07-01,2023-07-02,1688281200,30590.0800781,30620.7695312,30590.0800781,0,,,,derived: predicted_close=current_close
cmamba_v_reproduced,Reproduced CM-v,val,2023-07-02,2023-07-03,1688367600,30620.7695312,31156.4394531,30662.8144531,136952,output/seed_runs/cmamba_v__seed23/epoch949-val-rmse572.6860.ckpt,afb28215d656ea54421efb00e3c60ec9d8a818fff186c194be9a98b55dcecdf0,672faa9fb7cb4499da17d6a3afbd65a9301f170f,output/evaluation/forecast_predictions.csv
s5_full,CMamba-T / S5-Full,val,2023-07-02,2023-07-03,1688367600,30620.7695312,31156.4394531,30671.3847656,57249,output/seed_runs/s5_full__seed23/epoch321-val-rmse527.3419.ckpt,a2f8b0f39411e199e73ee22a8ae3055d3fc4218fa9d670b31af93d2e190df291,672faa9fb7cb4499da17d6a3afbd65a9301f170f,output/seed_runs/s5_full__seed23/val_preds.csv
naive_persistence,Naive persistence,val,2023-07-02,2023-07-03,1688367600,30620.7695312,31156.4394531,30620.7695312,0,,,,derived: predicted_close=current_close
cmamba_v_reproduced,Reproduced CM-v,val,2023-07-03,2023-07-04,1688454000,31156.4394531,30777.5800781,31142.2207031,136952,output/seed_runs/cmamba_v__seed23/epoch949-val-rmse572.6860.ckpt,afb28215d656ea54421efb00e3c60ec9d8a818fff186c194be9a98b55dcecdf0,672faa9fb7cb4499da17d6a3afbd65a9301f170f,output/evaluation/forecast_predictions.csv
s5_full,CMamba-T / S5-Full,val,2023-07-03,2023-07-04,1688454000,31156.4394531,30777.5800781,31218.4433594,57249,output/seed_runs/s5_full__seed23/epoch321-val-rmse527.3419.ckpt,a2f8b0f39411e199e73ee22a8ae3055d3fc4218fa9d670b31af93d2e190df291,672faa9fb7cb4499da17d6a3afbd65a9301f170f,output/seed_runs/s5_full__seed23/val_preds.csv
naive_persistence,Naive persistence,val,2023-07-03,2023-07-04,1688454000,31156.4394531,30777.5800781,31156.4394531,0,,,,derived: predicted_close=current_close
cmamba_v_reproduced,Reproduced CM-v,val,2023-07-04,2023-07-05,1688540400,30777.5800781,30514.1699219,30909.5097656,136952,output/seed_runs/cmamba_v__seed23/epoch949-val-rmse572.6860.ckpt,afb28215d656ea54421efb00e3c60ec9d8a818fff186c194be9a98b55dcecdf0,672faa9fb7cb4499da17d6a3afbd65a9301f170f,output/evaluation/forecast_predictions.csv
s5_full,CMamba-T / S5-Full,val,2023-07-04,2023-07-05,1688540400,30777.5800781,30514.1699219,30841.3691406,57249,output/seed_runs/s5_full__seed23/epoch321-val-rmse527.3419.ckpt,a2f8b0f39411e199e73ee22a8ae3055d3fc4218fa9d670b31af93d2e190df291,672faa9fb7cb4499da17d6a3afbd65a9301f170f,output/seed_runs/s5_full__seed23/val_preds.csv
naive_persistence,Naive persistence,val,2023-07-04,2023-07-05,1688540400,30777.5800781,30514.1699219,30777.5800781,0,,,,derived: predicted_close=current_close
cmamba_v_reproduced,Reproduced CM-v,val,2023-07-05,2023-07-06,1688626800,30514.1699219,29909.3398438,30602.1152344,136952,output/seed_runs/cmamba_v__seed23/epoch949-val-rmse572.6860.ckpt,afb28215d656ea54421efb00e3c60ec9d8a818fff186c194be9a98b55dcecdf0,672faa9fb7cb4499da17d6a3afbd65a9301f170f,output/evaluation/forecast_predictions.csv
s5_full,CMamba-T / S5-Full,val,2023-07-05,2023-07-06,1688626800,30514.1699219,29909.3398438,30574.9394531,57249,output/seed_runs/s5_full__seed23/epoch321-val-rmse527.3419.ckpt,a2f8b0f39411e199e73ee22a8ae3055d3fc4218fa9d670b31af93d2e190df291,672faa9fb7cb4499da17d6a3afbd65a9301f170f,output/seed_runs/s5_full__seed23/val_preds.csv
naive_persistence,Naive persistence,val,2023-07-05,2023-07-06,1688626800,30514.1699219,29909.3398438,30514.1699219,0,,,,derived: predicted_close=current_close
cmamba_v_reproduced,Reproduced CM-v,val,2023-07-06,2023-07-07,1688713200,29909.3398438,30342.2695312,30490.9453125,136952,output/seed_runs/cmamba_v__seed23/epoch949-val-rmse572.6860.ckpt,afb28215d656ea54421efb00e3c60ec9d8a818fff186c194be9a98b55dcecdf0,672faa9fb7cb4499da17d6a3afbd65a9301f170f,output/evaluation/forecast_predictions.csv
s5_full,CMamba-T / S5-Full,val,2023-07-06,2023-07-07,1688713200,29909.3398438,30342.2695312,29965.3183594,57249,output/seed_runs/s5_full__seed23/epoch321-val-rmse527.3419.ckpt,a2f8b0f39411e199e73ee22a8ae3055d3fc4218fa9d670b31af93d2e190df291,672faa9fb7cb4499da17d6a3afbd65a9301f170f,output/seed_runs/s5_full__seed23/val_preds.csv
naive_persistence,Naive persistence,val,2023-07-06,2023-07-07,1688713200,29909.3398438,30342.2695312,29909.3398438,0,,,,derived: predicted_close=current_close
cmamba_v_reproduced,Reproduced CM-v,val,2023-07-07,2023-07-08,1688799600,30342.2695312,30292.5390625,30010.1914062,136952,output/seed_runs/cmamba_v__seed23/epoch949-val-rmse572.6860.ckpt,afb28215d656ea54421efb00e3c60ec9d8a818fff186c194be9a98b55dcecdf0,672faa9fb7cb4499da17d6a3afbd65a9301f170f,output/evaluation/forecast_predictions.csv
s5_full,CMamba-T / S5-Full,val,2023-07-07,2023-07-08,1688799600,30342.2695312,30292.5390625,30399.6972656,57249,output/seed_runs/s5_full__seed23/epoch321-val-rmse527.3419.ckpt,a2f8b0f39411e199e73ee22a8ae3055d3fc4218fa9d670b31af93d2e190df291,672faa9fb7cb4499da17d6a3afbd65a9301f170f,output/seed_runs/s5_full__seed23/val_preds.csv
naive_persistence,Naive persistence,val,2023-07-07,2023-07-08,1688799600,30342.2695312,30292.5390625,30342.2695312,0,,,,derived: predicted_close=current_close
cmamba_v_reproduced,Reproduced CM-v,val,2023-07-08,2023-07-09,1688886000,30292.5390625,30171.2304688,30436.2050781,136952,output/seed_runs/cmamba_v__seed23/epoch949-val-rmse572.6860.ckpt,afb28215d656ea54421efb00e3c60ec9d8a818fff186c194be9a98b55dcecdf0,672faa9fb7cb4499da17d6a3afbd65a9301f170f,output/evaluation/forecast_predictions.csv
s5_full,CMamba-T / S5-Full,val,2023-07-08,2023-07-09,1688886000,30292.5390625,30171.2304688,30342.4746094,57249,output/seed_runs/s5_full__seed23/epoch321-val-rmse527.3419.ckpt,a2f8b0f39411e199e73ee22a8ae3055d3fc4218fa9d670b31af93d2e190df291,672faa9fb7cb4499da17d6a3afbd65a9301f170f,output/seed_runs/s5_full__seed23/val_preds.csv
naive_persistence,Naive persistence,val,2023-07-08,2023-07-09,1688886000,30292.5390625,30171.2304688,30292.5390625,0,,,,derived: predicted_close=current_close
cmamba_v_reproduced,Reproduced CM-v,val,2023-07-09,2023-07-10,1688972400,30171.2304688,30414.4707031,30257.7167969,136952,output/seed_runs/cmamba_v__seed23/epoch949-val-rmse572.6860.ckpt,afb28215d656ea54421efb00e3c60ec9d8a818fff186c194be9a98b55dcecdf0,672faa9fb7cb4499da17d6a3afbd65a9301f170f,output/evaluation/forecast_predictions.csv
s5_full,CMamba-T / S5-Full,val,2023-07-09,2023-07-10,1688972400,30171.2304688,30414.4707031,30218.3222656,57249,output/seed_runs/s5_full__seed23/epoch321-val-rmse527.3419.ckpt,a2f8b0f39411e199e73ee22a8ae3055d3fc4218fa9d670b31af93d2e190df291,672faa9fb7cb4499da17d6a3afbd65a9301f170f,output/seed_runs/s5_full__seed23/val_preds.csv
naive_persistence,Naive persistence,val,2023-07-09,2023-07-10,1688972400,30171.2304688,30414.4707031,30171.2304688,0,,,,derived: predicted_close=current_close
cmamba_v_reproduced,Reproduced CM-v,val,2023-07-10,2023-07-11,1689058800,30414.4707031,30620.9492188,30420.7871094,136952,output/seed_runs/cmamba_v__seed23/epoch949-val-rmse572.6860.ckpt,afb28215d656ea54421efb00e3c60ec9d8a818fff186c194be9a98b55dcecdf0,672faa9fb7cb4499da17d6a3afbd65a9301f170f,output/evaluation/forecast_predictions.csv
s5_full,CMamba-T / S5-Full,val,2023-07-10,2023-07-11,1689058800,30414.4707031,30620.9492188,30480.7636719,57249,output/seed_runs/s5_full__seed23/epoch321-val-rmse527.3419.ckpt,a2f8b0f39411e199e73ee22a8ae3055d3fc4218fa9d670b31af93d2e190df291,672faa9fb7cb4499da17d6a3afbd65a9301f170f,output/seed_runs/s5_full__seed23/val_preds.csv
naive_persistence,Naive persistence,val,2023-07-10,2023-07-11,1689058800,30414.4707031,30620.9492188,30414.4707031,0,,,,derived: predicted_close=current_close
cmamba_v_reproduced,Reproduced CM-v,val,2023-07-11,2023-07-12,1689145200,30620.9492188,30391.6503906,30754.5449219,136952,output/seed_runs/cmamba_v__seed23/epoch949-val-rmse572.6860.ckpt,afb28215d656ea54421efb00e3c60ec9d8a818fff186c194be9a98b55dcecdf0,672faa9fb7cb4499da17d6a3afbd65a9301f170f,output/evaluation/forecast_predictions.csv
s5_full,CMamba-T / S5-Full,val,2023-07-11,2023-07-12,1689145200,30620.9492188,30391.6503906,30698.8730469,57249,output/seed_runs/s5_full__seed23/epoch321-val-rmse527.3419.ckpt,a2f8b0f39411e199e73ee22a8ae3055d3fc4218fa9d670b31af93d2e190df291,672faa9fb7cb4499da17d6a3afbd65a9301f170f,output/seed_runs/s5_full__seed23/val_preds.csv
naive_persistence,Naive persistence,val,2023-07-11,2023-07-12,1689145200,30620.9492188,30391.6503906,30620.9492188,0,,,,derived: predicted_close=current_close
cmamba_v_reproduced,Reproduced CM-v,val,2023-07-12,2023-07-13,1689231600,30391.6503906,31476.0507812,30603.7421875,136952,output/seed_runs/cmamba_v__seed23/epoch949-val-rmse572.6860.ckpt,afb28215d656ea54421efb00e3c60ec9d8a818fff186c194be9a98b55dcecdf0,672faa9fb7cb4499da17d6a3afbd65a9301f170f,output/evaluation/forecast_predictions.csv
s5_full,CMamba-T / S5-Full,val,2023-07-12,2023-07-13,1689231600,30391.6503906,31476.0507812,30461.2050781,57249,output/seed_runs/s5_full__seed23/epoch321-val-rmse527.3419.ckpt,a2f8b0f39411e199e73ee22a8ae3055d3fc4218fa9d670b31af93d2e190df291,672faa9fb7cb4499da17d6a3afbd65a9301f170f,output/seed_runs/s5_full__seed23/val_preds.csv
naive_persistence,Naive persistence,val,2023-07-12,2023-07-13,1689231600,30391.6503906,31476.0507812,30391.6503906,0,,,,derived: predicted_close=current_close
cmamba_v_reproduced,Reproduced CM-v,val,2023-07-13,2023-07-14,1689318000,31476.0507812,30334.0703125,31173.0136719,136952,output/seed_runs/cmamba_v__seed23/epoch949-val-rmse572.6860.ckpt,afb28215d656ea54421efb00e3c60ec9d8a818fff186c194be9a98b55dcecdf0,672faa9fb7cb4499da17d6a3afbd65a9301f170f,output/evaluation/forecast_predictions.csv
s5_full,CMamba-T / S5-Full,val,2023-07-13,2023-07-14,1689318000,31476.0507812,30334.0703125,31551.5917969,57249,output/seed_runs/s5_full__seed23/epoch321-val-rmse527.3419.ckpt,a2f8b0f39411e199e73ee22a8ae3055d3fc4218fa9d670b31af93d2e190df291,672faa9fb7cb4499da17d6a3afbd65a9301f170f,output/seed_runs/s5_full__seed23/val_preds.csv
naive_persistence,Naive persistence,val,2023-07-13,2023-07-14,1689318000,31476.0507812,30334.0703125,31476.0507812,0,,,,derived: predicted_close=current_close
cmamba_v_reproduced,Reproduced CM-v,val,2023-07-14,2023-07-15,1689404400,30334.0703125,30295.8105469,30810.7089844,136952,output/seed_runs/cmamba_v__seed23/epoch949-val-rmse572.6860.ckpt,afb28215d656ea54421efb00e3c60ec9d8a818fff186c194be9a98b55dcecdf0,672faa9fb7cb4499da17d6a3afbd65a9301f170f,output/evaluation/forecast_predictions.csv
s5_full,CMamba-T / S5-Full,val,2023-07-14,2023-07-15,1689404400,30334.0703125,30295.8105469,30397.0546875,57249,output/seed_runs/s5_full__seed23/epoch321-val-rmse527.3419.ckpt,a2f8b0f39411e199e73ee22a8ae3055d3fc4218fa9d670b31af93d2e190df291,672faa9fb7cb4499da17d6a3afbd65a9301f170f,output/seed_runs/s5_full__seed23/val_preds.csv
naive_persistence,Naive persistence,val,2023-07-14,2023-07-15,1689404400,30334.0703125,30295.8105469,30334.0703125,0,,,,derived: predicted_close=current_close
cmamba_v_reproduced,Reproduced CM-v,val,2023-07-15,2023-07-16,1689490800,30295.8105469,30249.1308594,30111.7949219,136952,output/seed_runs/cmamba_v__seed23/epoch949-val-rmse572.6860.ckpt,afb28215d656ea54421efb00e3c60ec9d8a818fff186c194be9a98b55dcecdf0,672faa9fb7cb4499da17d6a3afbd65a9301f170f,output/evaluation/forecast_predictions.csv
s5_full,CMamba-T / S5-Full,val,2023-07-15,2023-07-16,1689490800,30295.8105469,30249.1308594,30348.3769531,57249,output/seed_runs/s5_full__seed23/epoch321-val-rmse527.3419.ckpt,a2f8b0f39411e199e73ee22a8ae3055d3fc4218fa9d670b31af93d2e190df291,672faa9fb7cb4499da17d6a3afbd65a9301f170f,output/seed_runs/s5_full__seed23/val_preds.csv
naive_persistence,Naive persistence,val,2023-07-15,2023-07-16,1689490800,30295.8105469,30249.1308594,30295.8105469,0,,,,derived: predicted_close=current_close
cmamba_v_reproduced,Reproduced CM-v,val,2023-07-16,2023-07-17,1689577200,30249.1308594,30145.890625,30484.0175781,136952,output/seed_runs/cmamba_v__seed23/epoch949-val-rmse572.6860.ckpt,afb28215d656ea54421efb00e3c60ec9d8a818fff186c194be9a98b55dcecdf0,672faa9fb7cb4499da17d6a3afbd65a9301f170f,output/evaluation/forecast_predictions.csv
s5_full,CMamba-T / S5-Full,val,2023-07-16,2023-07-17,1689577200,30249.1308594,30145.890625,30287.9277344,57249,output/seed_runs/s5_full__seed23/epoch321-val-rmse527.3419.ckpt,a2f8b0f39411e199e73ee22a8ae3055d3fc4218fa9d670b31af93d2e190df291,672faa9fb7cb4499da17d6a3afbd65a9301f170f,output/seed_runs/s5_full__seed23/val_preds.csv
naive_persistence,Naive persistence,val,2023-07-16,2023-07-17,1689577200,30249.1308594,30145.890625,30249.1308594,0,,,,derived: predicted_close=current_close
cmamba_v_reproduced,Reproduced CM-v,val,2023-07-17,2023-07-18,1689663600,30145.890625,29856.5605469,30008.0761719,136952,output/seed_runs/cmamba_v__seed23/epoch949-val-rmse572.6860.ckpt,afb28215d656ea54421efb00e3c60ec9d8a818fff186c194be9a98b55dcecdf0,672faa9fb7cb4499da17d6a3afbd65a9301f170f,output/evaluation/forecast_predictions.csv
s5_full,CMamba-T / S5-Full,val,2023-07-17,2023-07-18,1689663600,30145.890625,29856.5605469,30199.2558594,57249,output/seed_runs/s5_full__seed23/epoch321-val-rmse527.3419.ckpt,a2f8b0f39411e199e73ee22a8ae3055d3fc4218fa9d670b31af93d2e190df291,672faa9fb7cb4499da17d6a3afbd65a9301f170f,output/seed_runs/s5_full__seed23/val_preds.csv
naive_persistence,Naive persistence,val,2023-07-17,2023-07-18,1689663600,30145.890625,29856.5605469,30145.890625,0,,,,derived: predicted_close=current_close
cmamba_v_reproduced,Reproduced CM-v,val,2023-07-18,2023-07-19,1689750000,29856.5605469,29913.9199219,29962.8691406,136952,output/seed_runs/cmamba_v__seed23/epoch949-val-rmse572.6860.ckpt,afb28215d656ea54421efb00e3c60ec9d8a818fff186c194be9a98b55dcecdf0,672faa9fb7cb4499da17d6a3afbd65a9301f170f,output/evaluation/forecast_predictions.csv
s5_full,CMamba-T / S5-Full,val,2023-07-18,2023-07-19,1689750000,29856.5605469,29913.9199219,29952.1601562,57249,output/seed_runs/s5_full__seed23/epoch321-val-rmse527.3419.ckpt,a2f8b0f39411e199e73ee22a8ae3055d3fc4218fa9d670b31af93d2e190df291,672faa9fb7cb4499da17d6a3afbd65a9301f170f,output/seed_runs/s5_full__seed23/val_preds.csv
naive_persistence,Naive persistence,val,2023-07-18,2023-07-19,1689750000,29856.5605469,29913.9199219,29856.5605469,0,,,,derived: predicted_close=current_close
cmamba_v_reproduced,Reproduced CM-v,val,2023-07-19,2023-07-20,1689836400,29913.9199219,29792.0195312,30041.9335938,136952,output/seed_runs/cmamba_v__seed23/epoch949-val-rmse572.6860.ckpt,afb28215d656ea54421efb00e3c60ec9d8a818fff186c194be9a98b55dcecdf0,672faa9fb7cb4499da17d6a3afbd65a9301f170f,output/evaluation/forecast_predictions.csv
s5_full,CMamba-T / S5-Full,val,2023-07-19,2023-07-20,1689836400,29913.9199219,29792.0195312,29979.5664062,57249,output/seed_runs/s5_full__seed23/epoch321-val-rmse527.3419.ckpt,a2f8b0f39411e199e73ee22a8ae3055d3fc4218fa9d670b31af93d2e190df291,672faa9fb7cb4499da17d6a3afbd65a9301f170f,output/seed_runs/s5_full__seed23/val_preds.csv
naive_persistence,Naive persistence,val,2023-07-19,2023-07-20,1689836400,29913.9199219,29792.0195312,29913.9199219,0,,,,derived: predicted_close=current_close
cmamba_v_reproduced,Reproduced CM-v,val,2023-07-20,2023-07-21,1689922800,29792.0195312,29908.7402344,29796.3652344,136952,output/seed_runs/cmamba_v__seed23/epoch949-val-rmse572.6860.ckpt,afb28215d656ea54421efb00e3c60ec9d8a818fff186c194be9a98b55dcecdf0,672faa9fb7cb4499da17d6a3afbd65a9301f170f,output/evaluation/forecast_predictions.csv
s5_full,CMamba-T / S5-Full,val,2023-07-20,2023-07-21,1689922800,29792.0195312,29908.7402344,29841.7519531,57249,output/seed_runs/s5_full__seed23/epoch321-val-rmse527.3419.ckpt,a2f8b0f39411e199e73ee22a8ae3055d3fc4218fa9d670b31af93d2e190df291,672faa9fb7cb4499da17d6a3afbd65a9301f170f,output/seed_runs/s5_full__seed23/val_preds.csv
naive_persistence,Naive persistence,val,2023-07-20,2023-07-21,1689922800,29792.0195312,29908.7402344,29792.0195312,0,,,,derived: predicted_close=current_close
cmamba_v_reproduced,Reproduced CM-v,val,2023-07-21,2023-07-22,1690009200,29908.7402344,29771.8007812,30050.8730469,136952,output/seed_runs/cmamba_v__seed23/epoch949-val-rmse572.6860.ckpt,afb28215d656ea54421efb00e3c60ec9d8a818fff186c194be9a98b55dcecdf0,672faa9fb7cb4499da17d6a3afbd65a9301f170f,output/evaluation/forecast_predictions.csv
s5_full,CMamba-T / S5-Full,val,2023-07-21,2023-07-22,1690009200,29908.7402344,29771.8007812,29953.1464844,57249,output/seed_runs/s5_full__seed23/epoch321-val-rmse527.3419.ckpt,a2f8b0f39411e199e73ee22a8ae3055d3fc4218fa9d670b31af93d2e190df291,672faa9fb7cb4499da17d6a3afbd65a9301f170f,output/seed_runs/s5_full__seed23/val_preds.csv
naive_persistence,Naive persistence,val,2023-07-21,2023-07-22,1690009200,29908.7402344,29771.8007812,29908.7402344,0,,,,derived: predicted_close=current_close
cmamba_v_reproduced,Reproduced CM-v,val,2023-07-22,2023-07-23,1690095600,29771.8007812,30084.5390625,29891.4042969,136952,output/seed_runs/cmamba_v__seed23/epoch949-val-rmse572.6860.ckpt,afb28215d656ea54421efb00e3c60ec9d8a818fff186c194be9a98b55dcecdf0,672faa9fb7cb4499da17d6a3afbd65a9301f170f,output/evaluation/forecast_predictions.csv
s5_full,CMamba-T / S5-Full,val,2023-07-22,2023-07-23,1690095600,29771.8007812,30084.5390625,29810.4609375,57249,output/seed_runs/s5_full__seed23/epoch321-val-rmse527.3419.ckpt,a2f8b0f39411e199e73ee22a8ae3055d3fc4218fa9d670b31af93d2e190df291,672faa9fb7cb4499da17d6a3afbd65a9301f170f,output/seed_runs/s5_full__seed23/val_preds.csv
naive_persistence,Naive persistence,val,2023-07-22,2023-07-23,1690095600,29771.8007812,30084.5390625,29771.8007812,0,,,,derived: predicted_close=current_close
cmamba_v_reproduced,Reproduced CM-v,val,2023-07-23,2023-07-24,1690182000,30084.5390625,29176.9199219,29969.6152344,136952,output/seed_runs/cmamba_v__seed23/epoch949-val-rmse572.6860.ckpt,afb28215d656ea54421efb00e3c60ec9d8a818fff186c194be9a98b55dcecdf0,672faa9fb7cb4499da17d6a3afbd65a9301f170f,output/evaluation/forecast_predictions.csv
s5_full,CMamba-T / S5-Full,val,2023-07-23,2023-07-24,1690182000,30084.5390625,29176.9199219,30127.2246094,57249,output/seed_runs/s5_full__seed23/epoch321-val-rmse527.3419.ckpt,a2f8b0f39411e199e73ee22a8ae3055d3fc4218fa9d670b31af93d2e190df291,672faa9fb7cb4499da17d6a3afbd65a9301f170f,output/seed_runs/s5_full__seed23/val_preds.csv
naive_persistence,Naive persistence,val,2023-07-23,2023-07-24,1690182000,30084.5390625,29176.9199219,30084.5390625,0,,,,derived: predicted_close=current_close
cmamba_v_reproduced,Reproduced CM-v,val,2023-07-24,2023-07-25,1690268400,29176.9199219,29227.390625,29484.3828125,136952,output/seed_runs/cmamba_v__seed23/epoch949-val-rmse572.6860.ckpt,afb28215d656ea54421efb00e3c60ec9d8a818fff186c194be9a98b55dcecdf0,672faa9fb7cb4499da17d6a3afbd65a9301f170f,output/evaluation/forecast_predictions.csv
s5_full,CMamba-T / S5-Full,val,2023-07-24,2023-07-25,1690268400,29176.9199219,29227.390625,29229.7421875,57249,output/seed_runs/s5_full__seed23/epoch321-val-rmse527.3419.ckpt,a2f8b0f39411e199e73ee22a8ae3055d3fc4218fa9d670b31af93d2e190df291,672faa9fb7cb4499da17d6a3afbd65a9301f170f,output/seed_runs/s5_full__seed23/val_preds.csv
naive_persistence,Naive persistence,val,2023-07-24,2023-07-25,1690268400,29176.9199219,29227.390625,29176.9199219,0,,,,derived: predicted_close=current_close
cmamba_v_reproduced,Reproduced CM-v,val,2023-07-25,2023-07-26,1690354800,29227.390625,29354.9707031,29156.7910156,136952,output/seed_runs/cmamba_v__seed23/epoch949-val-rmse572.6860.ckpt,afb28215d656ea54421efb00e3c60ec9d8a818fff186c194be9a98b55dcecdf0,672faa9fb7cb4499da17d6a3afbd65a9301f170f,output/evaluation/forecast_predictions.csv
s5_full,CMamba-T / S5-Full,val,2023-07-25,2023-07-26,1690354800,29227.390625,29354.9707031,29285.3085938,57249,output/seed_runs/s5_full__seed23/epoch321-val-rmse527.3419.ckpt,a2f8b0f39411e199e73ee22a8ae3055d3fc4218fa9d670b31af93d2e190df291,672faa9fb7cb4499da17d6a3afbd65a9301f170f,output/seed_runs/s5_full__seed23/val_preds.csv
naive_persistence,Naive persistence,val,2023-07-25,2023-07-26,1690354800,29227.390625,29354.9707031,29227.390625,0,,,,derived: predicted_close=current_close
cmamba_v_reproduced,Reproduced CM-v,val,2023-07-26,2023-07-27,1690441200,29354.9707031,29210.6894531,29485.7402344,136952,output/seed_runs/cmamba_v__seed23/epoch949-val-rmse572.6860.ckpt,afb28215d656ea54421efb00e3c60ec9d8a818fff186c194be9a98b55dcecdf0,672faa9fb7cb4499da17d6a3afbd65a9301f170f,output/evaluation/forecast_predictions.csv
s5_full,CMamba-T / S5-Full,val,2023-07-26,2023-07-27,1690441200,29354.9707031,29210.6894531,29395.1757812,57249,output/seed_runs/s5_full__seed23/epoch321-val-rmse527.3419.ckpt,a2f8b0f39411e199e73ee22a8ae3055d3fc4218fa9d670b31af93d2e190df291,672faa9fb7cb4499da17d6a3afbd65a9301f170f,output/seed_runs/s5_full__seed23/val_preds.csv
naive_persistence,Naive persistence,val,2023-07-26,2023-07-27,1690441200,29354.9707031,29210.6894531,29354.9707031,0,,,,derived: predicted_close=current_close
cmamba_v_reproduced,Reproduced CM-v,val,2023-07-27,2023-07-28,1690527600,29210.6894531,29319.25,29272.4980469,136952,output/seed_runs/cmamba_v__seed23/epoch949-val-rmse572.6860.ckpt,afb28215d656ea54421efb00e3c60ec9d8a818fff186c194be9a98b55dcecdf0,672faa9fb7cb4499da17d6a3afbd65a9301f170f,output/evaluation/forecast_predictions.csv
s5_full,CMamba-T / S5-Full,val,2023-07-27,2023-07-28,1690527600,29210.6894531,29319.25,29242.3808594,57249,output/seed_runs/s5_full__seed23/epoch321-val-rmse527.3419.ckpt,a2f8b0f39411e199e73ee22a8ae3055d3fc4218fa9d670b31af93d2e190df291,672faa9fb7cb4499da17d6a3afbd65a9301f170f,output/seed_runs/s5_full__seed23/val_preds.csv
naive_persistence,Naive persistence,val,2023-07-27,2023-07-28,1690527600,29210.6894531,29319.25,29210.6894531,0,,,,derived: predicted_close=current_close
cmamba_v_reproduced,Reproduced CM-v,val,2023-07-28,2023-07-29,1690614000,29319.25,29356.9199219,29344.4453125,136952,output/seed_runs/cmamba_v__seed23/epoch949-val-rmse572.6860.ckpt,afb28215d656ea54421efb00e3c60ec9d8a818fff186c194be9a98b55dcecdf0,672faa9fb7cb4499da17d6a3afbd65a9301f170f,output/evaluation/forecast_predictions.csv
s5_full,CMamba-T / S5-Full,val,2023-07-28,2023-07-29,1690614000,29319.25,29356.9199219,29363.0097656,57249,output/seed_runs/s5_full__seed23/epoch321-val-rmse527.3419.ckpt,a2f8b0f39411e199e73ee22a8ae3055d3fc4218fa9d670b31af93d2e190df291,672faa9fb7cb4499da17d6a3afbd65a9301f170f,output/seed_runs/s5_full__seed23/val_preds.csv
naive_persistence,Naive persistence,val,2023-07-28,2023-07-29,1690614000,29319.25,29356.9199219,29319.25,0,,,,derived: predicted_close=current_close
cmamba_v_reproduced,Reproduced CM-v,val,2023-07-29,2023-07-30,1690700400,29356.9199219,29275.3105469,29413.3105469,136952,output/seed_runs/cmamba_v__seed23/epoch949-val-rmse572.6860.ckpt,afb28215d656ea54421efb00e3c60ec9d8a818fff186c194be9a98b55dcecdf0,672faa9fb7cb4499da17d6a3afbd65a9301f170f,output/evaluation/forecast_predictions.csv
s5_full,CMamba-T / S5-Full,val,2023-07-29,2023-07-30,1690700400,29356.9199219,29275.3105469,29394.1132812,57249,output/seed_runs/s5_full__seed23/epoch321-val-rmse527.3419.ckpt,a2f8b0f39411e199e73ee22a8ae3055d3fc4218fa9d670b31af93d2e190df291,672faa9fb7cb4499da17d6a3afbd65a9301f170f,output/seed_runs/s5_full__seed23/val_preds.csv
naive_persistence,Naive persistence,val,2023-07-29,2023-07-30,1690700400,29356.9199219,29275.3105469,29356.9199219,0,,,,derived: predicted_close=current_close
cmamba_v_reproduced,Reproduced CM-v,val,2023-07-30,2023-07-31,1690786800,29275.3105469,29230.109375,29251.65625,136952,output/seed_runs/cmamba_v__seed23/epoch949-val-rmse572.6860.ckpt,afb28215d656ea54421efb00e3c60ec9d8a818fff186c194be9a98b55dcecdf0,672faa9fb7cb4499da17d6a3afbd65a9301f170f,output/evaluation/forecast_predictions.csv
s5_full,CMamba-T / S5-Full,val,2023-07-30,2023-07-31,1690786800,29275.3105469,29230.109375,29313.3085938,57249,output/seed_runs/s5_full__seed23/epoch321-val-rmse527.3419.ckpt,a2f8b0f39411e199e73ee22a8ae3055d3fc4218fa9d670b31af93d2e190df291,672faa9fb7cb4499da17d6a3afbd65a9301f170f,output/seed_runs/s5_full__seed23/val_preds.csv
naive_persistence,Naive persistence,val,2023-07-30,2023-07-31,1690786800,29275.3105469,29230.109375,29275.3105469,0,,,,derived: predicted_close=current_close
cmamba_v_reproduced,Reproduced CM-v,val,2023-07-31,2023-08-01,1690873200,29230.109375,29675.7304688,29463.4179688,136952,output/seed_runs/cmamba_v__seed23/epoch949-val-rmse572.6860.ckpt,afb28215d656ea54421efb00e3c60ec9d8a818fff186c194be9a98b55dcecdf0,672faa9fb7cb4499da17d6a3afbd65a9301f170f,output/evaluation/forecast_predictions.csv
s5_full,CMamba-T / S5-Full,val,2023-07-31,2023-08-01,1690873200,29230.109375,29675.7304688,29277.4492188,57249,output/seed_runs/s5_full__seed23/epoch321-val-rmse527.3419.ckpt,a2f8b0f39411e199e73ee22a8ae3055d3fc4218fa9d670b31af93d2e190df291,672faa9fb7cb4499da17d6a3afbd65a9301f170f,output/seed_runs/s5_full__seed23/val_preds.csv
naive_persistence,Naive persistence,val,2023-07-31,2023-08-01,1690873200,29230.109375,29675.7304688,29230.109375,0,,,,derived: predicted_close=current_close
cmamba_v_reproduced,Reproduced CM-v,val,2023-08-01,2023-08-02,1690959600,29675.7304688,29151.9609375,29316.7285156,136952,output/seed_runs/cmamba_v__seed23/epoch949-val-rmse572.6860.ckpt,afb28215d656ea54421efb00e3c60ec9d8a818fff186c194be9a98b55dcecdf0,672faa9fb7cb4499da17d6a3afbd65a9301f170f,output/evaluation/forecast_predictions.csv
s5_full,CMamba-T / S5-Full,val,2023-08-01,2023-08-02,1690959600,29675.7304688,29151.9609375,29743.84375,57249,output/seed_runs/s5_full__seed23/epoch321-val-rmse527.3419.ckpt,a2f8b0f39411e199e73ee22a8ae3055d3fc4218fa9d670b31af93d2e190df291,672faa9fb7cb4499da17d6a3afbd65a9301f170f,output/seed_runs/s5_full__seed23/val_preds.csv
naive_persistence,Naive persistence,val,2023-08-01,2023-08-02,1690959600,29675.7304688,29151.9609375,29675.7304688,0,,,,derived: predicted_close=current_close
cmamba_v_reproduced,Reproduced CM-v,val,2023-08-02,2023-08-03,1691046000,29151.9609375,29178.6796875,29460.7851562,136952,output/seed_runs/cmamba_v__seed23/epoch949-val-rmse572.6860.ckpt,afb28215d656ea54421efb00e3c60ec9d8a818fff186c194be9a98b55dcecdf0,672faa9fb7cb4499da17d6a3afbd65a9301f170f,output/evaluation/forecast_predictions.csv
s5_full,CMamba-T / S5-Full,val,2023-08-02,2023-08-03,1691046000,29151.9609375,29178.6796875,29210.4375,57249,output/seed_runs/s5_full__seed23/epoch321-val-rmse527.3419.ckpt,a2f8b0f39411e199e73ee22a8ae3055d3fc4218fa9d670b31af93d2e190df291,672faa9fb7cb4499da17d6a3afbd65a9301f170f,output/seed_runs/s5_full__seed23/val_preds.csv
naive_persistence,Naive persistence,val,2023-08-02,2023-08-03,1691046000,29151.9609375,29178.6796875,29151.9609375,0,,,,derived: predicted_close=current_close
cmamba_v_reproduced,Reproduced CM-v,val,2023-08-03,2023-08-04,1691132400,29178.6796875,29074.0898438,29158.6894531,136952,output/seed_runs/cmamba_v__seed23/epoch949-val-rmse572.6860.ckpt,afb28215d656ea54421efb00e3c60ec9d8a818fff186c194be9a98b55dcecdf0,672faa9fb7cb4499da17d6a3afbd65a9301f170f,output/evaluation/forecast_predictions.csv
s5_full,CMamba-T / S5-Full,val,2023-08-03,2023-08-04,1691132400,29178.6796875,29074.0898438,29224.4472656,57249,output/seed_runs/s5_full__seed23/epoch321-val-rmse527.3419.ckpt,a2f8b0f39411e199e73ee22a8ae3055d3fc4218fa9d670b31af93d2e190df291,672faa9fb7cb4499da17d6a3afbd65a9301f170f,output/seed_runs/s5_full__seed23/val_preds.csv
naive_persistence,Naive persistence,val,2023-08-03,2023-08-04,1691132400,29178.6796875,29074.0898438,29178.6796875,0,,,,derived: predicted_close=current_close
cmamba_v_reproduced,Reproduced CM-v,val,2023-08-04,2023-08-05,1691218800,29074.0898438,29042.1308594,29176.8183594,136952,output/seed_runs/cmamba_v__seed23/epoch949-val-rmse572.6860.ckpt,afb28215d656ea54421efb00e3c60ec9d8a818fff186c194be9a98b55dcecdf0,672faa9fb7cb4499da17d6a3afbd65a9301f170f,output/evaluation/forecast_predictions.csv
s5_full,CMamba-T / S5-Full,val,2023-08-04,2023-08-05,1691218800,29074.0898438,29042.1308594,29100.6074219,57249,output/seed_runs/s5_full__seed23/epoch321-val-rmse527.3419.ckpt,a2f8b0f39411e199e73ee22a8ae3055d3fc4218fa9d670b31af93d2e190df291,672faa9fb7cb4499da17d6a3afbd65a9301f170f,output/seed_runs/s5_full__seed23/val_preds.csv
naive_persistence,Naive persistence,val,2023-08-04,2023-08-05,1691218800,29074.0898438,29042.1308594,29074.0898438,0,,,,derived: predicted_close=current_close
cmamba_v_reproduced,Reproduced CM-v,val,2023-08-05,2023-08-06,1691305200,29042.1308594,29041.859375,29080.5839844,136952,output/seed_runs/cmamba_v__seed23/epoch949-val-rmse572.6860.ckpt,afb28215d656ea54421efb00e3c60ec9d8a818fff186c194be9a98b55dcecdf0,672faa9fb7cb4499da17d6a3afbd65a9301f170f,output/evaluation/forecast_predictions.csv
s5_full,CMamba-T / S5-Full,val,2023-08-05,2023-08-06,1691305200,29042.1308594,29041.859375,29064.1640625,57249,output/seed_runs/s5_full__seed23/epoch321-val-rmse527.3419.ckpt,a2f8b0f39411e199e73ee22a8ae3055d3fc4218fa9d670b31af93d2e190df291,672faa9fb7cb4499da17d6a3afbd65a9301f170f,output/seed_runs/s5_full__seed23/val_preds.csv
naive_persistence,Naive persistence,val,2023-08-05,2023-08-06,1691305200,29042.1308594,29041.859375,29042.1308594,0,,,,derived: predicted_close=current_close
cmamba_v_reproduced,Reproduced CM-v,val,2023-08-06,2023-08-07,1691391600,29041.859375,29180.5800781,29096.5019531,136952,output/seed_runs/cmamba_v__seed23/epoch949-val-rmse572.6860.ckpt,afb28215d656ea54421efb00e3c60ec9d8a818fff186c194be9a98b55dcecdf0,672faa9fb7cb4499da17d6a3afbd65a9301f170f,output/evaluation/forecast_predictions.csv
s5_full,CMamba-T / S5-Full,val,2023-08-06,2023-08-07,1691391600,29041.859375,29180.5800781,29076.7636719,57249,output/seed_runs/s5_full__seed23/epoch321-val-rmse527.3419.ckpt,a2f8b0f39411e199e73ee22a8ae3055d3fc4218fa9d670b31af93d2e190df291,672faa9fb7cb4499da17d6a3afbd65a9301f170f,output/seed_runs/s5_full__seed23/val_preds.csv
naive_persistence,Naive persistence,val,2023-08-06,2023-08-07,1691391600,29041.859375,29180.5800781,29041.859375,0,,,,derived: predicted_close=current_close
cmamba_v_reproduced,Reproduced CM-v,val,2023-08-07,2023-08-08,1691478000,29180.5800781,29765.4902344,29106.1035156,136952,output/seed_runs/cmamba_v__seed23/epoch949-val-rmse572.6860.ckpt,afb28215d656ea54421efb00e3c60ec9d8a818fff186c194be9a98b55dcecdf0,672faa9fb7cb4499da17d6a3afbd65a9301f170f,output/evaluation/forecast_predictions.csv
s5_full,CMamba-T / S5-Full,val,2023-08-07,2023-08-08,1691478000,29180.5800781,29765.4902344,29238.5019531,57249,output/seed_runs/s5_full__seed23/epoch321-val-rmse527.3419.ckpt,a2f8b0f39411e199e73ee22a8ae3055d3fc4218fa9d670b31af93d2e190df291,672faa9fb7cb4499da17d6a3afbd65a9301f170f,output/seed_runs/s5_full__seed23/val_preds.csv
naive_persistence,Naive persistence,val,2023-08-07,2023-08-08,1691478000,29180.5800781,29765.4902344,29180.5800781,0,,,,derived: predicted_close=current_close
cmamba_v_reproduced,Reproduced CM-v,val,2023-08-08,2023-08-09,1691564400,29765.4902344,29561.4902344,29787.2871094,136952,output/seed_runs/cmamba_v__seed23/epoch949-val-rmse572.6860.ckpt,afb28215d656ea54421efb00e3c60ec9d8a818fff186c194be9a98b55dcecdf0,672faa9fb7cb4499da17d6a3afbd65a9301f170f,output/evaluation/forecast_predictions.csv
s5_full,CMamba-T / S5-Full,val,2023-08-08,2023-08-09,1691564400,29765.4902344,29561.4902344,29835.4980469,57249,output/seed_runs/s5_full__seed23/epoch321-val-rmse527.3419.ckpt,a2f8b0f39411e199e73ee22a8ae3055d3fc4218fa9d670b31af93d2e190df291,672faa9fb7cb4499da17d6a3afbd65a9301f170f,output/seed_runs/s5_full__seed23/val_preds.csv
naive_persistence,Naive persistence,val,2023-08-08,2023-08-09,1691564400,29765.4902344,29561.4902344,29765.4902344,0,,,,derived: predicted_close=current_close
cmamba_v_reproduced,Reproduced CM-v,val,2023-08-09,2023-08-10,1691650800,29561.4902344,29429.5898438,29738.7011719,136952,output/seed_runs/cmamba_v__seed23/epoch949-val-rmse572.6860.ckpt,afb28215d656ea54421efb00e3c60ec9d8a818fff186c194be9a98b55dcecdf0,672faa9fb7cb4499da17d6a3afbd65a9301f170f,output/evaluation/forecast_predictions.csv
s5_full,CMamba-T / S5-Full,val,2023-08-09,2023-08-10,1691650800,29561.4902344,29429.5898438,29630.5742188,57249,output/seed_runs/s5_full__seed23/epoch321-val-rmse527.3419.ckpt,a2f8b0f39411e199e73ee22a8ae3055d3fc4218fa9d670b31af93d2e190df291,672faa9fb7cb4499da17d6a3afbd65a9301f170f,output/seed_runs/s5_full__seed23/val_preds.csv
naive_persistence,Naive persistence,val,2023-08-09,2023-08-10,1691650800,29561.4902344,29429.5898438,29561.4902344,0,,,,derived: predicted_close=current_close
cmamba_v_reproduced,Reproduced CM-v,val,2023-08-10,2023-08-11,1691737200,29429.5898438,29397.7109375,29551.5097656,136952,output/seed_runs/cmamba_v__seed23/epoch949-val-rmse572.6860.ckpt,afb28215d656ea54421efb00e3c60ec9d8a818fff186c194be9a98b55dcecdf0,672faa9fb7cb4499da17d6a3afbd65a9301f170f,output/evaluation/forecast_predictions.csv
s5_full,CMamba-T / S5-Full,val,2023-08-10,2023-08-11,1691737200,29429.5898438,29397.7109375,29474.0605469,57249,output/seed_runs/s5_full__seed23/epoch321-val-rmse527.3419.ckpt,a2f8b0f39411e199e73ee22a8ae3055d3fc4218fa9d670b31af93d2e190df291,672faa9fb7cb4499da17d6a3afbd65a9301f170f,output/seed_runs/s5_full__seed23/val_preds.csv
naive_persistence,Naive persistence,val,2023-08-10,2023-08-11,1691737200,29429.5898438,29397.7109375,29429.5898438,0,,,,derived: predicted_close=current_close
cmamba_v_reproduced,Reproduced CM-v,val,2023-08-11,2023-08-12,1691823600,29397.7109375,29415.9609375,29435.7929688,136952,output/seed_runs/cmamba_v__seed23/epoch949-val-rmse572.6860.ckpt,afb28215d656ea54421efb00e3c60ec9d8a818fff186c194be9a98b55dcecdf0,672faa9fb7cb4499da17d6a3afbd65a9301f170f,output/evaluation/forecast_predictions.csv
s5_full,CMamba-T / S5-Full,val,2023-08-11,2023-08-12,1691823600,29397.7109375,29415.9609375,29421.1171875,57249,output/seed_runs/s5_full__seed23/epoch321-val-rmse527.3419.ckpt,a2f8b0f39411e199e73ee22a8ae3055d3fc4218fa9d670b31af93d2e190df291,672faa9fb7cb4499da17d6a3afbd65a9301f170f,output/seed_runs/s5_full__seed23/val_preds.csv
naive_persistence,Naive persistence,val,2023-08-11,2023-08-12,1691823600,29397.7109375,29415.9609375,29397.7109375,0,,,,derived: predicted_close=current_close
cmamba_v_reproduced,Reproduced CM-v,val,2023-08-12,2023-08-13,1691910000,29415.9609375,29282.9101562,29462.703125,136952,output/seed_runs/cmamba_v__seed23/epoch949-val-rmse572.6860.ckpt,afb28215d656ea54421efb00e3c60ec9d8a818fff186c194be9a98b55dcecdf0,672faa9fb7cb4499da17d6a3afbd65a9301f170f,output/evaluation/forecast_predictions.csv
s5_full,CMamba-T / S5-Full,val,2023-08-12,2023-08-13,1691910000,29415.9609375,29282.9101562,29428.9980469,57249,output/seed_runs/s5_full__seed23/epoch321-val-rmse527.3419.ckpt,a2f8b0f39411e199e73ee22a8ae3055d3fc4218fa9d670b31af93d2e190df291,672faa9fb7cb4499da17d6a3afbd65a9301f170f,output/seed_runs/s5_full__seed23/val_preds.csv
naive_persistence,Naive persistence,val,2023-08-12,2023-08-13,1691910000,29415.9609375,29282.9101562,29415.9609375,0,,,,derived: predicted_close=current_close
cmamba_v_reproduced,Reproduced CM-v,val,2023-08-13,2023-08-14,1691996400,29282.9101562,29408.4394531,29379.21875,136952,output/seed_runs/cmamba_v__seed23/epoch949-val-rmse572.6860.ckpt,afb28215d656ea54421efb00e3c60ec9d8a818fff186c194be9a98b55dcecdf0,672faa9fb7cb4499da17d6a3afbd65a9301f170f,output/evaluation/forecast_predictions.csv
s5_full,CMamba-T / S5-Full,val,2023-08-13,2023-08-14,1691996400,29282.9101562,29408.4394531,29304.7558594,57249,output/seed_runs/s5_full__seed23/epoch321-val-rmse527.3419.ckpt,a2f8b0f39411e199e73ee22a8ae3055d3fc4218fa9d670b31af93d2e190df291,672faa9fb7cb4499da17d6a3afbd65a9301f170f,output/seed_runs/s5_full__seed23/val_preds.csv
naive_persistence,Naive persistence,val,2023-08-13,2023-08-14,1691996400,29282.9101562,29408.4394531,29282.9101562,0,,,,derived: predicted_close=current_close
cmamba_v_reproduced,Reproduced CM-v,val,2023-08-14,2023-08-15,1692082800,29408.4394531,29170.3496094,29444.0644531,136952,output/seed_runs/cmamba_v__seed23/epoch949-val-rmse572.6860.ckpt,afb28215d656ea54421efb00e3c60ec9d8a818fff186c194be9a98b55dcecdf0,672faa9fb7cb4499da17d6a3afbd65a9301f170f,output/evaluation/forecast_predictions.csv
s5_full,CMamba-T / S5-Full,val,2023-08-14,2023-08-15,1692082800,29408.4394531,29170.3496094,29445.8496094,57249,output/seed_runs/s5_full__seed23/epoch321-val-rmse527.3419.ckpt,a2f8b0f39411e199e73ee22a8ae3055d3fc4218fa9d670b31af93d2e190df291,672faa9fb7cb4499da17d6a3afbd65a9301f170f,output/seed_runs/s5_full__seed23/val_preds.csv
naive_persistence,Naive persistence,val,2023-08-14,2023-08-15,1692082800,29408.4394531,29170.3496094,29408.4394531,0,,,,derived: predicted_close=current_close
cmamba_v_reproduced,Reproduced CM-v,val,2023-08-15,2023-08-16,1692169200,29170.3496094,28701.7792969,29212.3730469,136952,output/seed_runs/cmamba_v__seed23/epoch949-val-rmse572.6860.ckpt,afb28215d656ea54421efb00e3c60ec9d8a818fff186c194be9a98b55dcecdf0,672faa9fb7cb4499da17d6a3afbd65a9301f170f,output/evaluation/forecast_predictions.csv
s5_full,CMamba-T / S5-Full,val,2023-08-15,2023-08-16,1692169200,29170.3496094,28701.7792969,29203.7226562,57249,output/seed_runs/s5_full__seed23/epoch321-val-rmse527.3419.ckpt,a2f8b0f39411e199e73ee22a8ae3055d3fc4218fa9d670b31af93d2e190df291,672faa9fb7cb4499da17d6a3afbd65a9301f170f,output/seed_runs/s5_full__seed23/val_preds.csv
naive_persistence,Naive persistence,val,2023-08-15,2023-08-16,1692169200,29170.3496094,28701.7792969,29170.3496094,0,,,,derived: predicted_close=current_close
cmamba_v_reproduced,Reproduced CM-v,val,2023-08-16,2023-08-17,1692255600,28701.7792969,26664.5507812,28983.9042969,136952,output/seed_runs/cmamba_v__seed23/epoch949-val-rmse572.6860.ckpt,afb28215d656ea54421efb00e3c60ec9d8a818fff186c194be9a98b55dcecdf0,672faa9fb7cb4499da17d6a3afbd65a9301f170f,output/evaluation/forecast_predictions.csv
s5_full,CMamba-T / S5-Full,val,2023-08-16,2023-08-17,1692255600,28701.7792969,26664.5507812,28714.203125,57249,output/seed_runs/s5_full__seed23/epoch321-val-rmse527.3419.ckpt,a2f8b0f39411e199e73ee22a8ae3055d3fc4218fa9d670b31af93d2e190df291,672faa9fb7cb4499da17d6a3afbd65a9301f170f,output/seed_runs/s5_full__seed23/val_preds.csv
naive_persistence,Naive persistence,val,2023-08-16,2023-08-17,1692255600,28701.7792969,26664.5507812,28701.7792969,0,,,,derived: predicted_close=current_close
cmamba_v_reproduced,Reproduced CM-v,val,2023-08-17,2023-08-18,1692342000,26664.5507812,26049.5605469,26918.4980469,136952,output/seed_runs/cmamba_v__seed23/epoch949-val-rmse572.6860.ckpt,afb28215d656ea54421efb00e3c60ec9d8a818fff186c194be9a98b55dcecdf0,672faa9fb7cb4499da17d6a3afbd65a9301f170f,output/evaluation/forecast_predictions.csv
s5_full,CMamba-T / S5-Full,val,2023-08-17,2023-08-18,1692342000,26664.5507812,26049.5605469,26665.0429688,57249,output/seed_runs/s5_full__seed23/epoch321-val-rmse527.3419.ckpt,a2f8b0f39411e199e73ee22a8ae3055d3fc4218fa9d670b31af93d2e190df291,672faa9fb7cb4499da17d6a3afbd65a9301f170f,output/seed_runs/s5_full__seed23/val_preds.csv
naive_persistence,Naive persistence,val,2023-08-17,2023-08-18,1692342000,26664.5507812,26049.5605469,26664.5507812,0,,,,derived: predicted_close=current_close
cmamba_v_reproduced,Reproduced CM-v,val,2023-08-18,2023-08-19,1692428400,26049.5605469,26096.2109375,26064.6054688,136952,output/seed_runs/cmamba_v__seed23/epoch949-val-rmse572.6860.ckpt,afb28215d656ea54421efb00e3c60ec9d8a818fff186c194be9a98b55dcecdf0,672faa9fb7cb4499da17d6a3afbd65a9301f170f,output/evaluation/forecast_predictions.csv
s5_full,CMamba-T / S5-Full,val,2023-08-18,2023-08-19,1692428400,26049.5605469,26096.2109375,25878.9375,57249,output/seed_runs/s5_full__seed23/epoch321-val-rmse527.3419.ckpt,a2f8b0f39411e199e73ee22a8ae3055d3fc4218fa9d670b31af93d2e190df291,672faa9fb7cb4499da17d6a3afbd65a9301f170f,output/seed_runs/s5_full__seed23/val_preds.csv
naive_persistence,Naive persistence,val,2023-08-18,2023-08-19,1692428400,26049.5605469,26096.2109375,26049.5605469,0,,,,derived: predicted_close=current_close
cmamba_v_reproduced,Reproduced CM-v,val,2023-08-19,2023-08-20,1692514800,26096.2109375,26189.5800781,26065.0175781,136952,output/seed_runs/cmamba_v__seed23/epoch949-val-rmse572.6860.ckpt,afb28215d656ea54421efb00e3c60ec9d8a818fff186c194be9a98b55dcecdf0,672faa9fb7cb4499da17d6a3afbd65a9301f170f,output/evaluation/forecast_predictions.csv
s5_full,CMamba-T / S5-Full,val,2023-08-19,2023-08-20,1692514800,26096.2109375,26189.5800781,25716.6308594,57249,output/seed_runs/s5_full__seed23/epoch321-val-rmse527.3419.ckpt,a2f8b0f39411e199e73ee22a8ae3055d3fc4218fa9d670b31af93d2e190df291,672faa9fb7cb4499da17d6a3afbd65a9301f170f,output/seed_runs/s5_full__seed23/val_preds.csv
naive_persistence,Naive persistence,val,2023-08-19,2023-08-20,1692514800,26096.2109375,26189.5800781,26096.2109375,0,,,,derived: predicted_close=current_close
cmamba_v_reproduced,Reproduced CM-v,val,2023-08-20,2023-08-21,1692601200,26189.5800781,26124.140625,26084.5253906,136952,output/seed_runs/cmamba_v__seed23/epoch949-val-rmse572.6860.ckpt,afb28215d656ea54421efb00e3c60ec9d8a818fff186c194be9a98b55dcecdf0,672faa9fb7cb4499da17d6a3afbd65a9301f170f,output/evaluation/forecast_predictions.csv
s5_full,CMamba-T / S5-Full,val,2023-08-20,2023-08-21,1692601200,26189.5800781,26124.140625,25849.0019531,57249,output/seed_runs/s5_full__seed23/epoch321-val-rmse527.3419.ckpt,a2f8b0f39411e199e73ee22a8ae3055d3fc4218fa9d670b31af93d2e190df291,672faa9fb7cb4499da17d6a3afbd65a9301f170f,output/seed_runs/s5_full__seed23/val_preds.csv
naive_persistence,Naive persistence,val,2023-08-20,2023-08-21,1692601200,26189.5800781,26124.140625,26189.5800781,0,,,,derived: predicted_close=current_close
cmamba_v_reproduced,Reproduced CM-v,val,2023-08-21,2023-08-22,1692687600,26124.140625,26031.6601562,26059.4472656,136952,output/seed_runs/cmamba_v__seed23/epoch949-val-rmse572.6860.ckpt,afb28215d656ea54421efb00e3c60ec9d8a818fff186c194be9a98b55dcecdf0,672faa9fb7cb4499da17d6a3afbd65a9301f170f,output/evaluation/forecast_predictions.csv
s5_full,CMamba-T / S5-Full,val,2023-08-21,2023-08-22,1692687600,26124.140625,26031.6601562,26044.5,57249,output/seed_runs/s5_full__seed23/epoch321-val-rmse527.3419.ckpt,a2f8b0f39411e199e73ee22a8ae3055d3fc4218fa9d670b31af93d2e190df291,672faa9fb7cb4499da17d6a3afbd65a9301f170f,output/seed_runs/s5_full__seed23/val_preds.csv
naive_persistence,Naive persistence,val,2023-08-21,2023-08-22,1692687600,26124.140625,26031.6601562,26124.140625,0,,,,derived: predicted_close=current_close
cmamba_v_reproduced,Reproduced CM-v,val,2023-08-22,2023-08-23,1692774000,26031.6601562,26431.640625,25915.6875,136952,output/seed_runs/cmamba_v__seed23/epoch949-val-rmse572.6860.ckpt,afb28215d656ea54421efb00e3c60ec9d8a818fff186c194be9a98b55dcecdf0,672faa9fb7cb4499da17d6a3afbd65a9301f170f,output/evaluation/forecast_predictions.csv
s5_full,CMamba-T / S5-Full,val,2023-08-22,2023-08-23,1692774000,26031.6601562,26431.640625,26037.1875,57249,output/seed_runs/s5_full__seed23/epoch321-val-rmse527.3419.ckpt,a2f8b0f39411e199e73ee22a8ae3055d3fc4218fa9d670b31af93d2e190df291,672faa9fb7cb4499da17d6a3afbd65a9301f170f,output/seed_runs/s5_full__seed23/val_preds.csv
naive_persistence,Naive persistence,val,2023-08-22,2023-08-23,1692774000,26031.6601562,26431.640625,26031.6601562,0,,,,derived: predicted_close=current_close
cmamba_v_reproduced,Reproduced CM-v,val,2023-08-23,2023-08-24,1692860400,26431.640625,26162.3691406,26472.9472656,136952,output/seed_runs/cmamba_v__seed23/epoch949-val-rmse572.6860.ckpt,afb28215d656ea54421efb00e3c60ec9d8a818fff186c194be9a98b55dcecdf0,672faa9fb7cb4499da17d6a3afbd65a9301f170f,output/evaluation/forecast_predictions.csv
s5_full,CMamba-T / S5-Full,val,2023-08-23,2023-08-24,1692860400,26431.640625,26162.3691406,26428.9726562,57249,output/seed_runs/s5_full__seed23/epoch321-val-rmse527.3419.ckpt,a2f8b0f39411e199e73ee22a8ae3055d3fc4218fa9d670b31af93d2e190df291,672faa9fb7cb4499da17d6a3afbd65a9301f170f,output/seed_runs/s5_full__seed23/val_preds.csv
naive_persistence,Naive persistence,val,2023-08-23,2023-08-24,1692860400,26431.640625,26162.3691406,26431.640625,0,,,,derived: predicted_close=current_close
cmamba_v_reproduced,Reproduced CM-v,val,2023-08-24,2023-08-25,1692946800,26162.3691406,26047.6699219,26419.1640625,136952,output/seed_runs/cmamba_v__seed23/epoch949-val-rmse572.6860.ckpt,afb28215d656ea54421efb00e3c60ec9d8a818fff186c194be9a98b55dcecdf0,672faa9fb7cb4499da17d6a3afbd65a9301f170f,output/evaluation/forecast_predictions.csv
s5_full,CMamba-T / S5-Full,val,2023-08-24,2023-08-25,1692946800,26162.3691406,26047.6699219,26124.078125,57249,output/seed_runs/s5_full__seed23/epoch321-val-rmse527.3419.ckpt,a2f8b0f39411e199e73ee22a8ae3055d3fc4218fa9d670b31af93d2e190df291,672faa9fb7cb4499da17d6a3afbd65a9301f170f,output/seed_runs/s5_full__seed23/val_preds.csv
naive_persistence,Naive persistence,val,2023-08-24,2023-08-25,1692946800,26162.3691406,26047.6699219,26162.3691406,0,,,,derived: predicted_close=current_close
cmamba_v_reproduced,Reproduced CM-v,val,2023-08-25,2023-08-26,1693033200,26047.6699219,26008.4609375,25840.4042969,136952,output/seed_runs/cmamba_v__seed23/epoch949-val-rmse572.6860.ckpt,afb28215d656ea54421efb00e3c60ec9d8a818fff186c194be9a98b55dcecdf0,672faa9fb7cb4499da17d6a3afbd65a9301f170f,output/evaluation/forecast_predictions.csv
s5_full,CMamba-T / S5-Full,val,2023-08-25,2023-08-26,1693033200,26047.6699219,26008.4609375,25975.7558594,57249,output/seed_runs/s5_full__seed23/epoch321-val-rmse527.3419.ckpt,a2f8b0f39411e199e73ee22a8ae3055d3fc4218fa9d670b31af93d2e190df291,672faa9fb7cb4499da17d6a3afbd65a9301f170f,output/seed_runs/s5_full__seed23/val_preds.csv
naive_persistence,Naive persistence,val,2023-08-25,2023-08-26,1693033200,26047.6699219,26008.4609375,26047.6699219,0,,,,derived: predicted_close=current_close
cmamba_v_reproduced,Reproduced CM-v,val,2023-08-26,2023-08-27,1693119600,26008.4609375,26089.6894531,25995.7207031,136952,output/seed_runs/cmamba_v__seed23/epoch949-val-rmse572.6860.ckpt,afb28215d656ea54421efb00e3c60ec9d8a818fff186c194be9a98b55dcecdf0,672faa9fb7cb4499da17d6a3afbd65a9301f170f,output/evaluation/forecast_predictions.csv
s5_full,CMamba-T / S5-Full,val,2023-08-26,2023-08-27,1693119600,26008.4609375,26089.6894531,25886.3378906,57249,output/seed_runs/s5_full__seed23/epoch321-val-rmse527.3419.ckpt,a2f8b0f39411e199e73ee22a8ae3055d3fc4218fa9d670b31af93d2e190df291,672faa9fb7cb4499da17d6a3afbd65a9301f170f,output/seed_runs/s5_full__seed23/val_preds.csv
naive_persistence,Naive persistence,val,2023-08-26,2023-08-27,1693119600,26008.4609375,26089.6894531,26008.4609375,0,,,,derived: predicted_close=current_close
cmamba_v_reproduced,Reproduced CM-v,val,2023-08-27,2023-08-28,1693206000,26089.6894531,26106.1503906,26091.9511719,136952,output/seed_runs/cmamba_v__seed23/epoch949-val-rmse572.6860.ckpt,afb28215d656ea54421efb00e3c60ec9d8a818fff186c194be9a98b55dcecdf0,672faa9fb7cb4499da17d6a3afbd65a9301f170f,output/evaluation/forecast_predictions.csv
s5_full,CMamba-T / S5-Full,val,2023-08-27,2023-08-28,1693206000,26089.6894531,26106.1503906,25991.1445312,57249,output/seed_runs/s5_full__seed23/epoch321-val-rmse527.3419.ckpt,a2f8b0f39411e199e73ee22a8ae3055d3fc4218fa9d670b31af93d2e190df291,672faa9fb7cb4499da17d6a3afbd65a9301f170f,output/seed_runs/s5_full__seed23/val_preds.csv
naive_persistence,Naive persistence,val,2023-08-27,2023-08-28,1693206000,26089.6894531,26106.1503906,26089.6894531,0,,,,derived: predicted_close=current_close
cmamba_v_reproduced,Reproduced CM-v,val,2023-08-28,2023-08-29,1693292400,26106.1503906,27727.390625,26192.7871094,136952,output/seed_runs/cmamba_v__seed23/epoch949-val-rmse572.6860.ckpt,afb28215d656ea54421efb00e3c60ec9d8a818fff186c194be9a98b55dcecdf0,672faa9fb7cb4499da17d6a3afbd65a9301f170f,output/evaluation/forecast_predictions.csv
s5_full,CMamba-T / S5-Full,val,2023-08-28,2023-08-29,1693292400,26106.1503906,27727.390625,26059.2910156,57249,output/seed_runs/s5_full__seed23/epoch321-val-rmse527.3419.ckpt,a2f8b0f39411e199e73ee22a8ae3055d3fc4218fa9d670b31af93d2e190df291,672faa9fb7cb4499da17d6a3afbd65a9301f170f,output/seed_runs/s5_full__seed23/val_preds.csv
naive_persistence,Naive persistence,val,2023-08-28,2023-08-29,1693292400,26106.1503906,27727.390625,26106.1503906,0,,,,derived: predicted_close=current_close
cmamba_v_reproduced,Reproduced CM-v,val,2023-08-29,2023-08-30,1693378800,27727.390625,27297.2695312,27384.8183594,136952,output/seed_runs/cmamba_v__seed23/epoch949-val-rmse572.6860.ckpt,afb28215d656ea54421efb00e3c60ec9d8a818fff186c194be9a98b55dcecdf0,672faa9fb7cb4499da17d6a3afbd65a9301f170f,output/evaluation/forecast_predictions.csv
s5_full,CMamba-T / S5-Full,val,2023-08-29,2023-08-30,1693378800,27727.390625,27297.2695312,27717.859375,57249,output/seed_runs/s5_full__seed23/epoch321-val-rmse527.3419.ckpt,a2f8b0f39411e199e73ee22a8ae3055d3fc4218fa9d670b31af93d2e190df291,672faa9fb7cb4499da17d6a3afbd65a9301f170f,output/seed_runs/s5_full__seed23/val_preds.csv
naive_persistence,Naive persistence,val,2023-08-29,2023-08-30,1693378800,27727.390625,27297.2695312,27727.390625,0,,,,derived: predicted_close=current_close
cmamba_v_reproduced,Reproduced CM-v,val,2023-08-30,2023-08-31,1693465200,27297.2695312,25931.4707031,27523.4804688,136952,output/seed_runs/cmamba_v__seed23/epoch949-val-rmse572.6860.ckpt,afb28215d656ea54421efb00e3c60ec9d8a818fff186c194be9a98b55dcecdf0,672faa9fb7cb4499da17d6a3afbd65a9301f170f,output/evaluation/forecast_predictions.csv
s5_full,CMamba-T / S5-Full,val,2023-08-30,2023-08-31,1693465200,27297.2695312,25931.4707031,27282.2128906,57249,output/seed_runs/s5_full__seed23/epoch321-val-rmse527.3419.ckpt,a2f8b0f39411e199e73ee22a8ae3055d3fc4218fa9d670b31af93d2e190df291,672faa9fb7cb4499da17d6a3afbd65a9301f170f,output/seed_runs/s5_full__seed23/val_preds.csv
naive_persistence,Naive persistence,val,2023-08-30,2023-08-31,1693465200,27297.2695312,25931.4707031,27297.2695312,0,,,,derived: predicted_close=current_close
cmamba_v_reproduced,Reproduced CM-v,val,2023-08-31,2023-09-01,1693551600,25931.4707031,25800.7207031,26382.3730469,136952,output/seed_runs/cmamba_v__seed23/epoch949-val-rmse572.6860.ckpt,afb28215d656ea54421efb00e3c60ec9d8a818fff186c194be9a98b55dcecdf0,672faa9fb7cb4499da17d6a3afbd65a9301f170f,output/evaluation/forecast_predictions.csv
s5_full,CMamba-T / S5-Full,val,2023-08-31,2023-09-01,1693551600,25931.4707031,25800.7207031,25914.2753906,57249,output/seed_runs/s5_full__seed23/epoch321-val-rmse527.3419.ckpt,a2f8b0f39411e199e73ee22a8ae3055d3fc4218fa9d670b31af93d2e190df291,672faa9fb7cb4499da17d6a3afbd65a9301f170f,output/seed_runs/s5_full__seed23/val_preds.csv
naive_persistence,Naive persistence,val,2023-08-31,2023-09-01,1693551600,25931.4707031,25800.7207031,25931.4707031,0,,,,derived: predicted_close=current_close
cmamba_v_reproduced,Reproduced CM-v,val,2023-09-01,2023-09-02,1693638000,25800.7207031,25868.8007812,25800.4042969,136952,output/seed_runs/cmamba_v__seed23/epoch949-val-rmse572.6860.ckpt,afb28215d656ea54421efb00e3c60ec9d8a818fff186c194be9a98b55dcecdf0,672faa9fb7cb4499da17d6a3afbd65a9301f170f,output/evaluation/forecast_predictions.csv
s5_full,CMamba-T / S5-Full,val,2023-09-01,2023-09-02,1693638000,25800.7207031,25868.8007812,25683.7148438,57249,output/seed_runs/s5_full__seed23/epoch321-val-rmse527.3419.ckpt,a2f8b0f39411e199e73ee22a8ae3055d3fc4218fa9d670b31af93d2e190df291,672faa9fb7cb4499da17d6a3afbd65a9301f170f,output/seed_runs/s5_full__seed23/val_preds.csv
naive_persistence,Naive persistence,val,2023-09-01,2023-09-02,1693638000,25800.7207031,25868.8007812,25800.7207031,0,,,,derived: predicted_close=current_close
cmamba_v_reproduced,Reproduced CM-v,val,2023-09-02,2023-09-03,1693724400,25868.8007812,25969.5703125,25963.5214844,136952,output/seed_runs/cmamba_v__seed23/epoch949-val-rmse572.6860.ckpt,afb28215d656ea54421efb00e3c60ec9d8a818fff186c194be9a98b55dcecdf0,672faa9fb7cb4499da17d6a3afbd65a9301f170f,output/evaluation/forecast_predictions.csv
s5_full,CMamba-T / S5-Full,val,2023-09-02,2023-09-03,1693724400,25868.8007812,25969.5703125,25706.0820312,57249,output/seed_runs/s5_full__seed23/epoch321-val-rmse527.3419.ckpt,a2f8b0f39411e199e73ee22a8ae3055d3fc4218fa9d670b31af93d2e190df291,672faa9fb7cb4499da17d6a3afbd65a9301f170f,output/seed_runs/s5_full__seed23/val_preds.csv
naive_persistence,Naive persistence,val,2023-09-02,2023-09-03,1693724400,25868.8007812,25969.5703125,25868.8007812,0,,,,derived: predicted_close=current_close
cmamba_v_reproduced,Reproduced CM-v,val,2023-09-03,2023-09-04,1693810800,25969.5703125,25812.4199219,25939.9179688,136952,output/seed_runs/cmamba_v__seed23/epoch949-val-rmse572.6860.ckpt,afb28215d656ea54421efb00e3c60ec9d8a818fff186c194be9a98b55dcecdf0,672faa9fb7cb4499da17d6a3afbd65a9301f170f,output/evaluation/forecast_predictions.csv
s5_full,CMamba-T / S5-Full,val,2023-09-03,2023-09-04,1693810800,25969.5703125,25812.4199219,25818.328125,57249,output/seed_runs/s5_full__seed23/epoch321-val-rmse527.3419.ckpt,a2f8b0f39411e199e73ee22a8ae3055d3fc4218fa9d670b31af93d2e190df291,672faa9fb7cb4499da17d6a3afbd65a9301f170f,output/seed_runs/s5_full__seed23/val_preds.csv
naive_persistence,Naive persistence,val,2023-09-03,2023-09-04,1693810800,25969.5703125,25812.4199219,25969.5703125,0,,,,derived: predicted_close=current_close
cmamba_v_reproduced,Reproduced CM-v,val,2023-09-04,2023-09-05,1693897200,25812.4199219,25779.9804688,25898.3808594,136952,output/seed_runs/cmamba_v__seed23/epoch949-val-rmse572.6860.ckpt,afb28215d656ea54421efb00e3c60ec9d8a818fff186c194be9a98b55dcecdf0,672faa9fb7cb4499da17d6a3afbd65a9301f170f,output/evaluation/forecast_predictions.csv
s5_full,CMamba-T / S5-Full,val,2023-09-04,2023-09-05,1693897200,25812.4199219,25779.9804688,25744.8417969,57249,output/seed_runs/s5_full__seed23/epoch321-val-rmse527.3419.ckpt,a2f8b0f39411e199e73ee22a8ae3055d3fc4218fa9d670b31af93d2e190df291,672faa9fb7cb4499da17d6a3afbd65a9301f170f,output/seed_runs/s5_full__seed23/val_preds.csv
naive_persistence,Naive persistence,val,2023-09-04,2023-09-05,1693897200,25812.4199219,25779.9804688,25812.4199219,0,,,,derived: predicted_close=current_close
cmamba_v_reproduced,Reproduced CM-v,val,2023-09-05,2023-09-06,1693983600,25779.9804688,25753.2402344,25643.8300781,136952,output/seed_runs/cmamba_v__seed23/epoch949-val-rmse572.6860.ckpt,afb28215d656ea54421efb00e3c60ec9d8a818fff186c194be9a98b55dcecdf0,672faa9fb7cb4499da17d6a3afbd65a9301f170f,output/evaluation/forecast_predictions.csv
s5_full,CMamba-T / S5-Full,val,2023-09-05,2023-09-06,1693983600,25779.9804688,25753.2402344,25750.9433594,57249,output/seed_runs/s5_full__seed23/epoch321-val-rmse527.3419.ckpt,a2f8b0f39411e199e73ee22a8ae3055d3fc4218fa9d670b31af93d2e190df291,672faa9fb7cb4499da17d6a3afbd65a9301f170f,output/seed_runs/s5_full__seed23/val_preds.csv
naive_persistence,Naive persistence,val,2023-09-05,2023-09-06,1693983600,25779.9804688,25753.2402344,25779.9804688,0,,,,derived: predicted_close=current_close
cmamba_v_reproduced,Reproduced CM-v,val,2023-09-06,2023-09-07,1694070000,25753.2402344,26240.1992188,25892.9785156,136952,output/seed_runs/cmamba_v__seed23/epoch949-val-rmse572.6860.ckpt,afb28215d656ea54421efb00e3c60ec9d8a818fff186c194be9a98b55dcecdf0,672faa9fb7cb4499da17d6a3afbd65a9301f170f,output/evaluation/forecast_predictions.csv
s5_full,CMamba-T / S5-Full,val,2023-09-06,2023-09-07,1694070000,25753.2402344,26240.1992188,25727.4726562,57249,output/seed_runs/s5_full__seed23/epoch321-val-rmse527.3419.ckpt,a2f8b0f39411e199e73ee22a8ae3055d3fc4218fa9d670b31af93d2e190df291,672faa9fb7cb4499da17d6a3afbd65a9301f170f,output/seed_runs/s5_full__seed23/val_preds.csv
naive_persistence,Naive persistence,val,2023-09-06,2023-09-07,1694070000,25753.2402344,26240.1992188,25753.2402344,0,,,,derived: predicted_close=current_close
cmamba_v_reproduced,Reproduced CM-v,val,2023-09-07,2023-09-08,1694156400,26240.1992188,25905.6503906,26389.0996094,136952,output/seed_runs/cmamba_v__seed23/epoch949-val-rmse572.6860.ckpt,afb28215d656ea54421efb00e3c60ec9d8a818fff186c194be9a98b55dcecdf0,672faa9fb7cb4499da17d6a3afbd65a9301f170f,output/evaluation/forecast_predictions.csv
s5_full,CMamba-T / S5-Full,val,2023-09-07,2023-09-08,1694156400,26240.1992188,25905.6503906,26192.8339844,57249,output/seed_runs/s5_full__seed23/epoch321-val-rmse527.3419.ckpt,a2f8b0f39411e199e73ee22a8ae3055d3fc4218fa9d670b31af93d2e190df291,672faa9fb7cb4499da17d6a3afbd65a9301f170f,output/seed_runs/s5_full__seed23/val_preds.csv
naive_persistence,Naive persistence,val,2023-09-07,2023-09-08,1694156400,26240.1992188,25905.6503906,26240.1992188,0,,,,derived: predicted_close=current_close
cmamba_v_reproduced,Reproduced CM-v,val,2023-09-08,2023-09-09,1694242800,25905.6503906,25895.6796875,25976.8027344,136952,output/seed_runs/cmamba_v__seed23/epoch949-val-rmse572.6860.ckpt,afb28215d656ea54421efb00e3c60ec9d8a818fff186c194be9a98b55dcecdf0,672faa9fb7cb4499da17d6a3afbd65a9301f170f,output/evaluation/forecast_predictions.csv
s5_full,CMamba-T / S5-Full,val,2023-09-08,2023-09-09,1694242800,25905.6503906,25895.6796875,25850.828125,57249,output/seed_runs/s5_full__seed23/epoch321-val-rmse527.3419.ckpt,a2f8b0f39411e199e73ee22a8ae3055d3fc4218fa9d670b31af93d2e190df291,672faa9fb7cb4499da17d6a3afbd65a9301f170f,output/seed_runs/s5_full__seed23/val_preds.csv
naive_persistence,Naive persistence,val,2023-09-08,2023-09-09,1694242800,25905.6503906,25895.6796875,25905.6503906,0,,,,derived: predicted_close=current_close
cmamba_v_reproduced,Reproduced CM-v,val,2023-09-09,2023-09-10,1694329200,25895.6796875,25832.2304688,25693.328125,136952,output/seed_runs/cmamba_v__seed23/epoch949-val-rmse572.6860.ckpt,afb28215d656ea54421efb00e3c60ec9d8a818fff186c194be9a98b55dcecdf0,672faa9fb7cb4499da17d6a3afbd65a9301f170f,output/evaluation/forecast_predictions.csv
s5_full,CMamba-T / S5-Full,val,2023-09-09,2023-09-10,1694329200,25895.6796875,25832.2304688,25817.7636719,57249,output/seed_runs/s5_full__seed23/epoch321-val-rmse527.3419.ckpt,a2f8b0f39411e199e73ee22a8ae3055d3fc4218fa9d670b31af93d2e190df291,672faa9fb7cb4499da17d6a3afbd65a9301f170f,output/seed_runs/s5_full__seed23/val_preds.csv
naive_persistence,Naive persistence,val,2023-09-09,2023-09-10,1694329200,25895.6796875,25832.2304688,25895.6796875,0,,,,derived: predicted_close=current_close
cmamba_v_reproduced,Reproduced CM-v,val,2023-09-10,2023-09-11,1694415600,25832.2304688,25162.6503906,25976.7089844,136952,output/seed_runs/cmamba_v__seed23/epoch949-val-rmse572.6860.ckpt,afb28215d656ea54421efb00e3c60ec9d8a818fff186c194be9a98b55dcecdf0,672faa9fb7cb4499da17d6a3afbd65a9301f170f,output/evaluation/forecast_predictions.csv
s5_full,CMamba-T / S5-Full,val,2023-09-10,2023-09-11,1694415600,25832.2304688,25162.6503906,25762.1210938,57249,output/seed_runs/s5_full__seed23/epoch321-val-rmse527.3419.ckpt,a2f8b0f39411e199e73ee22a8ae3055d3fc4218fa9d670b31af93d2e190df291,672faa9fb7cb4499da17d6a3afbd65a9301f170f,output/seed_runs/s5_full__seed23/val_preds.csv
naive_persistence,Naive persistence,val,2023-09-10,2023-09-11,1694415600,25832.2304688,25162.6503906,25832.2304688,0,,,,derived: predicted_close=current_close
cmamba_v_reproduced,Reproduced CM-v,val,2023-09-11,2023-09-12,1694502000,25162.6503906,25833.3398438,25394.9023438,136952,output/seed_runs/cmamba_v__seed23/epoch949-val-rmse572.6860.ckpt,afb28215d656ea54421efb00e3c60ec9d8a818fff186c194be9a98b55dcecdf0,672faa9fb7cb4499da17d6a3afbd65a9301f170f,output/evaluation/forecast_predictions.csv
s5_full,CMamba-T / S5-Full,val,2023-09-11,2023-09-12,1694502000,25162.6503906,25833.3398438,25132.2792969,57249,output/seed_runs/s5_full__seed23/epoch321-val-rmse527.3419.ckpt,a2f8b0f39411e199e73ee22a8ae3055d3fc4218fa9d670b31af93d2e190df291,672faa9fb7cb4499da17d6a3afbd65a9301f170f,output/seed_runs/s5_full__seed23/val_preds.csv
naive_persistence,Naive persistence,val,2023-09-11,2023-09-12,1694502000,25162.6503906,25833.3398438,25162.6503906,0,,,,derived: predicted_close=current_close
cmamba_v_reproduced,Reproduced CM-v,val,2023-09-12,2023-09-13,1694588400,25833.3398438,26228.3203125,25833.53125,136952,output/seed_runs/cmamba_v__seed23/epoch949-val-rmse572.6860.ckpt,afb28215d656ea54421efb00e3c60ec9d8a818fff186c194be9a98b55dcecdf0,672faa9fb7cb4499da17d6a3afbd65a9301f170f,output/evaluation/forecast_predictions.csv
s5_full,CMamba-T / S5-Full,val,2023-09-12,2023-09-13,1694588400,25833.3398438,26228.3203125,25815.5839844,57249,output/seed_runs/s5_full__seed23/epoch321-val-rmse527.3419.ckpt,a2f8b0f39411e199e73ee22a8ae3055d3fc4218fa9d670b31af93d2e190df291,672faa9fb7cb4499da17d6a3afbd65a9301f170f,output/seed_runs/s5_full__seed23/val_preds.csv
naive_persistence,Naive persistence,val,2023-09-12,2023-09-13,1694588400,25833.3398438,26228.3203125,25833.3398438,0,,,,derived: predicted_close=current_close
cmamba_v_reproduced,Reproduced CM-v,val,2023-09-13,2023-09-14,1694674800,26228.3203125,26539.6699219,26228.0527344,136952,output/seed_runs/cmamba_v__seed23/epoch949-val-rmse572.6860.ckpt,afb28215d656ea54421efb00e3c60ec9d8a818fff186c194be9a98b55dcecdf0,672faa9fb7cb4499da17d6a3afbd65a9301f170f,output/evaluation/forecast_predictions.csv
s5_full,CMamba-T / S5-Full,val,2023-09-13,2023-09-14,1694674800,26228.3203125,26539.6699219,26188.2167969,57249,output/seed_runs/s5_full__seed23/epoch321-val-rmse527.3419.ckpt,a2f8b0f39411e199e73ee22a8ae3055d3fc4218fa9d670b31af93d2e190df291,672faa9fb7cb4499da17d6a3afbd65a9301f170f,output/seed_runs/s5_full__seed23/val_preds.csv
naive_persistence,Naive persistence,val,2023-09-13,2023-09-14,1694674800,26228.3203125,26539.6699219,26228.3203125,0,,,,derived: predicted_close=current_close
cmamba_v_reproduced,Reproduced CM-v,val,2023-09-14,2023-09-15,1694761200,26539.6699219,26608.6894531,26489.2675781,136952,output/seed_runs/cmamba_v__seed23/epoch949-val-rmse572.6860.ckpt,afb28215d656ea54421efb00e3c60ec9d8a818fff186c194be9a98b55dcecdf0,672faa9fb7cb4499da17d6a3afbd65a9301f170f,output/evaluation/forecast_predictions.csv
s5_full,CMamba-T / S5-Full,val,2023-09-14,2023-09-15,1694761200,26539.6699219,26608.6894531,26478.828125,57249,output/seed_runs/s5_full__seed23/epoch321-val-rmse527.3419.ckpt,a2f8b0f39411e199e73ee22a8ae3055d3fc4218fa9d670b31af93d2e190df291,672faa9fb7cb4499da17d6a3afbd65a9301f170f,output/seed_runs/s5_full__seed23/val_preds.csv
naive_persistence,Naive persistence,val,2023-09-14,2023-09-15,1694761200,26539.6699219,26608.6894531,26539.6699219,0,,,,derived: predicted_close=current_close
cmamba_v_reproduced,Reproduced CM-v,test,2023-11-15,2023-11-16,1700118000,37880.578125,36154.7695312,37138.2265625,136952,output/seed_runs/cmamba_v__seed23/epoch949-val-rmse572.6860.ckpt,afb28215d656ea54421efb00e3c60ec9d8a818fff186c194be9a98b55dcecdf0,672faa9fb7cb4499da17d6a3afbd65a9301f170f,output/evaluation/forecast_predictions.csv
s5_full,CMamba-T / S5-Full,test,2023-11-15,2023-11-16,1700118000,37880.578125,36154.7695312,38080.5664062,57249,output/seed_runs/s5_full__seed23/epoch321-val-rmse527.3419.ckpt,a2f8b0f39411e199e73ee22a8ae3055d3fc4218fa9d670b31af93d2e190df291,672faa9fb7cb4499da17d6a3afbd65a9301f170f,output/seed_runs/s5_full__seed23/test_preds.csv
naive_persistence,Naive persistence,test,2023-11-15,2023-11-16,1700118000,37880.578125,36154.7695312,37880.578125,0,,,,derived: predicted_close=current_close
cmamba_v_reproduced,Reproduced CM-v,test,2023-11-16,2023-11-17,1700204400,36154.7695312,36596.6796875,36812.1757812,136952,output/seed_runs/cmamba_v__seed23/epoch949-val-rmse572.6860.ckpt,afb28215d656ea54421efb00e3c60ec9d8a818fff186c194be9a98b55dcecdf0,672faa9fb7cb4499da17d6a3afbd65a9301f170f,output/evaluation/forecast_predictions.csv
s5_full,CMamba-T / S5-Full,test,2023-11-16,2023-11-17,1700204400,36154.7695312,36596.6796875,36297.671875,57249,output/seed_runs/s5_full__seed23/epoch321-val-rmse527.3419.ckpt,a2f8b0f39411e199e73ee22a8ae3055d3fc4218fa9d670b31af93d2e190df291,672faa9fb7cb4499da17d6a3afbd65a9301f170f,output/seed_runs/s5_full__seed23/test_preds.csv
naive_persistence,Naive persistence,test,2023-11-16,2023-11-17,1700204400,36154.7695312,36596.6796875,36154.7695312,0,,,,derived: predicted_close=current_close
cmamba_v_reproduced,Reproduced CM-v,test,2023-11-17,2023-11-18,1700290800,36596.6796875,36585.6992188,36182.5898438,136952,output/seed_runs/cmamba_v__seed23/epoch949-val-rmse572.6860.ckpt,afb28215d656ea54421efb00e3c60ec9d8a818fff186c194be9a98b55dcecdf0,672faa9fb7cb4499da17d6a3afbd65a9301f170f,output/evaluation/forecast_predictions.csv
s5_full,CMamba-T / S5-Full,test,2023-11-17,2023-11-18,1700290800,36596.6796875,36585.6992188,36759.9648438,57249,output/seed_runs/s5_full__seed23/epoch321-val-rmse527.3419.ckpt,a2f8b0f39411e199e73ee22a8ae3055d3fc4218fa9d670b31af93d2e190df291,672faa9fb7cb4499da17d6a3afbd65a9301f170f,output/seed_runs/s5_full__seed23/test_preds.csv
naive_persistence,Naive persistence,test,2023-11-17,2023-11-18,1700290800,36596.6796875,36585.6992188,36596.6796875,0,,,,derived: predicted_close=current_close
cmamba_v_reproduced,Reproduced CM-v,test,2023-11-18,2023-11-19,1700377200,36585.6992188,37386.5507812,36974.7929688,136952,output/seed_runs/cmamba_v__seed23/epoch949-val-rmse572.6860.ckpt,afb28215d656ea54421efb00e3c60ec9d8a818fff186c194be9a98b55dcecdf0,672faa9fb7cb4499da17d6a3afbd65a9301f170f,output/evaluation/forecast_predictions.csv
s5_full,CMamba-T / S5-Full,test,2023-11-18,2023-11-19,1700377200,36585.6992188,37386.5507812,36750.78125,57249,output/seed_runs/s5_full__seed23/epoch321-val-rmse527.3419.ckpt,a2f8b0f39411e199e73ee22a8ae3055d3fc4218fa9d670b31af93d2e190df291,672faa9fb7cb4499da17d6a3afbd65a9301f170f,output/seed_runs/s5_full__seed23/test_preds.csv
naive_persistence,Naive persistence,test,2023-11-18,2023-11-19,1700377200,36585.6992188,37386.5507812,36585.6992188,0,,,,derived: predicted_close=current_close
cmamba_v_reproduced,Reproduced CM-v,test,2023-11-19,2023-11-20,1700463600,37386.5507812,37476.9609375,37048.125,136952,output/seed_runs/cmamba_v__seed23/epoch949-val-rmse572.6860.ckpt,afb28215d656ea54421efb00e3c60ec9d8a818fff186c194be9a98b55dcecdf0,672faa9fb7cb4499da17d6a3afbd65a9301f170f,output/evaluation/forecast_predictions.csv
s5_full,CMamba-T / S5-Full,test,2023-11-19,2023-11-20,1700463600,37386.5507812,37476.9609375,37567.1953125,57249,output/seed_runs/s5_full__seed23/epoch321-val-rmse527.3419.ckpt,a2f8b0f39411e199e73ee22a8ae3055d3fc4218fa9d670b31af93d2e190df291,672faa9fb7cb4499da17d6a3afbd65a9301f170f,output/seed_runs/s5_full__seed23/test_preds.csv
naive_persistence,Naive persistence,test,2023-11-19,2023-11-20,1700463600,37386.5507812,37476.9609375,37386.5507812,0,,,,derived: predicted_close=current_close
cmamba_v_reproduced,Reproduced CM-v,test,2023-11-20,2023-11-21,1700550000,37476.9609375,35813.8085938,37517.6210938,136952,output/seed_runs/cmamba_v__seed23/epoch949-val-rmse572.6860.ckpt,afb28215d656ea54421efb00e3c60ec9d8a818fff186c194be9a98b55dcecdf0,672faa9fb7cb4499da17d6a3afbd65a9301f170f,output/evaluation/forecast_predictions.csv
s5_full,CMamba-T / S5-Full,test,2023-11-20,2023-11-21,1700550000,37476.9609375,35813.8085938,37667.7890625,57249,output/seed_runs/s5_full__seed23/epoch321-val-rmse527.3419.ckpt,a2f8b0f39411e199e73ee22a8ae3055d3fc4218fa9d670b31af93d2e190df291,672faa9fb7cb4499da17d6a3afbd65a9301f170f,output/seed_runs/s5_full__seed23/test_preds.csv
naive_persistence,Naive persistence,test,2023-11-20,2023-11-21,1700550000,37476.9609375,35813.8085938,37476.9609375,0,,,,derived: predicted_close=current_close
cmamba_v_reproduced,Reproduced CM-v,test,2023-11-21,2023-11-22,1700636400,35813.8085938,37432.3398438,36555.7070312,136952,output/seed_runs/cmamba_v__seed23/epoch949-val-rmse572.6860.ckpt,afb28215d656ea54421efb00e3c60ec9d8a818fff186c194be9a98b55dcecdf0,672faa9fb7cb4499da17d6a3afbd65a9301f170f,output/evaluation/forecast_predictions.csv
s5_full,CMamba-T / S5-Full,test,2023-11-21,2023-11-22,1700636400,35813.8085938,37432.3398438,35989.2929688,57249,output/seed_runs/s5_full__seed23/epoch321-val-rmse527.3419.ckpt,a2f8b0f39411e199e73ee22a8ae3055d3fc4218fa9d670b31af93d2e190df291,672faa9fb7cb4499da17d6a3afbd65a9301f170f,output/seed_runs/s5_full__seed23/test_preds.csv
naive_persistence,Naive persistence,test,2023-11-21,2023-11-22,1700636400,35813.8085938,37432.3398438,35813.8085938,0,,,,derived: predicted_close=current_close
cmamba_v_reproduced,Reproduced CM-v,test,2023-11-22,2023-11-23,1700722800,37432.3398438,37289.6210938,36477.7304688,136952,output/seed_runs/cmamba_v__seed23/epoch949-val-rmse572.6860.ckpt,afb28215d656ea54421efb00e3c60ec9d8a818fff186c194be9a98b55dcecdf0,672faa9fb7cb4499da17d6a3afbd65a9301f170f,output/evaluation/forecast_predictions.csv
s5_full,CMamba-T / S5-Full,test,2023-11-22,2023-11-23,1700722800,37432.3398438,37289.6210938,37618.7695312,57249,output/seed_runs/s5_full__seed23/epoch321-val-rmse527.3419.ckpt,a2f8b0f39411e199e73ee22a8ae3055d3fc4218fa9d670b31af93d2e190df291,672faa9fb7cb4499da17d6a3afbd65a9301f170f,output/seed_runs/s5_full__seed23/test_preds.csv
naive_persistence,Naive persistence,test,2023-11-22,2023-11-23,1700722800,37432.3398438,37289.6210938,37432.3398438,0,,,,derived: predicted_close=current_close
cmamba_v_reproduced,Reproduced CM-v,test,2023-11-23,2023-11-24,1700809200,37289.6210938,37720.28125,37847.0273438,136952,output/seed_runs/cmamba_v__seed23/epoch949-val-rmse572.6860.ckpt,afb28215d656ea54421efb00e3c60ec9d8a818fff186c194be9a98b55dcecdf0,672faa9fb7cb4499da17d6a3afbd65a9301f170f,output/evaluation/forecast_predictions.csv
s5_full,CMamba-T / S5-Full,test,2023-11-23,2023-11-24,1700809200,37289.6210938,37720.28125,37460.5390625,57249,output/seed_runs/s5_full__seed23/epoch321-val-rmse527.3419.ckpt,a2f8b0f39411e199e73ee22a8ae3055d3fc4218fa9d670b31af93d2e190df291,672faa9fb7cb4499da17d6a3afbd65a9301f170f,output/seed_runs/s5_full__seed23/test_preds.csv
naive_persistence,Naive persistence,test,2023-11-23,2023-11-24,1700809200,37289.6210938,37720.28125,37289.6210938,0,,,,derived: predicted_close=current_close
cmamba_v_reproduced,Reproduced CM-v,test,2023-11-24,2023-11-25,1700895600,37720.28125,37796.7890625,37795.6484375,136952,output/seed_runs/cmamba_v__seed23/epoch949-val-rmse572.6860.ckpt,afb28215d656ea54421efb00e3c60ec9d8a818fff186c194be9a98b55dcecdf0,672faa9fb7cb4499da17d6a3afbd65a9301f170f,output/evaluation/forecast_predictions.csv
s5_full,CMamba-T / S5-Full,test,2023-11-24,2023-11-25,1700895600,37720.28125,37796.7890625,37898.2382812,57249,output/seed_runs/s5_full__seed23/epoch321-val-rmse527.3419.ckpt,a2f8b0f39411e199e73ee22a8ae3055d3fc4218fa9d670b31af93d2e190df291,672faa9fb7cb4499da17d6a3afbd65a9301f170f,output/seed_runs/s5_full__seed23/test_preds.csv
naive_persistence,Naive persistence,test,2023-11-24,2023-11-25,1700895600,37720.28125,37796.7890625,37720.28125,0,,,,derived: predicted_close=current_close
cmamba_v_reproduced,Reproduced CM-v,test,2023-11-25,2023-11-26,1700982000,37796.7890625,37479.1210938,37676.3164062,136952,output/seed_runs/cmamba_v__seed23/epoch949-val-rmse572.6860.ckpt,afb28215d656ea54421efb00e3c60ec9d8a818fff186c194be9a98b55dcecdf0,672faa9fb7cb4499da17d6a3afbd65a9301f170f,output/evaluation/forecast_predictions.csv
s5_full,CMamba-T / S5-Full,test,2023-11-25,2023-11-26,1700982000,37796.7890625,37479.1210938,37981.0820312,57249,output/seed_runs/s5_full__seed23/epoch321-val-rmse527.3419.ckpt,a2f8b0f39411e199e73ee22a8ae3055d3fc4218fa9d670b31af93d2e190df291,672faa9fb7cb4499da17d6a3afbd65a9301f170f,output/seed_runs/s5_full__seed23/test_preds.csv
naive_persistence,Naive persistence,test,2023-11-25,2023-11-26,1700982000,37796.7890625,37479.1210938,37796.7890625,0,,,,derived: predicted_close=current_close
cmamba_v_reproduced,Reproduced CM-v,test,2023-11-26,2023-11-27,1701068400,37479.1210938,37254.171875,37563.8398438,136952,output/seed_runs/cmamba_v__seed23/epoch949-val-rmse572.6860.ckpt,afb28215d656ea54421efb00e3c60ec9d8a818fff186c194be9a98b55dcecdf0,672faa9fb7cb4499da17d6a3afbd65a9301f170f,output/evaluation/forecast_predictions.csv
s5_full,CMamba-T / S5-Full,test,2023-11-26,2023-11-27,1701068400,37479.1210938,37254.171875,37651.1953125,57249,output/seed_runs/s5_full__seed23/epoch321-val-rmse527.3419.ckpt,a2f8b0f39411e199e73ee22a8ae3055d3fc4218fa9d670b31af93d2e190df291,672faa9fb7cb4499da17d6a3afbd65a9301f170f,output/seed_runs/s5_full__seed23/test_preds.csv
naive_persistence,Naive persistence,test,2023-11-26,2023-11-27,1701068400,37479.1210938,37254.171875,37479.1210938,0,,,,derived: predicted_close=current_close
cmamba_v_reproduced,Reproduced CM-v,test,2023-11-27,2023-11-28,1701154800,37254.171875,37831.0898438,37251.2265625,136952,output/seed_runs/cmamba_v__seed23/epoch949-val-rmse572.6860.ckpt,afb28215d656ea54421efb00e3c60ec9d8a818fff186c194be9a98b55dcecdf0,672faa9fb7cb4499da17d6a3afbd65a9301f170f,output/evaluation/forecast_predictions.csv
s5_full,CMamba-T / S5-Full,test,2023-11-27,2023-11-28,1701154800,37254.171875,37831.0898438,37436.6367188,57249,output/seed_runs/s5_full__seed23/epoch321-val-rmse527.3419.ckpt,a2f8b0f39411e199e73ee22a8ae3055d3fc4218fa9d670b31af93d2e190df291,672faa9fb7cb4499da17d6a3afbd65a9301f170f,output/seed_runs/s5_full__seed23/test_preds.csv
naive_persistence,Naive persistence,test,2023-11-27,2023-11-28,1701154800,37254.171875,37831.0898438,37254.171875,0,,,,derived: predicted_close=current_close
cmamba_v_reproduced,Reproduced CM-v,test,2023-11-28,2023-11-29,1701241200,37831.0898438,37858.4882812,37999.8046875,136952,output/seed_runs/cmamba_v__seed23/epoch949-val-rmse572.6860.ckpt,afb28215d656ea54421efb00e3c60ec9d8a818fff186c194be9a98b55dcecdf0,672faa9fb7cb4499da17d6a3afbd65a9301f170f,output/evaluation/forecast_predictions.csv
s5_full,CMamba-T / S5-Full,test,2023-11-28,2023-11-29,1701241200,37831.0898438,37858.4882812,38018.2578125,57249,output/seed_runs/s5_full__seed23/epoch321-val-rmse527.3419.ckpt,a2f8b0f39411e199e73ee22a8ae3055d3fc4218fa9d670b31af93d2e190df291,672faa9fb7cb4499da17d6a3afbd65a9301f170f,output/seed_runs/s5_full__seed23/test_preds.csv
naive_persistence,Naive persistence,test,2023-11-28,2023-11-29,1701241200,37831.0898438,37858.4882812,37831.0898438,0,,,,derived: predicted_close=current_close
cmamba_v_reproduced,Reproduced CM-v,test,2023-11-29,2023-11-30,1701327600,37858.4882812,37712.75,37838.2695312,136952,output/seed_runs/cmamba_v__seed23/epoch949-val-rmse572.6860.ckpt,afb28215d656ea54421efb00e3c60ec9d8a818fff186c194be9a98b55dcecdf0,672faa9fb7cb4499da17d6a3afbd65a9301f170f,output/evaluation/forecast_predictions.csv
s5_full,CMamba-T / S5-Full,test,2023-11-29,2023-11-30,1701327600,37858.4882812,37712.75,38033.375,57249,output/seed_runs/s5_full__seed23/epoch321-val-rmse527.3419.ckpt,a2f8b0f39411e199e73ee22a8ae3055d3fc4218fa9d670b31af93d2e190df291,672faa9fb7cb4499da17d6a3afbd65a9301f170f,output/seed_runs/s5_full__seed23/test_preds.csv
naive_persistence,Naive persistence,test,2023-11-29,2023-11-30,1701327600,37858.4882812,37712.75,37858.4882812,0,,,,derived: predicted_close=current_close
cmamba_v_reproduced,Reproduced CM-v,test,2023-11-30,2023-12-01,1701414000,37712.75,38688.75,37673.4492188,136952,output/seed_runs/cmamba_v__seed23/epoch949-val-rmse572.6860.ckpt,afb28215d656ea54421efb00e3c60ec9d8a818fff186c194be9a98b55dcecdf0,672faa9fb7cb4499da17d6a3afbd65a9301f170f,output/evaluation/forecast_predictions.csv
s5_full,CMamba-T / S5-Full,test,2023-11-30,2023-12-01,1701414000,37712.75,38688.75,37841.5703125,57249,output/seed_runs/s5_full__seed23/epoch321-val-rmse527.3419.ckpt,a2f8b0f39411e199e73ee22a8ae3055d3fc4218fa9d670b31af93d2e190df291,672faa9fb7cb4499da17d6a3afbd65a9301f170f,output/seed_runs/s5_full__seed23/test_preds.csv
naive_persistence,Naive persistence,test,2023-11-30,2023-12-01,1701414000,37712.75,38688.75,37712.75,0,,,,derived: predicted_close=current_close
cmamba_v_reproduced,Reproduced CM-v,test,2023-12-01,2023-12-02,1701500400,38688.75,39476.328125,38641.6132812,136952,output/seed_runs/cmamba_v__seed23/epoch949-val-rmse572.6860.ckpt,afb28215d656ea54421efb00e3c60ec9d8a818fff186c194be9a98b55dcecdf0,672faa9fb7cb4499da17d6a3afbd65a9301f170f,output/evaluation/forecast_predictions.csv
s5_full,CMamba-T / S5-Full,test,2023-12-01,2023-12-02,1701500400,38688.75,39476.328125,38874.3359375,57249,output/seed_runs/s5_full__seed23/epoch321-val-rmse527.3419.ckpt,a2f8b0f39411e199e73ee22a8ae3055d3fc4218fa9d670b31af93d2e190df291,672faa9fb7cb4499da17d6a3afbd65a9301f170f,output/seed_runs/s5_full__seed23/test_preds.csv
naive_persistence,Naive persistence,test,2023-12-01,2023-12-02,1701500400,38688.75,39476.328125,38688.75,0,,,,derived: predicted_close=current_close
cmamba_v_reproduced,Reproduced CM-v,test,2023-12-02,2023-12-03,1701586800,39476.328125,39978.390625,39486.5703125,136952,output/seed_runs/cmamba_v__seed23/epoch949-val-rmse572.6860.ckpt,afb28215d656ea54421efb00e3c60ec9d8a818fff186c194be9a98b55dcecdf0,672faa9fb7cb4499da17d6a3afbd65a9301f170f,output/evaluation/forecast_predictions.csv
s5_full,CMamba-T / S5-Full,test,2023-12-02,2023-12-03,1701586800,39476.328125,39978.390625,39672.5898438,57249,output/seed_runs/s5_full__seed23/epoch321-val-rmse527.3419.ckpt,a2f8b0f39411e199e73ee22a8ae3055d3fc4218fa9d670b31af93d2e190df291,672faa9fb7cb4499da17d6a3afbd65a9301f170f,output/seed_runs/s5_full__seed23/test_preds.csv
naive_persistence,Naive persistence,test,2023-12-02,2023-12-03,1701586800,39476.328125,39978.390625,39476.328125,0,,,,derived: predicted_close=current_close
cmamba_v_reproduced,Reproduced CM-v,test,2023-12-03,2023-12-04,1701673200,39978.390625,41980.1015625,39905.875,136952,output/seed_runs/cmamba_v__seed23/epoch949-val-rmse572.6860.ckpt,afb28215d656ea54421efb00e3c60ec9d8a818fff186c194be9a98b55dcecdf0,672faa9fb7cb4499da17d6a3afbd65a9301f170f,output/evaluation/forecast_predictions.csv
s5_full,CMamba-T / S5-Full,test,2023-12-03,2023-12-04,1701673200,39978.390625,41980.1015625,40177.734375,57249,output/seed_runs/s5_full__seed23/epoch321-val-rmse527.3419.ckpt,a2f8b0f39411e199e73ee22a8ae3055d3fc4218fa9d670b31af93d2e190df291,672faa9fb7cb4499da17d6a3afbd65a9301f170f,output/seed_runs/s5_full__seed23/test_preds.csv
naive_persistence,Naive persistence,test,2023-12-03,2023-12-04,1701673200,39978.390625,41980.1015625,39978.390625,0,,,,derived: predicted_close=current_close
cmamba_v_reproduced,Reproduced CM-v,test,2023-12-04,2023-12-05,1701759600,41980.1015625,44080.6484375,41656.046875,136952,output/seed_runs/cmamba_v__seed23/epoch949-val-rmse572.6860.ckpt,afb28215d656ea54421efb00e3c60ec9d8a818fff186c194be9a98b55dcecdf0,672faa9fb7cb4499da17d6a3afbd65a9301f170f,output/evaluation/forecast_predictions.csv
s5_full,CMamba-T / S5-Full,test,2023-12-04,2023-12-05,1701759600,41980.1015625,44080.6484375,42203.4570312,57249,output/seed_runs/s5_full__seed23/epoch321-val-rmse527.3419.ckpt,a2f8b0f39411e199e73ee22a8ae3055d3fc4218fa9d670b31af93d2e190df291,672faa9fb7cb4499da17d6a3afbd65a9301f170f,output/seed_runs/s5_full__seed23/test_preds.csv
naive_persistence,Naive persistence,test,2023-12-04,2023-12-05,1701759600,41980.1015625,44080.6484375,41980.1015625,0,,,,derived: predicted_close=current_close
cmamba_v_reproduced,Reproduced CM-v,test,2023-12-05,2023-12-06,1701846000,44080.6484375,43746.4492188,43522.4765625,136952,output/seed_runs/cmamba_v__seed23/epoch949-val-rmse572.6860.ckpt,afb28215d656ea54421efb00e3c60ec9d8a818fff186c194be9a98b55dcecdf0,672faa9fb7cb4499da17d6a3afbd65a9301f170f,output/evaluation/forecast_predictions.csv
s5_full,CMamba-T / S5-Full,test,2023-12-05,2023-12-06,1701846000,44080.6484375,43746.4492188,44327.3554688,57249,output/seed_runs/s5_full__seed23/epoch321-val-rmse527.3419.ckpt,a2f8b0f39411e199e73ee22a8ae3055d3fc4218fa9d670b31af93d2e190df291,672faa9fb7cb4499da17d6a3afbd65a9301f170f,output/seed_runs/s5_full__seed23/test_preds.csv
naive_persistence,Naive persistence,test,2023-12-05,2023-12-06,1701846000,44080.6484375,43746.4492188,44080.6484375,0,,,,derived: predicted_close=current_close
cmamba_v_reproduced,Reproduced CM-v,test,2023-12-06,2023-12-07,1701932400,43746.4492188,43292.6601562,44171.9492188,136952,output/seed_runs/cmamba_v__seed23/epoch949-val-rmse572.6860.ckpt,afb28215d656ea54421efb00e3c60ec9d8a818fff186c194be9a98b55dcecdf0,672faa9fb7cb4499da17d6a3afbd65a9301f170f,output/evaluation/forecast_predictions.csv
s5_full,CMamba-T / S5-Full,test,2023-12-06,2023-12-07,1701932400,43746.4492188,43292.6601562,43973.7070312,57249,output/seed_runs/s5_full__seed23/epoch321-val-rmse527.3419.ckpt,a2f8b0f39411e199e73ee22a8ae3055d3fc4218fa9d670b31af93d2e190df291,672faa9fb7cb4499da17d6a3afbd65a9301f170f,output/seed_runs/s5_full__seed23/test_preds.csv
naive_persistence,Naive persistence,test,2023-12-06,2023-12-07,1701932400,43746.4492188,43292.6601562,43746.4492188,0,,,,derived: predicted_close=current_close
cmamba_v_reproduced,Reproduced CM-v,test,2023-12-07,2023-12-08,1702018800,43292.6601562,44166.6015625,43560.7148438,136952,output/seed_runs/cmamba_v__seed23/epoch949-val-rmse572.6860.ckpt,afb28215d656ea54421efb00e3c60ec9d8a818fff186c194be9a98b55dcecdf0,672faa9fb7cb4499da17d6a3afbd65a9301f170f,output/evaluation/forecast_predictions.csv
s5_full,CMamba-T / S5-Full,test,2023-12-07,2023-12-08,1702018800,43292.6601562,44166.6015625,43512.71875,57249,output/seed_runs/s5_full__seed23/epoch321-val-rmse527.3419.ckpt,a2f8b0f39411e199e73ee22a8ae3055d3fc4218fa9d670b31af93d2e190df291,672faa9fb7cb4499da17d6a3afbd65a9301f170f,output/seed_runs/s5_full__seed23/test_preds.csv
naive_persistence,Naive persistence,test,2023-12-07,2023-12-08,1702018800,43292.6601562,44166.6015625,43292.6601562,0,,,,derived: predicted_close=current_close
cmamba_v_reproduced,Reproduced CM-v,test,2023-12-08,2023-12-09,1702105200,44166.6015625,43725.9804688,44110.0273438,136952,output/seed_runs/cmamba_v__seed23/epoch949-val-rmse572.6860.ckpt,afb28215d656ea54421efb00e3c60ec9d8a818fff186c194be9a98b55dcecdf0,672faa9fb7cb4499da17d6a3afbd65a9301f170f,output/evaluation/forecast_predictions.csv
s5_full,CMamba-T / S5-Full,test,2023-12-08,2023-12-09,1702105200,44166.6015625,43725.9804688,44399.5742188,57249,output/seed_runs/s5_full__seed23/epoch321-val-rmse527.3419.ckpt,a2f8b0f39411e199e73ee22a8ae3055d3fc4218fa9d670b31af93d2e190df291,672faa9fb7cb4499da17d6a3afbd65a9301f170f,output/seed_runs/s5_full__seed23/test_preds.csv
naive_persistence,Naive persistence,test,2023-12-08,2023-12-09,1702105200,44166.6015625,43725.9804688,44166.6015625,0,,,,derived: predicted_close=current_close
cmamba_v_reproduced,Reproduced CM-v,test,2023-12-09,2023-12-10,1702191600,43725.9804688,43779.6992188,44067.640625,136952,output/seed_runs/cmamba_v__seed23/epoch949-val-rmse572.6860.ckpt,afb28215d656ea54421efb00e3c60ec9d8a818fff186c194be9a98b55dcecdf0,672faa9fb7cb4499da17d6a3afbd65a9301f170f,output/evaluation/forecast_predictions.csv
s5_full,CMamba-T / S5-Full,test,2023-12-09,2023-12-10,1702191600,43725.9804688,43779.6992188,43949.15625,57249,output/seed_runs/s5_full__seed23/epoch321-val-rmse527.3419.ckpt,a2f8b0f39411e199e73ee22a8ae3055d3fc4218fa9d670b31af93d2e190df291,672faa9fb7cb4499da17d6a3afbd65a9301f170f,output/seed_runs/s5_full__seed23/test_preds.csv
naive_persistence,Naive persistence,test,2023-12-09,2023-12-10,1702191600,43725.9804688,43779.6992188,43725.9804688,0,,,,derived: predicted_close=current_close
cmamba_v_reproduced,Reproduced CM-v,test,2023-12-10,2023-12-11,1702278000,43779.6992188,41243.828125,43841.6523438,136952,output/seed_runs/cmamba_v__seed23/epoch949-val-rmse572.6860.ckpt,afb28215d656ea54421efb00e3c60ec9d8a818fff186c194be9a98b55dcecdf0,672faa9fb7cb4499da17d6a3afbd65a9301f170f,output/evaluation/forecast_predictions.csv
s5_full,CMamba-T / S5-Full,test,2023-12-10,2023-12-11,1702278000,43779.6992188,41243.828125,44004.984375,57249,output/seed_runs/s5_full__seed23/epoch321-val-rmse527.3419.ckpt,a2f8b0f39411e199e73ee22a8ae3055d3fc4218fa9d670b31af93d2e190df291,672faa9fb7cb4499da17d6a3afbd65a9301f170f,output/seed_runs/s5_full__seed23/test_preds.csv
naive_persistence,Naive persistence,test,2023-12-10,2023-12-11,1702278000,43779.6992188,41243.828125,43779.6992188,0,,,,derived: predicted_close=current_close
cmamba_v_reproduced,Reproduced CM-v,test,2023-12-11,2023-12-12,1702364400,41243.828125,41450.21875,41752.0820312,136952,output/seed_runs/cmamba_v__seed23/epoch949-val-rmse572.6860.ckpt,afb28215d656ea54421efb00e3c60ec9d8a818fff186c194be9a98b55dcecdf0,672faa9fb7cb4499da17d6a3afbd65a9301f170f,output/evaluation/forecast_predictions.csv
s5_full,CMamba-T / S5-Full,test,2023-12-11,2023-12-12,1702364400,41243.828125,41450.21875,41440.0546875,57249,output/seed_runs/s5_full__seed23/epoch321-val-rmse527.3419.ckpt,a2f8b0f39411e199e73ee22a8ae3055d3fc4218fa9d670b31af93d2e190df291,672faa9fb7cb4499da17d6a3afbd65a9301f170f,output/seed_runs/s5_full__seed23/test_preds.csv
naive_persistence,Naive persistence,test,2023-12-11,2023-12-12,1702364400,41243.828125,41450.21875,41243.828125,0,,,,derived: predicted_close=current_close
cmamba_v_reproduced,Reproduced CM-v,test,2023-12-12,2023-12-13,1702450800,41450.21875,42890.7382812,41179.1289062,136952,output/seed_runs/cmamba_v__seed23/epoch949-val-rmse572.6860.ckpt,afb28215d656ea54421efb00e3c60ec9d8a818fff186c194be9a98b55dcecdf0,672faa9fb7cb4499da17d6a3afbd65a9301f170f,output/evaluation/forecast_predictions.csv
s5_full,CMamba-T / S5-Full,test,2023-12-12,2023-12-13,1702450800,41450.21875,42890.7382812,41648.8515625,57249,output/seed_runs/s5_full__seed23/epoch321-val-rmse527.3419.ckpt,a2f8b0f39411e199e73ee22a8ae3055d3fc4218fa9d670b31af93d2e190df291,672faa9fb7cb4499da17d6a3afbd65a9301f170f,output/seed_runs/s5_full__seed23/test_preds.csv
naive_persistence,Naive persistence,test,2023-12-12,2023-12-13,1702450800,41450.21875,42890.7382812,41450.21875,0,,,,derived: predicted_close=current_close
cmamba_v_reproduced,Reproduced CM-v,test,2023-12-13,2023-12-14,1702537200,42890.7382812,43023.96875,42794.125,136952,output/seed_runs/cmamba_v__seed23/epoch949-val-rmse572.6860.ckpt,afb28215d656ea54421efb00e3c60ec9d8a818fff186c194be9a98b55dcecdf0,672faa9fb7cb4499da17d6a3afbd65a9301f170f,output/evaluation/forecast_predictions.csv
s5_full,CMamba-T / S5-Full,test,2023-12-13,2023-12-14,1702537200,42890.7382812,43023.96875,43079.9726562,57249,output/seed_runs/s5_full__seed23/epoch321-val-rmse527.3419.ckpt,a2f8b0f39411e199e73ee22a8ae3055d3fc4218fa9d670b31af93d2e190df291,672faa9fb7cb4499da17d6a3afbd65a9301f170f,output/seed_runs/s5_full__seed23/test_preds.csv
naive_persistence,Naive persistence,test,2023-12-13,2023-12-14,1702537200,42890.7382812,43023.96875,42890.7382812,0,,,,derived: predicted_close=current_close
cmamba_v_reproduced,Reproduced CM-v,test,2023-12-14,2023-12-15,1702623600,43023.96875,41929.7617188,42942.75,136952,output/seed_runs/cmamba_v__seed23/epoch949-val-rmse572.6860.ckpt,afb28215d656ea54421efb00e3c60ec9d8a818fff186c194be9a98b55dcecdf0,672faa9fb7cb4499da17d6a3afbd65a9301f170f,output/evaluation/forecast_predictions.csv
s5_full,CMamba-T / S5-Full,test,2023-12-14,2023-12-15,1702623600,43023.96875,41929.7617188,43146.7109375,57249,output/seed_runs/s5_full__seed23/epoch321-val-rmse527.3419.ckpt,a2f8b0f39411e199e73ee22a8ae3055d3fc4218fa9d670b31af93d2e190df291,672faa9fb7cb4499da17d6a3afbd65a9301f170f,output/seed_runs/s5_full__seed23/test_preds.csv
naive_persistence,Naive persistence,test,2023-12-14,2023-12-15,1702623600,43023.96875,41929.7617188,43023.96875,0,,,,derived: predicted_close=current_close
cmamba_v_reproduced,Reproduced CM-v,test,2023-12-15,2023-12-16,1702710000,41929.7617188,42240.1210938,42033.0546875,136952,output/seed_runs/cmamba_v__seed23/epoch949-val-rmse572.6860.ckpt,afb28215d656ea54421efb00e3c60ec9d8a818fff186c194be9a98b55dcecdf0,672faa9fb7cb4499da17d6a3afbd65a9301f170f,output/evaluation/forecast_predictions.csv
s5_full,CMamba-T / S5-Full,test,2023-12-15,2023-12-16,1702710000,41929.7617188,42240.1210938,42091.2304688,57249,output/seed_runs/s5_full__seed23/epoch321-val-rmse527.3419.ckpt,a2f8b0f39411e199e73ee22a8ae3055d3fc4218fa9d670b31af93d2e190df291,672faa9fb7cb4499da17d6a3afbd65a9301f170f,output/seed_runs/s5_full__seed23/test_preds.csv
naive_persistence,Naive persistence,test,2023-12-15,2023-12-16,1702710000,41929.7617188,42240.1210938,41929.7617188,0,,,,derived: predicted_close=current_close
cmamba_v_reproduced,Reproduced CM-v,test,2023-12-16,2023-12-17,1702796400,42240.1210938,41364.6601562,42201.6484375,136952,output/seed_runs/cmamba_v__seed23/epoch949-val-rmse572.6860.ckpt,afb28215d656ea54421efb00e3c60ec9d8a818fff186c194be9a98b55dcecdf0,672faa9fb7cb4499da17d6a3afbd65a9301f170f,output/evaluation/forecast_predictions.csv
s5_full,CMamba-T / S5-Full,test,2023-12-16,2023-12-17,1702796400,42240.1210938,41364.6601562,42405.03125,57249,output/seed_runs/s5_full__seed23/epoch321-val-rmse527.3419.ckpt,a2f8b0f39411e199e73ee22a8ae3055d3fc4218fa9d670b31af93d2e190df291,672faa9fb7cb4499da17d6a3afbd65a9301f170f,output/seed_runs/s5_full__seed23/test_preds.csv
naive_persistence,Naive persistence,test,2023-12-16,2023-12-17,1702796400,42240.1210938,41364.6601562,42240.1210938,0,,,,derived: predicted_close=current_close
cmamba_v_reproduced,Reproduced CM-v,test,2023-12-17,2023-12-18,1702882800,41364.6601562,42623.5390625,41786.9335938,136952,output/seed_runs/cmamba_v__seed23/epoch949-val-rmse572.6860.ckpt,afb28215d656ea54421efb00e3c60ec9d8a818fff186c194be9a98b55dcecdf0,672faa9fb7cb4499da17d6a3afbd65a9301f170f,output/evaluation/forecast_predictions.csv
s5_full,CMamba-T / S5-Full,test,2023-12-17,2023-12-18,1702882800,41364.6601562,42623.5390625,41504.7109375,57249,output/seed_runs/s5_full__seed23/epoch321-val-rmse527.3419.ckpt,a2f8b0f39411e199e73ee22a8ae3055d3fc4218fa9d670b31af93d2e190df291,672faa9fb7cb4499da17d6a3afbd65a9301f170f,output/seed_runs/s5_full__seed23/test_preds.csv
naive_persistence,Naive persistence,test,2023-12-17,2023-12-18,1702882800,41364.6601562,42623.5390625,41364.6601562,0,,,,derived: predicted_close=current_close
cmamba_v_reproduced,Reproduced CM-v,test,2023-12-18,2023-12-19,1702969200,42623.5390625,42270.53125,42004.3710938,136952,output/seed_runs/cmamba_v__seed23/epoch949-val-rmse572.6860.ckpt,afb28215d656ea54421efb00e3c60ec9d8a818fff186c194be9a98b55dcecdf0,672faa9fb7cb4499da17d6a3afbd65a9301f170f,output/evaluation/forecast_predictions.csv
s5_full,CMamba-T / S5-Full,test,2023-12-18,2023-12-19,1702969200,42623.5390625,42270.53125,42750.8320312,57249,output/seed_runs/s5_full__seed23/epoch321-val-rmse527.3419.ckpt,a2f8b0f39411e199e73ee22a8ae3055d3fc4218fa9d670b31af93d2e190df291,672faa9fb7cb4499da17d6a3afbd65a9301f170f,output/seed_runs/s5_full__seed23/test_preds.csv
naive_persistence,Naive persistence,test,2023-12-18,2023-12-19,1702969200,42623.5390625,42270.53125,42623.5390625,0,,,,derived: predicted_close=current_close
cmamba_v_reproduced,Reproduced CM-v,test,2023-12-19,2023-12-20,1703055600,42270.53125,43652.25,42639.1445312,136952,output/seed_runs/cmamba_v__seed23/epoch949-val-rmse572.6860.ckpt,afb28215d656ea54421efb00e3c60ec9d8a818fff186c194be9a98b55dcecdf0,672faa9fb7cb4499da17d6a3afbd65a9301f170f,output/evaluation/forecast_predictions.csv
s5_full,CMamba-T / S5-Full,test,2023-12-19,2023-12-20,1703055600,42270.53125,43652.25,42434.5351562,57249,output/seed_runs/s5_full__seed23/epoch321-val-rmse527.3419.ckpt,a2f8b0f39411e199e73ee22a8ae3055d3fc4218fa9d670b31af93d2e190df291,672faa9fb7cb4499da17d6a3afbd65a9301f170f,output/seed_runs/s5_full__seed23/test_preds.csv
naive_persistence,Naive persistence,test,2023-12-19,2023-12-20,1703055600,42270.53125,43652.25,42270.53125,0,,,,derived: predicted_close=current_close
cmamba_v_reproduced,Reproduced CM-v,test,2023-12-20,2023-12-21,1703142000,43652.25,43869.1484375,42925.4960938,136952,output/seed_runs/cmamba_v__seed23/epoch949-val-rmse572.6860.ckpt,afb28215d656ea54421efb00e3c60ec9d8a818fff186c194be9a98b55dcecdf0,672faa9fb7cb4499da17d6a3afbd65a9301f170f,output/evaluation/forecast_predictions.csv
s5_full,CMamba-T / S5-Full,test,2023-12-20,2023-12-21,1703142000,43652.25,43869.1484375,43824.421875,57249,output/seed_runs/s5_full__seed23/epoch321-val-rmse527.3419.ckpt,a2f8b0f39411e199e73ee22a8ae3055d3fc4218fa9d670b31af93d2e190df291,672faa9fb7cb4499da17d6a3afbd65a9301f170f,output/seed_runs/s5_full__seed23/test_preds.csv
naive_persistence,Naive persistence,test,2023-12-20,2023-12-21,1703142000,43652.25,43869.1484375,43652.25,0,,,,derived: predicted_close=current_close
cmamba_v_reproduced,Reproduced CM-v,test,2023-12-21,2023-12-22,1703228400,43869.1484375,43997.8984375,44173.6992188,136952,output/seed_runs/cmamba_v__seed23/epoch949-val-rmse572.6860.ckpt,afb28215d656ea54421efb00e3c60ec9d8a818fff186c194be9a98b55dcecdf0,672faa9fb7cb4499da17d6a3afbd65a9301f170f,output/evaluation/forecast_predictions.csv
s5_full,CMamba-T / S5-Full,test,2023-12-21,2023-12-22,1703228400,43869.1484375,43997.8984375,43973.859375,57249,output/seed_runs/s5_full__seed23/epoch321-val-rmse527.3419.ckpt,a2f8b0f39411e199e73ee22a8ae3055d3fc4218fa9d670b31af93d2e190df291,672faa9fb7cb4499da17d6a3afbd65a9301f170f,output/seed_runs/s5_full__seed23/test_preds.csv
naive_persistence,Naive persistence,test,2023-12-21,2023-12-22,1703228400,43869.1484375,43997.8984375,43869.1484375,0,,,,derived: predicted_close=current_close
cmamba_v_reproduced,Reproduced CM-v,test,2023-12-22,2023-12-23,1703314800,43997.8984375,43739.5390625,44182.8203125,136952,output/seed_runs/cmamba_v__seed23/epoch949-val-rmse572.6860.ckpt,afb28215d656ea54421efb00e3c60ec9d8a818fff186c194be9a98b55dcecdf0,672faa9fb7cb4499da17d6a3afbd65a9301f170f,output/evaluation/forecast_predictions.csv
s5_full,CMamba-T / S5-Full,test,2023-12-22,2023-12-23,1703314800,43997.8984375,43739.5390625,44103.8203125,57249,output/seed_runs/s5_full__seed23/epoch321-val-rmse527.3419.ckpt,a2f8b0f39411e199e73ee22a8ae3055d3fc4218fa9d670b31af93d2e190df291,672faa9fb7cb4499da17d6a3afbd65a9301f170f,output/seed_runs/s5_full__seed23/test_preds.csv
naive_persistence,Naive persistence,test,2023-12-22,2023-12-23,1703314800,43997.8984375,43739.5390625,43997.8984375,0,,,,derived: predicted_close=current_close
cmamba_v_reproduced,Reproduced CM-v,test,2023-12-23,2023-12-24,1703401200,43739.5390625,43016.1210938,43702.0117188,136952,output/seed_runs/cmamba_v__seed23/epoch949-val-rmse572.6860.ckpt,afb28215d656ea54421efb00e3c60ec9d8a818fff186c194be9a98b55dcecdf0,672faa9fb7cb4499da17d6a3afbd65a9301f170f,output/evaluation/forecast_predictions.csv
s5_full,CMamba-T / S5-Full,test,2023-12-23,2023-12-24,1703401200,43739.5390625,43016.1210938,43841.3398438,57249,output/seed_runs/s5_full__seed23/epoch321-val-rmse527.3419.ckpt,a2f8b0f39411e199e73ee22a8ae3055d3fc4218fa9d670b31af93d2e190df291,672faa9fb7cb4499da17d6a3afbd65a9301f170f,output/seed_runs/s5_full__seed23/test_preds.csv
naive_persistence,Naive persistence,test,2023-12-23,2023-12-24,1703401200,43739.5390625,43016.1210938,43739.5390625,0,,,,derived: predicted_close=current_close
cmamba_v_reproduced,Reproduced CM-v,test,2023-12-24,2023-12-25,1703487600,43016.1210938,43613.140625,43341.0976562,136952,output/seed_runs/cmamba_v__seed23/epoch949-val-rmse572.6860.ckpt,afb28215d656ea54421efb00e3c60ec9d8a818fff186c194be9a98b55dcecdf0,672faa9fb7cb4499da17d6a3afbd65a9301f170f,output/evaluation/forecast_predictions.csv
s5_full,CMamba-T / S5-Full,test,2023-12-24,2023-12-25,1703487600,43016.1210938,43613.140625,43115.453125,57249,output/seed_runs/s5_full__seed23/epoch321-val-rmse527.3419.ckpt,a2f8b0f39411e199e73ee22a8ae3055d3fc4218fa9d670b31af93d2e190df291,672faa9fb7cb4499da17d6a3afbd65a9301f170f,output/seed_runs/s5_full__seed23/test_preds.csv
naive_persistence,Naive persistence,test,2023-12-24,2023-12-25,1703487600,43016.1210938,43613.140625,43016.1210938,0,,,,derived: predicted_close=current_close
cmamba_v_reproduced,Reproduced CM-v,test,2023-12-25,2023-12-26,1703574000,43613.140625,42520.3984375,43269.2695312,136952,output/seed_runs/cmamba_v__seed23/epoch949-val-rmse572.6860.ckpt,afb28215d656ea54421efb00e3c60ec9d8a818fff186c194be9a98b55dcecdf0,672faa9fb7cb4499da17d6a3afbd65a9301f170f,output/evaluation/forecast_predictions.csv
s5_full,CMamba-T / S5-Full,test,2023-12-25,2023-12-26,1703574000,43613.140625,42520.3984375,43731.0820312,57249,output/seed_runs/s5_full__seed23/epoch321-val-rmse527.3419.ckpt,a2f8b0f39411e199e73ee22a8ae3055d3fc4218fa9d670b31af93d2e190df291,672faa9fb7cb4499da17d6a3afbd65a9301f170f,output/seed_runs/s5_full__seed23/test_preds.csv
naive_persistence,Naive persistence,test,2023-12-25,2023-12-26,1703574000,43613.140625,42520.3984375,43613.140625,0,,,,derived: predicted_close=current_close
cmamba_v_reproduced,Reproduced CM-v,test,2023-12-26,2023-12-27,1703660400,42520.3984375,43442.859375,42638.7578125,136952,output/seed_runs/cmamba_v__seed23/epoch949-val-rmse572.6860.ckpt,afb28215d656ea54421efb00e3c60ec9d8a818fff186c194be9a98b55dcecdf0,672faa9fb7cb4499da17d6a3afbd65a9301f170f,output/evaluation/forecast_predictions.csv
s5_full,CMamba-T / S5-Full,test,2023-12-26,2023-12-27,1703660400,42520.3984375,43442.859375,42680.6914062,57249,output/seed_runs/s5_full__seed23/epoch321-val-rmse527.3419.ckpt,a2f8b0f39411e199e73ee22a8ae3055d3fc4218fa9d670b31af93d2e190df291,672faa9fb7cb4499da17d6a3afbd65a9301f170f,output/seed_runs/s5_full__seed23/test_preds.csv
naive_persistence,Naive persistence,test,2023-12-26,2023-12-27,1703660400,42520.3984375,43442.859375,42520.3984375,0,,,,derived: predicted_close=current_close
cmamba_v_reproduced,Reproduced CM-v,test,2023-12-27,2023-12-28,1703746800,43442.859375,42627.859375,43133.9921875,136952,output/seed_runs/cmamba_v__seed23/epoch949-val-rmse572.6860.ckpt,afb28215d656ea54421efb00e3c60ec9d8a818fff186c194be9a98b55dcecdf0,672faa9fb7cb4499da17d6a3afbd65a9301f170f,output/evaluation/forecast_predictions.csv
s5_full,CMamba-T / S5-Full,test,2023-12-27,2023-12-28,1703746800,43442.859375,42627.859375,43596.7578125,57249,output/seed_runs/s5_full__seed23/epoch321-val-rmse527.3419.ckpt,a2f8b0f39411e199e73ee22a8ae3055d3fc4218fa9d670b31af93d2e190df291,672faa9fb7cb4499da17d6a3afbd65a9301f170f,output/seed_runs/s5_full__seed23/test_preds.csv
naive_persistence,Naive persistence,test,2023-12-27,2023-12-28,1703746800,43442.859375,42627.859375,43442.859375,0,,,,derived: predicted_close=current_close
cmamba_v_reproduced,Reproduced CM-v,test,2023-12-28,2023-12-29,1703833200,42627.859375,42099.3984375,43127.3398438,136952,output/seed_runs/cmamba_v__seed23/epoch949-val-rmse572.6860.ckpt,afb28215d656ea54421efb00e3c60ec9d8a818fff186c194be9a98b55dcecdf0,672faa9fb7cb4499da17d6a3afbd65a9301f170f,output/evaluation/forecast_predictions.csv
s5_full,CMamba-T / S5-Full,test,2023-12-28,2023-12-29,1703833200,42627.859375,42099.3984375,42714.9296875,57249,output/seed_runs/s5_full__seed23/epoch321-val-rmse527.3419.ckpt,a2f8b0f39411e199e73ee22a8ae3055d3fc4218fa9d670b31af93d2e190df291,672faa9fb7cb4499da17d6a3afbd65a9301f170f,output/seed_runs/s5_full__seed23/test_preds.csv
naive_persistence,Naive persistence,test,2023-12-28,2023-12-29,1703833200,42627.859375,42099.3984375,42627.859375,0,,,,derived: predicted_close=current_close
cmamba_v_reproduced,Reproduced CM-v,test,2023-12-29,2023-12-30,1703919600,42099.3984375,42156.8984375,42073.5390625,136952,output/seed_runs/cmamba_v__seed23/epoch949-val-rmse572.6860.ckpt,afb28215d656ea54421efb00e3c60ec9d8a818fff186c194be9a98b55dcecdf0,672faa9fb7cb4499da17d6a3afbd65a9301f170f,output/evaluation/forecast_predictions.csv
s5_full,CMamba-T / S5-Full,test,2023-12-29,2023-12-30,1703919600,42099.3984375,42156.8984375,42181.1367188,57249,output/seed_runs/s5_full__seed23/epoch321-val-rmse527.3419.ckpt,a2f8b0f39411e199e73ee22a8ae3055d3fc4218fa9d670b31af93d2e190df291,672faa9fb7cb4499da17d6a3afbd65a9301f170f,output/seed_runs/s5_full__seed23/test_preds.csv
naive_persistence,Naive persistence,test,2023-12-29,2023-12-30,1703919600,42099.3984375,42156.8984375,42099.3984375,0,,,,derived: predicted_close=current_close
cmamba_v_reproduced,Reproduced CM-v,test,2023-12-30,2023-12-31,1704006000,42156.8984375,42265.1914062,42205.8476562,136952,output/seed_runs/cmamba_v__seed23/epoch949-val-rmse572.6860.ckpt,afb28215d656ea54421efb00e3c60ec9d8a818fff186c194be9a98b55dcecdf0,672faa9fb7cb4499da17d6a3afbd65a9301f170f,output/evaluation/forecast_predictions.csv
s5_full,CMamba-T / S5-Full,test,2023-12-30,2023-12-31,1704006000,42156.8984375,42265.1914062,42228.6210938,57249,output/seed_runs/s5_full__seed23/epoch321-val-rmse527.3419.ckpt,a2f8b0f39411e199e73ee22a8ae3055d3fc4218fa9d670b31af93d2e190df291,672faa9fb7cb4499da17d6a3afbd65a9301f170f,output/seed_runs/s5_full__seed23/test_preds.csv
naive_persistence,Naive persistence,test,2023-12-30,2023-12-31,1704006000,42156.8984375,42265.1914062,42156.8984375,0,,,,derived: predicted_close=current_close
cmamba_v_reproduced,Reproduced CM-v,test,2023-12-31,2024-01-01,1704092400,42265.1914062,44167.328125,42424.1171875,136952,output/seed_runs/cmamba_v__seed23/epoch949-val-rmse572.6860.ckpt,afb28215d656ea54421efb00e3c60ec9d8a818fff186c194be9a98b55dcecdf0,672faa9fb7cb4499da17d6a3afbd65a9301f170f,output/evaluation/forecast_predictions.csv
s5_full,CMamba-T / S5-Full,test,2023-12-31,2024-01-01,1704092400,42265.1914062,44167.328125,42328.359375,57249,output/seed_runs/s5_full__seed23/epoch321-val-rmse527.3419.ckpt,a2f8b0f39411e199e73ee22a8ae3055d3fc4218fa9d670b31af93d2e190df291,672faa9fb7cb4499da17d6a3afbd65a9301f170f,output/seed_runs/s5_full__seed23/test_preds.csv
naive_persistence,Naive persistence,test,2023-12-31,2024-01-01,1704092400,42265.1914062,44167.328125,42265.1914062,0,,,,derived: predicted_close=current_close
cmamba_v_reproduced,Reproduced CM-v,test,2024-01-01,2024-01-02,1704178800,44167.328125,44957.96875,43381.03125,136952,output/seed_runs/cmamba_v__seed23/epoch949-val-rmse572.6860.ckpt,afb28215d656ea54421efb00e3c60ec9d8a818fff186c194be9a98b55dcecdf0,672faa9fb7cb4499da17d6a3afbd65a9301f170f,output/evaluation/forecast_predictions.csv
s5_full,CMamba-T / S5-Full,test,2024-01-01,2024-01-02,1704178800,44167.328125,44957.96875,44264.3398438,57249,output/seed_runs/s5_full__seed23/epoch321-val-rmse527.3419.ckpt,a2f8b0f39411e199e73ee22a8ae3055d3fc4218fa9d670b31af93d2e190df291,672faa9fb7cb4499da17d6a3afbd65a9301f170f,output/seed_runs/s5_full__seed23/test_preds.csv
naive_persistence,Naive persistence,test,2024-01-01,2024-01-02,1704178800,44167.328125,44957.96875,44167.328125,0,,,,derived: predicted_close=current_close
cmamba_v_reproduced,Reproduced CM-v,test,2024-01-02,2024-01-03,1704265200,44957.96875,42848.1796875,45451.7109375,136952,output/seed_runs/cmamba_v__seed23/epoch949-val-rmse572.6860.ckpt,afb28215d656ea54421efb00e3c60ec9d8a818fff186c194be9a98b55dcecdf0,672faa9fb7cb4499da17d6a3afbd65a9301f170f,output/evaluation/forecast_predictions.csv
s5_full,CMamba-T / S5-Full,test,2024-01-02,2024-01-03,1704265200,44957.96875,42848.1796875,45126.9492188,57249,output/seed_runs/s5_full__seed23/epoch321-val-rmse527.3419.ckpt,a2f8b0f39411e199e73ee22a8ae3055d3fc4218fa9d670b31af93d2e190df291,672faa9fb7cb4499da17d6a3afbd65a9301f170f,output/seed_runs/s5_full__seed23/test_preds.csv
naive_persistence,Naive persistence,test,2024-01-02,2024-01-03,1704265200,44957.96875,42848.1796875,44957.96875,0,,,,derived: predicted_close=current_close
cmamba_v_reproduced,Reproduced CM-v,test,2024-01-03,2024-01-04,1704351600,42848.1796875,44179.921875,42737.7265625,136952,output/seed_runs/cmamba_v__seed23/epoch949-val-rmse572.6860.ckpt,afb28215d656ea54421efb00e3c60ec9d8a818fff186c194be9a98b55dcecdf0,672faa9fb7cb4499da17d6a3afbd65a9301f170f,output/evaluation/forecast_predictions.csv
s5_full,CMamba-T / S5-Full,test,2024-01-03,2024-01-04,1704351600,42848.1796875,44179.921875,42983.8359375,57249,output/seed_runs/s5_full__seed23/epoch321-val-rmse527.3419.ckpt,a2f8b0f39411e199e73ee22a8ae3055d3fc4218fa9d670b31af93d2e190df291,672faa9fb7cb4499da17d6a3afbd65a9301f170f,output/seed_runs/s5_full__seed23/test_preds.csv
naive_persistence,Naive persistence,test,2024-01-03,2024-01-04,1704351600,42848.1796875,44179.921875,42848.1796875,0,,,,derived: predicted_close=current_close
cmamba_v_reproduced,Reproduced CM-v,test,2024-01-04,2024-01-05,1704438000,44179.921875,44162.6914062,44014.1367188,136952,output/seed_runs/cmamba_v__seed23/epoch949-val-rmse572.6860.ckpt,afb28215d656ea54421efb00e3c60ec9d8a818fff186c194be9a98b55dcecdf0,672faa9fb7cb4499da17d6a3afbd65a9301f170f,output/evaluation/forecast_predictions.csv
s5_full,CMamba-T / S5-Full,test,2024-01-04,2024-01-05,1704438000,44179.921875,44162.6914062,44307.328125,57249,output/seed_runs/s5_full__seed23/epoch321-val-rmse527.3419.ckpt,a2f8b0f39411e199e73ee22a8ae3055d3fc4218fa9d670b31af93d2e190df291,672faa9fb7cb4499da17d6a3afbd65a9301f170f,output/seed_runs/s5_full__seed23/test_preds.csv
naive_persistence,Naive persistence,test,2024-01-04,2024-01-05,1704438000,44179.921875,44162.6914062,44179.921875,0,,,,derived: predicted_close=current_close
cmamba_v_reproduced,Reproduced CM-v,test,2024-01-05,2024-01-06,1704524400,44162.6914062,43989.1992188,44241.8320312,136952,output/seed_runs/cmamba_v__seed23/epoch949-val-rmse572.6860.ckpt,afb28215d656ea54421efb00e3c60ec9d8a818fff186c194be9a98b55dcecdf0,672faa9fb7cb4499da17d6a3afbd65a9301f170f,output/evaluation/forecast_predictions.csv
s5_full,CMamba-T / S5-Full,test,2024-01-05,2024-01-06,1704524400,44162.6914062,43989.1992188,44223.3085938,57249,output/seed_runs/s5_full__seed23/epoch321-val-rmse527.3419.ckpt,a2f8b0f39411e199e73ee22a8ae3055d3fc4218fa9d670b31af93d2e190df291,672faa9fb7cb4499da17d6a3afbd65a9301f170f,output/seed_runs/s5_full__seed23/test_preds.csv
naive_persistence,Naive persistence,test,2024-01-05,2024-01-06,1704524400,44162.6914062,43989.1992188,44162.6914062,0,,,,derived: predicted_close=current_close
cmamba_v_reproduced,Reproduced CM-v,test,2024-01-06,2024-01-07,1704610800,43989.1992188,43943.1015625,43652.0585938,136952,output/seed_runs/cmamba_v__seed23/epoch949-val-rmse572.6860.ckpt,afb28215d656ea54421efb00e3c60ec9d8a818fff186c194be9a98b55dcecdf0,672faa9fb7cb4499da17d6a3afbd65a9301f170f,output/evaluation/forecast_predictions.csv
s5_full,CMamba-T / S5-Full,test,2024-01-06,2024-01-07,1704610800,43989.1992188,43943.1015625,44032.7460938,57249,output/seed_runs/s5_full__seed23/epoch321-val-rmse527.3419.ckpt,a2f8b0f39411e199e73ee22a8ae3055d3fc4218fa9d670b31af93d2e190df291,672faa9fb7cb4499da17d6a3afbd65a9301f170f,output/seed_runs/s5_full__seed23/test_preds.csv
naive_persistence,Naive persistence,test,2024-01-06,2024-01-07,1704610800,43989.1992188,43943.1015625,43989.1992188,0,,,,derived: predicted_close=current_close
cmamba_v_reproduced,Reproduced CM-v,test,2024-01-07,2024-01-08,1704697200,43943.1015625,46970.5,44219.8671875,136952,output/seed_runs/cmamba_v__seed23/epoch949-val-rmse572.6860.ckpt,afb28215d656ea54421efb00e3c60ec9d8a818fff186c194be9a98b55dcecdf0,672faa9fb7cb4499da17d6a3afbd65a9301f170f,output/evaluation/forecast_predictions.csv
s5_full,CMamba-T / S5-Full,test,2024-01-07,2024-01-08,1704697200,43943.1015625,46970.5,44013.0976562,57249,output/seed_runs/s5_full__seed23/epoch321-val-rmse527.3419.ckpt,a2f8b0f39411e199e73ee22a8ae3055d3fc4218fa9d670b31af93d2e190df291,672faa9fb7cb4499da17d6a3afbd65a9301f170f,output/seed_runs/s5_full__seed23/test_preds.csv
naive_persistence,Naive persistence,test,2024-01-07,2024-01-08,1704697200,43943.1015625,46970.5,43943.1015625,0,,,,derived: predicted_close=current_close
cmamba_v_reproduced,Reproduced CM-v,test,2024-01-08,2024-01-09,1704783600,46970.5,46139.7304688,45708.3242188,136952,output/seed_runs/cmamba_v__seed23/epoch949-val-rmse572.6860.ckpt,afb28215d656ea54421efb00e3c60ec9d8a818fff186c194be9a98b55dcecdf0,672faa9fb7cb4499da17d6a3afbd65a9301f170f,output/evaluation/forecast_predictions.csv
s5_full,CMamba-T / S5-Full,test,2024-01-08,2024-01-09,1704783600,46970.5,46139.7304688,47093.5273438,57249,output/seed_runs/s5_full__seed23/epoch321-val-rmse527.3419.ckpt,a2f8b0f39411e199e73ee22a8ae3055d3fc4218fa9d670b31af93d2e190df291,672faa9fb7cb4499da17d6a3afbd65a9301f170f,output/seed_runs/s5_full__seed23/test_preds.csv
naive_persistence,Naive persistence,test,2024-01-08,2024-01-09,1704783600,46970.5,46139.7304688,46970.5,0,,,,derived: predicted_close=current_close
cmamba_v_reproduced,Reproduced CM-v,test,2024-01-09,2024-01-10,1704870000,46139.7304688,46627.78125,46934.5351562,136952,output/seed_runs/cmamba_v__seed23/epoch949-val-rmse572.6860.ckpt,afb28215d656ea54421efb00e3c60ec9d8a818fff186c194be9a98b55dcecdf0,672faa9fb7cb4499da17d6a3afbd65a9301f170f,output/evaluation/forecast_predictions.csv
s5_full,CMamba-T / S5-Full,test,2024-01-09,2024-01-10,1704870000,46139.7304688,46627.78125,46267.28125,57249,output/seed_runs/s5_full__seed23/epoch321-val-rmse527.3419.ckpt,a2f8b0f39411e199e73ee22a8ae3055d3fc4218fa9d670b31af93d2e190df291,672faa9fb7cb4499da17d6a3afbd65a9301f170f,output/seed_runs/s5_full__seed23/test_preds.csv
naive_persistence,Naive persistence,test,2024-01-09,2024-01-10,1704870000,46139.7304688,46627.78125,46139.7304688,0,,,,derived: predicted_close=current_close
cmamba_v_reproduced,Reproduced CM-v,test,2024-01-10,2024-01-11,1704956400,46627.78125,46368.5898438,46512.7851562,136952,output/seed_runs/cmamba_v__seed23/epoch949-val-rmse572.6860.ckpt,afb28215d656ea54421efb00e3c60ec9d8a818fff186c194be9a98b55dcecdf0,672faa9fb7cb4499da17d6a3afbd65a9301f170f,output/evaluation/forecast_predictions.csv
s5_full,CMamba-T / S5-Full,test,2024-01-10,2024-01-11,1704956400,46627.78125,46368.5898438,46794.8007812,57249,output/seed_runs/s5_full__seed23/epoch321-val-rmse527.3419.ckpt,a2f8b0f39411e199e73ee22a8ae3055d3fc4218fa9d670b31af93d2e190df291,672faa9fb7cb4499da17d6a3afbd65a9301f170f,output/seed_runs/s5_full__seed23/test_preds.csv
naive_persistence,Naive persistence,test,2024-01-10,2024-01-11,1704956400,46627.78125,46368.5898438,46627.78125,0,,,,derived: predicted_close=current_close
cmamba_v_reproduced,Reproduced CM-v,test,2024-01-11,2024-01-12,1705042800,46368.5898438,42853.171875,47078.9648438,136952,output/seed_runs/cmamba_v__seed23/epoch949-val-rmse572.6860.ckpt,afb28215d656ea54421efb00e3c60ec9d8a818fff186c194be9a98b55dcecdf0,672faa9fb7cb4499da17d6a3afbd65a9301f170f,output/evaluation/forecast_predictions.csv
s5_full,CMamba-T / S5-Full,test,2024-01-11,2024-01-12,1705042800,46368.5898438,42853.171875,46463.5195312,57249,output/seed_runs/s5_full__seed23/epoch321-val-rmse527.3419.ckpt,a2f8b0f39411e199e73ee22a8ae3055d3fc4218fa9d670b31af93d2e190df291,672faa9fb7cb4499da17d6a3afbd65a9301f170f,output/seed_runs/s5_full__seed23/test_preds.csv
naive_persistence,Naive persistence,test,2024-01-11,2024-01-12,1705042800,46368.5898438,42853.171875,46368.5898438,0,,,,derived: predicted_close=current_close
cmamba_v_reproduced,Reproduced CM-v,test,2024-01-12,2024-01-13,1705129200,42853.171875,42842.3789062,43398.2226562,136952,output/seed_runs/cmamba_v__seed23/epoch949-val-rmse572.6860.ckpt,afb28215d656ea54421efb00e3c60ec9d8a818fff186c194be9a98b55dcecdf0,672faa9fb7cb4499da17d6a3afbd65a9301f170f,output/evaluation/forecast_predictions.csv
s5_full,CMamba-T / S5-Full,test,2024-01-12,2024-01-13,1705129200,42853.171875,42842.3789062,42933.046875,57249,output/seed_runs/s5_full__seed23/epoch321-val-rmse527.3419.ckpt,a2f8b0f39411e199e73ee22a8ae3055d3fc4218fa9d670b31af93d2e190df291,672faa9fb7cb4499da17d6a3afbd65a9301f170f,output/seed_runs/s5_full__seed23/test_preds.csv
naive_persistence,Naive persistence,test,2024-01-12,2024-01-13,1705129200,42853.171875,42842.3789062,42853.171875,0,,,,derived: predicted_close=current_close
cmamba_v_reproduced,Reproduced CM-v,test,2024-01-13,2024-01-14,1705215600,42842.3789062,41796.2695312,42646.5976562,136952,output/seed_runs/cmamba_v__seed23/epoch949-val-rmse572.6860.ckpt,afb28215d656ea54421efb00e3c60ec9d8a818fff186c194be9a98b55dcecdf0,672faa9fb7cb4499da17d6a3afbd65a9301f170f,output/evaluation/forecast_predictions.csv
s5_full,CMamba-T / S5-Full,test,2024-01-13,2024-01-14,1705215600,42842.3789062,41796.2695312,42872.859375,57249,output/seed_runs/s5_full__seed23/epoch321-val-rmse527.3419.ckpt,a2f8b0f39411e199e73ee22a8ae3055d3fc4218fa9d670b31af93d2e190df291,672faa9fb7cb4499da17d6a3afbd65a9301f170f,output/seed_runs/s5_full__seed23/test_preds.csv
naive_persistence,Naive persistence,test,2024-01-13,2024-01-14,1705215600,42842.3789062,41796.2695312,42842.3789062,0,,,,derived: predicted_close=current_close
cmamba_v_reproduced,Reproduced CM-v,test,2024-01-14,2024-01-15,1705302000,41796.2695312,42511.96875,42518.4179688,136952,output/seed_runs/cmamba_v__seed23/epoch949-val-rmse572.6860.ckpt,afb28215d656ea54421efb00e3c60ec9d8a818fff186c194be9a98b55dcecdf0,672faa9fb7cb4499da17d6a3afbd65a9301f170f,output/evaluation/forecast_predictions.csv
s5_full,CMamba-T / S5-Full,test,2024-01-14,2024-01-15,1705302000,41796.2695312,42511.96875,41783.2109375,57249,output/seed_runs/s5_full__seed23/epoch321-val-rmse527.3419.ckpt,a2f8b0f39411e199e73ee22a8ae3055d3fc4218fa9d670b31af93d2e190df291,672faa9fb7cb4499da17d6a3afbd65a9301f170f,output/seed_runs/s5_full__seed23/test_preds.csv
naive_persistence,Naive persistence,test,2024-01-14,2024-01-15,1705302000,41796.2695312,42511.96875,41796.2695312,0,,,,derived: predicted_close=current_close
cmamba_v_reproduced,Reproduced CM-v,test,2024-01-15,2024-01-16,1705388400,42511.96875,43154.9492188,41767.171875,136952,output/seed_runs/cmamba_v__seed23/epoch949-val-rmse572.6860.ckpt,afb28215d656ea54421efb00e3c60ec9d8a818fff186c194be9a98b55dcecdf0,672faa9fb7cb4499da17d6a3afbd65a9301f170f,output/evaluation/forecast_predictions.csv
s5_full,CMamba-T / S5-Full,test,2024-01-15,2024-01-16,1705388400,42511.96875,43154.9492188,42539.9140625,57249,output/seed_runs/s5_full__seed23/epoch321-val-rmse527.3419.ckpt,a2f8b0f39411e199e73ee22a8ae3055d3fc4218fa9d670b31af93d2e190df291,672faa9fb7cb4499da17d6a3afbd65a9301f170f,output/seed_runs/s5_full__seed23/test_preds.csv
naive_persistence,Naive persistence,test,2024-01-15,2024-01-16,1705388400,42511.96875,43154.9492188,42511.96875,0,,,,derived: predicted_close=current_close
cmamba_v_reproduced,Reproduced CM-v,test,2024-01-16,2024-01-17,1705474800,43154.9492188,42742.6484375,43244.8320312,136952,output/seed_runs/cmamba_v__seed23/epoch949-val-rmse572.6860.ckpt,afb28215d656ea54421efb00e3c60ec9d8a818fff186c194be9a98b55dcecdf0,672faa9fb7cb4499da17d6a3afbd65a9301f170f,output/evaluation/forecast_predictions.csv
s5_full,CMamba-T / S5-Full,test,2024-01-16,2024-01-17,1705474800,43154.9492188,42742.6484375,43255.3125,57249,output/seed_runs/s5_full__seed23/epoch321-val-rmse527.3419.ckpt,a2f8b0f39411e199e73ee22a8ae3055d3fc4218fa9d670b31af93d2e190df291,672faa9fb7cb4499da17d6a3afbd65a9301f170f,output/seed_runs/s5_full__seed23/test_preds.csv
naive_persistence,Naive persistence,test,2024-01-16,2024-01-17,1705474800,43154.9492188,42742.6484375,43154.9492188,0,,,,derived: predicted_close=current_close
cmamba_v_reproduced,Reproduced CM-v,test,2024-01-17,2024-01-18,1705561200,42742.6484375,41262.0585938,42891.7460938,136952,output/seed_runs/cmamba_v__seed23/epoch949-val-rmse572.6860.ckpt,afb28215d656ea54421efb00e3c60ec9d8a818fff186c194be9a98b55dcecdf0,672faa9fb7cb4499da17d6a3afbd65a9301f170f,output/evaluation/forecast_predictions.csv
s5_full,CMamba-T / S5-Full,test,2024-01-17,2024-01-18,1705561200,42742.6484375,41262.0585938,42841.8789062,57249,output/seed_runs/s5_full__seed23/epoch321-val-rmse527.3419.ckpt,a2f8b0f39411e199e73ee22a8ae3055d3fc4218fa9d670b31af93d2e190df291,672faa9fb7cb4499da17d6a3afbd65a9301f170f,output/seed_runs/s5_full__seed23/test_preds.csv
naive_persistence,Naive persistence,test,2024-01-17,2024-01-18,1705561200,42742.6484375,41262.0585938,42742.6484375,0,,,,derived: predicted_close=current_close
cmamba_v_reproduced,Reproduced CM-v,test,2024-01-18,2024-01-19,1705647600,41262.0585938,41618.4101562,41266.4960938,136952,output/seed_runs/cmamba_v__seed23/epoch949-val-rmse572.6860.ckpt,afb28215d656ea54421efb00e3c60ec9d8a818fff186c194be9a98b55dcecdf0,672faa9fb7cb4499da17d6a3afbd65a9301f170f,output/evaluation/forecast_predictions.csv
s5_full,CMamba-T / S5-Full,test,2024-01-18,2024-01-19,1705647600,41262.0585938,41618.4101562,41357.5,57249,output/seed_runs/s5_full__seed23/epoch321-val-rmse527.3419.ckpt,a2f8b0f39411e199e73ee22a8ae3055d3fc4218fa9d670b31af93d2e190df291,672faa9fb7cb4499da17d6a3afbd65a9301f170f,output/seed_runs/s5_full__seed23/test_preds.csv
naive_persistence,Naive persistence,test,2024-01-18,2024-01-19,1705647600,41262.0585938,41618.4101562,41262.0585938,0,,,,derived: predicted_close=current_close
cmamba_v_reproduced,Reproduced CM-v,test,2024-01-19,2024-01-20,1705734000,41618.4101562,41665.5898438,41846.2890625,136952,output/seed_runs/cmamba_v__seed23/epoch949-val-rmse572.6860.ckpt,afb28215d656ea54421efb00e3c60ec9d8a818fff186c194be9a98b55dcecdf0,672faa9fb7cb4499da17d6a3afbd65a9301f170f,output/evaluation/forecast_predictions.csv
s5_full,CMamba-T / S5-Full,test,2024-01-19,2024-01-20,1705734000,41618.4101562,41665.5898438,41678.3476562,57249,output/seed_runs/s5_full__seed23/epoch321-val-rmse527.3419.ckpt,a2f8b0f39411e199e73ee22a8ae3055d3fc4218fa9d670b31af93d2e190df291,672faa9fb7cb4499da17d6a3afbd65a9301f170f,output/seed_runs/s5_full__seed23/test_preds.csv
naive_persistence,Naive persistence,test,2024-01-19,2024-01-20,1705734000,41618.4101562,41665.5898438,41618.4101562,0,,,,derived: predicted_close=current_close
cmamba_v_reproduced,Reproduced CM-v,test,2024-01-20,2024-01-21,1705820400,41665.5898438,41545.7890625,41422.0351562,136952,output/seed_runs/cmamba_v__seed23/epoch949-val-rmse572.6860.ckpt,afb28215d656ea54421efb00e3c60ec9d8a818fff186c194be9a98b55dcecdf0,672faa9fb7cb4499da17d6a3afbd65a9301f170f,output/evaluation/forecast_predictions.csv
s5_full,CMamba-T / S5-Full,test,2024-01-20,2024-01-21,1705820400,41665.5898438,41545.7890625,41666.3046875,57249,output/seed_runs/s5_full__seed23/epoch321-val-rmse527.3419.ckpt,a2f8b0f39411e199e73ee22a8ae3055d3fc4218fa9d670b31af93d2e190df291,672faa9fb7cb4499da17d6a3afbd65a9301f170f,output/seed_runs/s5_full__seed23/test_preds.csv
naive_persistence,Naive persistence,test,2024-01-20,2024-01-21,1705820400,41665.5898438,41545.7890625,41665.5898438,0,,,,derived: predicted_close=current_close
cmamba_v_reproduced,Reproduced CM-v,test,2024-01-21,2024-01-22,1705906800,41545.7890625,39507.3710938,41308.2304688,136952,output/seed_runs/cmamba_v__seed23/epoch949-val-rmse572.6860.ckpt,afb28215d656ea54421efb00e3c60ec9d8a818fff186c194be9a98b55dcecdf0,672faa9fb7cb4499da17d6a3afbd65a9301f170f,output/evaluation/forecast_predictions.csv
s5_full,CMamba-T / S5-Full,test,2024-01-21,2024-01-22,1705906800,41545.7890625,39507.3710938,41528.484375,57249,output/seed_runs/s5_full__seed23/epoch321-val-rmse527.3419.ckpt,a2f8b0f39411e199e73ee22a8ae3055d3fc4218fa9d670b31af93d2e190df291,672faa9fb7cb4499da17d6a3afbd65a9301f170f,output/seed_runs/s5_full__seed23/test_preds.csv
naive_persistence,Naive persistence,test,2024-01-21,2024-01-22,1705906800,41545.7890625,39507.3710938,41545.7890625,0,,,,derived: predicted_close=current_close
cmamba_v_reproduced,Reproduced CM-v,test,2024-01-22,2024-01-23,1705993200,39507.3710938,39845.5507812,40154.9570312,136952,output/seed_runs/cmamba_v__seed23/epoch949-val-rmse572.6860.ckpt,afb28215d656ea54421efb00e3c60ec9d8a818fff186c194be9a98b55dcecdf0,672faa9fb7cb4499da17d6a3afbd65a9301f170f,output/evaluation/forecast_predictions.csv
s5_full,CMamba-T / S5-Full,test,2024-01-22,2024-01-23,1705993200,39507.3710938,39845.5507812,39624.1289062,57249,output/seed_runs/s5_full__seed23/epoch321-val-rmse527.3419.ckpt,a2f8b0f39411e199e73ee22a8ae3055d3fc4218fa9d670b31af93d2e190df291,672faa9fb7cb4499da17d6a3afbd65a9301f170f,output/seed_runs/s5_full__seed23/test_preds.csv
naive_persistence,Naive persistence,test,2024-01-22,2024-01-23,1705993200,39507.3710938,39845.5507812,39507.3710938,0,,,,derived: predicted_close=current_close
cmamba_v_reproduced,Reproduced CM-v,test,2024-01-23,2024-01-24,1706079600,39845.5507812,40077.0703125,39223.9453125,136952,output/seed_runs/cmamba_v__seed23/epoch949-val-rmse572.6860.ckpt,afb28215d656ea54421efb00e3c60ec9d8a818fff186c194be9a98b55dcecdf0,672faa9fb7cb4499da17d6a3afbd65a9301f170f,output/evaluation/forecast_predictions.csv
s5_full,CMamba-T / S5-Full,test,2024-01-23,2024-01-24,1706079600,39845.5507812,40077.0703125,39974.7265625,57249,output/seed_runs/s5_full__seed23/epoch321-val-rmse527.3419.ckpt,a2f8b0f39411e199e73ee22a8ae3055d3fc4218fa9d670b31af93d2e190df291,672faa9fb7cb4499da17d6a3afbd65a9301f170f,output/seed_runs/s5_full__seed23/test_preds.csv
naive_persistence,Naive persistence,test,2024-01-23,2024-01-24,1706079600,39845.5507812,40077.0703125,39845.5507812,0,,,,derived: predicted_close=current_close
cmamba_v_reproduced,Reproduced CM-v,test,2024-01-24,2024-01-25,1706166000,40077.0703125,39933.8085938,40431.5976562,136952,output/seed_runs/cmamba_v__seed23/epoch949-val-rmse572.6860.ckpt,afb28215d656ea54421efb00e3c60ec9d8a818fff186c194be9a98b55dcecdf0,672faa9fb7cb4499da17d6a3afbd65a9301f170f,output/evaluation/forecast_predictions.csv
s5_full,CMamba-T / S5-Full,test,2024-01-24,2024-01-25,1706166000,40077.0703125,39933.8085938,40128.90625,57249,output/seed_runs/s5_full__seed23/epoch321-val-rmse527.3419.ckpt,a2f8b0f39411e199e73ee22a8ae3055d3fc4218fa9d670b31af93d2e190df291,672faa9fb7cb4499da17d6a3afbd65a9301f170f,output/seed_runs/s5_full__seed23/test_preds.csv
naive_persistence,Naive persistence,test,2024-01-24,2024-01-25,1706166000,40077.0703125,39933.8085938,40077.0703125,0,,,,derived: predicted_close=current_close
cmamba_v_reproduced,Reproduced CM-v,test,2024-01-25,2024-01-26,1706252400,39933.8085938,41816.8710938,39899.6601562,136952,output/seed_runs/cmamba_v__seed23/epoch949-val-rmse572.6860.ckpt,afb28215d656ea54421efb00e3c60ec9d8a818fff186c194be9a98b55dcecdf0,672faa9fb7cb4499da17d6a3afbd65a9301f170f,output/evaluation/forecast_predictions.csv
s5_full,CMamba-T / S5-Full,test,2024-01-25,2024-01-26,1706252400,39933.8085938,41816.8710938,39880.5234375,57249,output/seed_runs/s5_full__seed23/epoch321-val-rmse527.3419.ckpt,a2f8b0f39411e199e73ee22a8ae3055d3fc4218fa9d670b31af93d2e190df291,672faa9fb7cb4499da17d6a3afbd65a9301f170f,output/seed_runs/s5_full__seed23/test_preds.csv
naive_persistence,Naive persistence,test,2024-01-25,2024-01-26,1706252400,39933.8085938,41816.8710938,39933.8085938,0,,,,derived: predicted_close=current_close
cmamba_v_reproduced,Reproduced CM-v,test,2024-01-26,2024-01-27,1706338800,41816.8710938,42120.0507812,41174.203125,136952,output/seed_runs/cmamba_v__seed23/epoch949-val-rmse572.6860.ckpt,afb28215d656ea54421efb00e3c60ec9d8a818fff186c194be9a98b55dcecdf0,672faa9fb7cb4499da17d6a3afbd65a9301f170f,output/evaluation/forecast_predictions.csv
s5_full,CMamba-T / S5-Full,test,2024-01-26,2024-01-27,1706338800,41816.8710938,42120.0507812,41821.9609375,57249,output/seed_runs/s5_full__seed23/epoch321-val-rmse527.3419.ckpt,a2f8b0f39411e199e73ee22a8ae3055d3fc4218fa9d670b31af93d2e190df291,672faa9fb7cb4499da17d6a3afbd65a9301f170f,output/seed_runs/s5_full__seed23/test_preds.csv
naive_persistence,Naive persistence,test,2024-01-26,2024-01-27,1706338800,41816.8710938,42120.0507812,41816.8710938,0,,,,derived: predicted_close=current_close
cmamba_v_reproduced,Reproduced CM-v,test,2024-01-27,2024-01-28,1706425200,42120.0507812,42035.5898438,42059.6523438,136952,output/seed_runs/cmamba_v__seed23/epoch949-val-rmse572.6860.ckpt,afb28215d656ea54421efb00e3c60ec9d8a818fff186c194be9a98b55dcecdf0,672faa9fb7cb4499da17d6a3afbd65a9301f170f,output/evaluation/forecast_predictions.csv
s5_full,CMamba-T / S5-Full,test,2024-01-27,2024-01-28,1706425200,42120.0507812,42035.5898438,42129.7617188,57249,output/seed_runs/s5_full__seed23/epoch321-val-rmse527.3419.ckpt,a2f8b0f39411e199e73ee22a8ae3055d3fc4218fa9d670b31af93d2e190df291,672faa9fb7cb4499da17d6a3afbd65a9301f170f,output/seed_runs/s5_full__seed23/test_preds.csv
naive_persistence,Naive persistence,test,2024-01-27,2024-01-28,1706425200,42120.0507812,42035.5898438,42120.0507812,0,,,,derived: predicted_close=current_close
cmamba_v_reproduced,Reproduced CM-v,test,2024-01-28,2024-01-29,1706511600,42035.5898438,43288.25,42226.9726562,136952,output/seed_runs/cmamba_v__seed23/epoch949-val-rmse572.6860.ckpt,afb28215d656ea54421efb00e3c60ec9d8a818fff186c194be9a98b55dcecdf0,672faa9fb7cb4499da17d6a3afbd65a9301f170f,output/evaluation/forecast_predictions.csv
s5_full,CMamba-T / S5-Full,test,2024-01-28,2024-01-29,1706511600,42035.5898438,43288.25,42057.703125,57249,output/seed_runs/s5_full__seed23/epoch321-val-rmse527.3419.ckpt,a2f8b0f39411e199e73ee22a8ae3055d3fc4218fa9d670b31af93d2e190df291,672faa9fb7cb4499da17d6a3afbd65a9301f170f,output/seed_runs/s5_full__seed23/test_preds.csv
naive_persistence,Naive persistence,test,2024-01-28,2024-01-29,1706511600,42035.5898438,43288.25,42035.5898438,0,,,,derived: predicted_close=current_close
cmamba_v_reproduced,Reproduced CM-v,test,2024-01-29,2024-01-30,1706598000,43288.25,42952.609375,43125.1914062,136952,output/seed_runs/cmamba_v__seed23/epoch949-val-rmse572.6860.ckpt,afb28215d656ea54421efb00e3c60ec9d8a818fff186c194be9a98b55dcecdf0,672faa9fb7cb4499da17d6a3afbd65a9301f170f,output/evaluation/forecast_predictions.csv
s5_full,CMamba-T / S5-Full,test,2024-01-29,2024-01-30,1706598000,43288.25,42952.609375,43305.4023438,57249,output/seed_runs/s5_full__seed23/epoch321-val-rmse527.3419.ckpt,a2f8b0f39411e199e73ee22a8ae3055d3fc4218fa9d670b31af93d2e190df291,672faa9fb7cb4499da17d6a3afbd65a9301f170f,output/seed_runs/s5_full__seed23/test_preds.csv
naive_persistence,Naive persistence,test,2024-01-29,2024-01-30,1706598000,43288.25,42952.609375,43288.25,0,,,,derived: predicted_close=current_close
cmamba_v_reproduced,Reproduced CM-v,test,2024-01-30,2024-01-31,1706684400,42952.609375,42582.609375,43331.8554688,136952,output/seed_runs/cmamba_v__seed23/epoch949-val-rmse572.6860.ckpt,afb28215d656ea54421efb00e3c60ec9d8a818fff186c194be9a98b55dcecdf0,672faa9fb7cb4499da17d6a3afbd65a9301f170f,output/evaluation/forecast_predictions.csv
s5_full,CMamba-T / S5-Full,test,2024-01-30,2024-01-31,1706684400,42952.609375,42582.609375,42968.1171875,57249,output/seed_runs/s5_full__seed23/epoch321-val-rmse527.3419.ckpt,a2f8b0f39411e199e73ee22a8ae3055d3fc4218fa9d670b31af93d2e190df291,672faa9fb7cb4499da17d6a3afbd65a9301f170f,output/seed_runs/s5_full__seed23/test_preds.csv
naive_persistence,Naive persistence,test,2024-01-30,2024-01-31,1706684400,42952.609375,42582.609375,42952.609375,0,,,,derived: predicted_close=current_close
cmamba_v_reproduced,Reproduced CM-v,test,2024-01-31,2024-02-01,1706770800,42582.609375,43075.7695312,42498.1289062,136952,output/seed_runs/cmamba_v__seed23/epoch949-val-rmse572.6860.ckpt,afb28215d656ea54421efb00e3c60ec9d8a818fff186c194be9a98b55dcecdf0,672faa9fb7cb4499da17d6a3afbd65a9301f170f,output/evaluation/forecast_predictions.csv
s5_full,CMamba-T / S5-Full,test,2024-01-31,2024-02-01,1706770800,42582.609375,43075.7695312,42572.3632812,57249,output/seed_runs/s5_full__seed23/epoch321-val-rmse527.3419.ckpt,a2f8b0f39411e199e73ee22a8ae3055d3fc4218fa9d670b31af93d2e190df291,672faa9fb7cb4499da17d6a3afbd65a9301f170f,output/seed_runs/s5_full__seed23/test_preds.csv
naive_persistence,Naive persistence,test,2024-01-31,2024-02-01,1706770800,42582.609375,43075.7695312,42582.609375,0,,,,derived: predicted_close=current_close
cmamba_v_reproduced,Reproduced CM-v,test,2024-02-01,2024-02-02,1706857200,43075.7695312,43185.859375,42965.5195312,136952,output/seed_runs/cmamba_v__seed23/epoch949-val-rmse572.6860.ckpt,afb28215d656ea54421efb00e3c60ec9d8a818fff186c194be9a98b55dcecdf0,672faa9fb7cb4499da17d6a3afbd65a9301f170f,output/evaluation/forecast_predictions.csv
s5_full,CMamba-T / S5-Full,test,2024-02-01,2024-02-02,1706857200,43075.7695312,43185.859375,43051.6445312,57249,output/seed_runs/s5_full__seed23/epoch321-val-rmse527.3419.ckpt,a2f8b0f39411e199e73ee22a8ae3055d3fc4218fa9d670b31af93d2e190df291,672faa9fb7cb4499da17d6a3afbd65a9301f170f,output/seed_runs/s5_full__seed23/test_preds.csv
naive_persistence,Naive persistence,test,2024-02-01,2024-02-02,1706857200,43075.7695312,43185.859375,43075.7695312,0,,,,derived: predicted_close=current_close
cmamba_v_reproduced,Reproduced CM-v,test,2024-02-02,2024-02-03,1706943600,43185.859375,42992.25,43157.6640625,136952,output/seed_runs/cmamba_v__seed23/epoch949-val-rmse572.6860.ckpt,afb28215d656ea54421efb00e3c60ec9d8a818fff186c194be9a98b55dcecdf0,672faa9fb7cb4499da17d6a3afbd65a9301f170f,output/evaluation/forecast_predictions.csv
s5_full,CMamba-T / S5-Full,test,2024-02-02,2024-02-03,1706943600,43185.859375,42992.25,43143.6679688,57249,output/seed_runs/s5_full__seed23/epoch321-val-rmse527.3419.ckpt,a2f8b0f39411e199e73ee22a8ae3055d3fc4218fa9d670b31af93d2e190df291,672faa9fb7cb4499da17d6a3afbd65a9301f170f,output/seed_runs/s5_full__seed23/test_preds.csv
naive_persistence,Naive persistence,test,2024-02-02,2024-02-03,1706943600,43185.859375,42992.25,43185.859375,0,,,,derived: predicted_close=current_close
cmamba_v_reproduced,Reproduced CM-v,test,2024-02-03,2024-02-04,1707030000,42992.25,42583.578125,43146.015625,136952,output/seed_runs/cmamba_v__seed23/epoch949-val-rmse572.6860.ckpt,afb28215d656ea54421efb00e3c60ec9d8a818fff186c194be9a98b55dcecdf0,672faa9fb7cb4499da17d6a3afbd65a9301f170f,output/evaluation/forecast_predictions.csv
s5_full,CMamba-T / S5-Full,test,2024-02-03,2024-02-04,1707030000,42992.25,42583.578125,42952.578125,57249,output/seed_runs/s5_full__seed23/epoch321-val-rmse527.3419.ckpt,a2f8b0f39411e199e73ee22a8ae3055d3fc4218fa9d670b31af93d2e190df291,672faa9fb7cb4499da17d6a3afbd65a9301f170f,output/seed_runs/s5_full__seed23/test_preds.csv
naive_persistence,Naive persistence,test,2024-02-03,2024-02-04,1707030000,42992.25,42583.578125,42992.25,0,,,,derived: predicted_close=current_close
cmamba_v_reproduced,Reproduced CM-v,test,2024-02-04,2024-02-05,1707116400,42583.578125,42658.671875,42853.1132812,136952,output/seed_runs/cmamba_v__seed23/epoch949-val-rmse572.6860.ckpt,afb28215d656ea54421efb00e3c60ec9d8a818fff186c194be9a98b55dcecdf0,672faa9fb7cb4499da17d6a3afbd65a9301f170f,output/evaluation/forecast_predictions.csv
s5_full,CMamba-T / S5-Full,test,2024-02-04,2024-02-05,1707116400,42583.578125,42658.671875,42568.828125,57249,output/seed_runs/s5_full__seed23/epoch321-val-rmse527.3419.ckpt,a2f8b0f39411e199e73ee22a8ae3055d3fc4218fa9d670b31af93d2e190df291,672faa9fb7cb4499da17d6a3afbd65a9301f170f,output/seed_runs/s5_full__seed23/test_preds.csv
naive_persistence,Naive persistence,test,2024-02-04,2024-02-05,1707116400,42583.578125,42658.671875,42583.578125,0,,,,derived: predicted_close=current_close
cmamba_v_reproduced,Reproduced CM-v,test,2024-02-05,2024-02-06,1707202800,42658.671875,43084.671875,42788.0195312,136952,output/seed_runs/cmamba_v__seed23/epoch949-val-rmse572.6860.ckpt,afb28215d656ea54421efb00e3c60ec9d8a818fff186c194be9a98b55dcecdf0,672faa9fb7cb4499da17d6a3afbd65a9301f170f,output/evaluation/forecast_predictions.csv
s5_full,CMamba-T / S5-Full,test,2024-02-05,2024-02-06,1707202800,42658.671875,43084.671875,42669.9492188,57249,output/seed_runs/s5_full__seed23/epoch321-val-rmse527.3419.ckpt,a2f8b0f39411e199e73ee22a8ae3055d3fc4218fa9d670b31af93d2e190df291,672faa9fb7cb4499da17d6a3afbd65a9301f170f,output/seed_runs/s5_full__seed23/test_preds.csv
naive_persistence,Naive persistence,test,2024-02-05,2024-02-06,1707202800,42658.671875,43084.671875,42658.671875,0,,,,derived: predicted_close=current_close
cmamba_v_reproduced,Reproduced CM-v,test,2024-02-06,2024-02-07,1707289200,43084.671875,44318.21875,42949.3945312,136952,output/seed_runs/cmamba_v__seed23/epoch949-val-rmse572.6860.ckpt,afb28215d656ea54421efb00e3c60ec9d8a818fff186c194be9a98b55dcecdf0,672faa9fb7cb4499da17d6a3afbd65a9301f170f,output/evaluation/forecast_predictions.csv
s5_full,CMamba-T / S5-Full,test,2024-02-06,2024-02-07,1707289200,43084.671875,44318.21875,43113.875,57249,output/seed_runs/s5_full__seed23/epoch321-val-rmse527.3419.ckpt,a2f8b0f39411e199e73ee22a8ae3055d3fc4218fa9d670b31af93d2e190df291,672faa9fb7cb4499da17d6a3afbd65a9301f170f,output/seed_runs/s5_full__seed23/test_preds.csv
naive_persistence,Naive persistence,test,2024-02-06,2024-02-07,1707289200,43084.671875,44318.21875,43084.671875,0,,,,derived: predicted_close=current_close
cmamba_v_reproduced,Reproduced CM-v,test,2024-02-07,2024-02-08,1707375600,44318.21875,45301.5703125,44077.1289062,136952,output/seed_runs/cmamba_v__seed23/epoch949-val-rmse572.6860.ckpt,afb28215d656ea54421efb00e3c60ec9d8a818fff186c194be9a98b55dcecdf0,672faa9fb7cb4499da17d6a3afbd65a9301f170f,output/evaluation/forecast_predictions.csv
s5_full,CMamba-T / S5-Full,test,2024-02-07,2024-02-08,1707375600,44318.21875,45301.5703125,44353.546875,57249,output/seed_runs/s5_full__seed23/epoch321-val-rmse527.3419.ckpt,a2f8b0f39411e199e73ee22a8ae3055d3fc4218fa9d670b31af93d2e190df291,672faa9fb7cb4499da17d6a3afbd65a9301f170f,output/seed_runs/s5_full__seed23/test_preds.csv
naive_persistence,Naive persistence,test,2024-02-07,2024-02-08,1707375600,44318.21875,45301.5703125,44318.21875,0,,,,derived: predicted_close=current_close
cmamba_v_reproduced,Reproduced CM-v,test,2024-02-08,2024-02-09,1707462000,45301.5703125,47147.1992188,45247.8632812,136952,output/seed_runs/cmamba_v__seed23/epoch949-val-rmse572.6860.ckpt,afb28215d656ea54421efb00e3c60ec9d8a818fff186c194be9a98b55dcecdf0,672faa9fb7cb4499da17d6a3afbd65a9301f170f,output/evaluation/forecast_predictions.csv
s5_full,CMamba-T / S5-Full,test,2024-02-08,2024-02-09,1707462000,45301.5703125,47147.1992188,45354.640625,57249,output/seed_runs/s5_full__seed23/epoch321-val-rmse527.3419.ckpt,a2f8b0f39411e199e73ee22a8ae3055d3fc4218fa9d670b31af93d2e190df291,672faa9fb7cb4499da17d6a3afbd65a9301f170f,output/seed_runs/s5_full__seed23/test_preds.csv
naive_persistence,Naive persistence,test,2024-02-08,2024-02-09,1707462000,45301.5703125,47147.1992188,45301.5703125,0,,,,derived: predicted_close=current_close
cmamba_v_reproduced,Reproduced CM-v,test,2024-02-09,2024-02-10,1707548400,47147.1992188,47771.28125,46852.5742188,136952,output/seed_runs/cmamba_v__seed23/epoch949-val-rmse572.6860.ckpt,afb28215d656ea54421efb00e3c60ec9d8a818fff186c194be9a98b55dcecdf0,672faa9fb7cb4499da17d6a3afbd65a9301f170f,output/evaluation/forecast_predictions.csv
s5_full,CMamba-T / S5-Full,test,2024-02-09,2024-02-10,1707548400,47147.1992188,47771.28125,47221.3789062,57249,output/seed_runs/s5_full__seed23/epoch321-val-rmse527.3419.ckpt,a2f8b0f39411e199e73ee22a8ae3055d3fc4218fa9d670b31af93d2e190df291,672faa9fb7cb4499da17d6a3afbd65a9301f170f,output/seed_runs/s5_full__seed23/test_preds.csv
naive_persistence,Naive persistence,test,2024-02-09,2024-02-10,1707548400,47147.1992188,47771.28125,47147.1992188,0,,,,derived: predicted_close=current_close
cmamba_v_reproduced,Reproduced CM-v,test,2024-02-10,2024-02-11,1707634800,47771.28125,48293.921875,47921.1992188,136952,output/seed_runs/cmamba_v__seed23/epoch949-val-rmse572.6860.ckpt,afb28215d656ea54421efb00e3c60ec9d8a818fff186c194be9a98b55dcecdf0,672faa9fb7cb4499da17d6a3afbd65a9301f170f,output/evaluation/forecast_predictions.csv
s5_full,CMamba-T / S5-Full,test,2024-02-10,2024-02-11,1707634800,47771.28125,48293.921875,47841.9414062,57249,output/seed_runs/s5_full__seed23/epoch321-val-rmse527.3419.ckpt,a2f8b0f39411e199e73ee22a8ae3055d3fc4218fa9d670b31af93d2e190df291,672faa9fb7cb4499da17d6a3afbd65a9301f170f,output/seed_runs/s5_full__seed23/test_preds.csv
naive_persistence,Naive persistence,test,2024-02-10,2024-02-11,1707634800,47771.28125,48293.921875,47771.28125,0,,,,derived: predicted_close=current_close
cmamba_v_reproduced,Reproduced CM-v,test,2024-02-11,2024-02-12,1707721200,48293.921875,49958.21875,48351.921875,136952,output/seed_runs/cmamba_v__seed23/epoch949-val-rmse572.6860.ckpt,afb28215d656ea54421efb00e3c60ec9d8a818fff186c194be9a98b55dcecdf0,672faa9fb7cb4499da17d6a3afbd65a9301f170f,output/evaluation/forecast_predictions.csv
s5_full,CMamba-T / S5-Full,test,2024-02-11,2024-02-12,1707721200,48293.921875,49958.21875,48360.03125,57249,output/seed_runs/s5_full__seed23/epoch321-val-rmse527.3419.ckpt,a2f8b0f39411e199e73ee22a8ae3055d3fc4218fa9d670b31af93d2e190df291,672faa9fb7cb4499da17d6a3afbd65a9301f170f,output/seed_runs/s5_full__seed23/test_preds.csv
naive_persistence,Naive persistence,test,2024-02-11,2024-02-12,1707721200,48293.921875,49958.21875,48293.921875,0,,,,derived: predicted_close=current_close
cmamba_v_reproduced,Reproduced CM-v,test,2024-02-12,2024-02-13,1707807600,49958.21875,49742.4414062,49503.9882812,136952,output/seed_runs/cmamba_v__seed23/epoch949-val-rmse572.6860.ckpt,afb28215d656ea54421efb00e3c60ec9d8a818fff186c194be9a98b55dcecdf0,672faa9fb7cb4499da17d6a3afbd65a9301f170f,output/evaluation/forecast_predictions.csv
s5_full,CMamba-T / S5-Full,test,2024-02-12,2024-02-13,1707807600,49958.21875,49742.4414062,50045.3359375,57249,output/seed_runs/s5_full__seed23/epoch321-val-rmse527.3419.ckpt,a2f8b0f39411e199e73ee22a8ae3055d3fc4218fa9d670b31af93d2e190df291,672faa9fb7cb4499da17d6a3afbd65a9301f170f,output/seed_runs/s5_full__seed23/test_preds.csv
naive_persistence,Naive persistence,test,2024-02-12,2024-02-13,1707807600,49958.21875,49742.4414062,49958.21875,0,,,,derived: predicted_close=current_close
cmamba_v_reproduced,Reproduced CM-v,test,2024-02-13,2024-02-14,1707894000,49742.4414062,51826.6992188,49814.3867188,136952,output/seed_runs/cmamba_v__seed23/epoch949-val-rmse572.6860.ckpt,afb28215d656ea54421efb00e3c60ec9d8a818fff186c194be9a98b55dcecdf0,672faa9fb7cb4499da17d6a3afbd65a9301f170f,output/evaluation/forecast_predictions.csv
s5_full,CMamba-T / S5-Full,test,2024-02-13,2024-02-14,1707894000,49742.4414062,51826.6992188,49834.5703125,57249,output/seed_runs/s5_full__seed23/epoch321-val-rmse527.3419.ckpt,a2f8b0f39411e199e73ee22a8ae3055d3fc4218fa9d670b31af93d2e190df291,672faa9fb7cb4499da17d6a3afbd65a9301f170f,output/seed_runs/s5_full__seed23/test_preds.csv
naive_persistence,Naive persistence,test,2024-02-13,2024-02-14,1707894000,49742.4414062,51826.6992188,49742.4414062,0,,,,derived: predicted_close=current_close
cmamba_v_reproduced,Reproduced CM-v,test,2024-02-14,2024-02-15,1707980400,51826.6992188,51938.5507812,51151.359375,136952,output/seed_runs/cmamba_v__seed23/epoch949-val-rmse572.6860.ckpt,afb28215d656ea54421efb00e3c60ec9d8a818fff186c194be9a98b55dcecdf0,672faa9fb7cb4499da17d6a3afbd65a9301f170f,output/evaluation/forecast_predictions.csv
s5_full,CMamba-T / S5-Full,test,2024-02-14,2024-02-15,1707980400,51826.6992188,51938.5507812,51941.6953125,57249,output/seed_runs/s5_full__seed23/epoch321-val-rmse527.3419.ckpt,a2f8b0f39411e199e73ee22a8ae3055d3fc4218fa9d670b31af93d2e190df291,672faa9fb7cb4499da17d6a3afbd65a9301f170f,output/seed_runs/s5_full__seed23/test_preds.csv
naive_persistence,Naive persistence,test,2024-02-14,2024-02-15,1707980400,51826.6992188,51938.5507812,51826.6992188,0,,,,derived: predicted_close=current_close
cmamba_v_reproduced,Reproduced CM-v,test,2024-02-15,2024-02-16,1708066800,51938.5507812,52160.1992188,52505.8125,136952,output/seed_runs/cmamba_v__seed23/epoch949-val-rmse572.6860.ckpt,afb28215d656ea54421efb00e3c60ec9d8a818fff186c194be9a98b55dcecdf0,672faa9fb7cb4499da17d6a3afbd65a9301f170f,output/evaluation/forecast_predictions.csv
s5_full,CMamba-T / S5-Full,test,2024-02-15,2024-02-16,1708066800,51938.5507812,52160.1992188,52040.03125,57249,output/seed_runs/s5_full__seed23/epoch321-val-rmse527.3419.ckpt,a2f8b0f39411e199e73ee22a8ae3055d3fc4218fa9d670b31af93d2e190df291,672faa9fb7cb4499da17d6a3afbd65a9301f170f,output/seed_runs/s5_full__seed23/test_preds.csv
naive_persistence,Naive persistence,test,2024-02-15,2024-02-16,1708066800,51938.5507812,52160.1992188,51938.5507812,0,,,,derived: predicted_close=current_close
cmamba_v_reproduced,Reproduced CM-v,test,2024-02-16,2024-02-17,1708153200,52160.1992188,51663,52033.2929688,136952,output/seed_runs/cmamba_v__seed23/epoch949-val-rmse572.6860.ckpt,afb28215d656ea54421efb00e3c60ec9d8a818fff186c194be9a98b55dcecdf0,672faa9fb7cb4499da17d6a3afbd65a9301f170f,output/evaluation/forecast_predictions.csv
s5_full,CMamba-T / S5-Full,test,2024-02-16,2024-02-17,1708153200,52160.1992188,51663,52261.1796875,57249,output/seed_runs/s5_full__seed23/epoch321-val-rmse527.3419.ckpt,a2f8b0f39411e199e73ee22a8ae3055d3fc4218fa9d670b31af93d2e190df291,672faa9fb7cb4499da17d6a3afbd65a9301f170f,output/seed_runs/s5_full__seed23/test_preds.csv
naive_persistence,Naive persistence,test,2024-02-16,2024-02-17,1708153200,52160.1992188,51663,52160.1992188,0,,,,derived: predicted_close=current_close
cmamba_v_reproduced,Reproduced CM-v,test,2024-02-17,2024-02-18,1708239600,51663,52122.5507812,51885.7265625,136952,output/seed_runs/cmamba_v__seed23/epoch949-val-rmse572.6860.ckpt,afb28215d656ea54421efb00e3c60ec9d8a818fff186c194be9a98b55dcecdf0,672faa9fb7cb4499da17d6a3afbd65a9301f170f,output/evaluation/forecast_predictions.csv
s5_full,CMamba-T / S5-Full,test,2024-02-17,2024-02-18,1708239600,51663,52122.5507812,51762.46875,57249,output/seed_runs/s5_full__seed23/epoch321-val-rmse527.3419.ckpt,a2f8b0f39411e199e73ee22a8ae3055d3fc4218fa9d670b31af93d2e190df291,672faa9fb7cb4499da17d6a3afbd65a9301f170f,output/seed_runs/s5_full__seed23/test_preds.csv
naive_persistence,Naive persistence,test,2024-02-17,2024-02-18,1708239600,51663,52122.5507812,51663,0,,,,derived: predicted_close=current_close
cmamba_v_reproduced,Reproduced CM-v,test,2024-02-18,2024-02-19,1708326000,52122.5507812,51779.140625,52155.0898438,136952,output/seed_runs/cmamba_v__seed23/epoch949-val-rmse572.6860.ckpt,afb28215d656ea54421efb00e3c60ec9d8a818fff186c194be9a98b55dcecdf0,672faa9fb7cb4499da17d6a3afbd65a9301f170f,output/evaluation/forecast_predictions.csv
s5_full,CMamba-T / S5-Full,test,2024-02-18,2024-02-19,1708326000,52122.5507812,51779.140625,52225.171875,57249,output/seed_runs/s5_full__seed23/epoch321-val-rmse527.3419.ckpt,a2f8b0f39411e199e73ee22a8ae3055d3fc4218fa9d670b31af93d2e190df291,672faa9fb7cb4499da17d6a3afbd65a9301f170f,output/seed_runs/s5_full__seed23/test_preds.csv
naive_persistence,Naive persistence,test,2024-02-18,2024-02-19,1708326000,52122.5507812,51779.140625,52122.5507812,0,,,,derived: predicted_close=current_close
cmamba_v_reproduced,Reproduced CM-v,test,2024-02-19,2024-02-20,1708412400,51779.140625,52284.8789062,52003.4882812,136952,output/seed_runs/cmamba_v__seed23/epoch949-val-rmse572.6860.ckpt,afb28215d656ea54421efb00e3c60ec9d8a818fff186c194be9a98b55dcecdf0,672faa9fb7cb4499da17d6a3afbd65a9301f170f,output/evaluation/forecast_predictions.csv
s5_full,CMamba-T / S5-Full,test,2024-02-19,2024-02-20,1708412400,51779.140625,52284.8789062,51880.5742188,57249,output/seed_runs/s5_full__seed23/epoch321-val-rmse527.3419.ckpt,a2f8b0f39411e199e73ee22a8ae3055d3fc4218fa9d670b31af93d2e190df291,672faa9fb7cb4499da17d6a3afbd65a9301f170f,output/seed_runs/s5_full__seed23/test_preds.csv
naive_persistence,Naive persistence,test,2024-02-19,2024-02-20,1708412400,51779.140625,52284.8789062,51779.140625,0,,,,derived: predicted_close=current_close
cmamba_v_reproduced,Reproduced CM-v,test,2024-02-20,2024-02-21,1708498800,52284.8789062,51839.1796875,52054.5429688,136952,output/seed_runs/cmamba_v__seed23/epoch949-val-rmse572.6860.ckpt,afb28215d656ea54421efb00e3c60ec9d8a818fff186c194be9a98b55dcecdf0,672faa9fb7cb4499da17d6a3afbd65a9301f170f,output/evaluation/forecast_predictions.csv
s5_full,CMamba-T / S5-Full,test,2024-02-20,2024-02-21,1708498800,52284.8789062,51839.1796875,52405.4296875,57249,output/seed_runs/s5_full__seed23/epoch321-val-rmse527.3419.ckpt,a2f8b0f39411e199e73ee22a8ae3055d3fc4218fa9d670b31af93d2e190df291,672faa9fb7cb4499da17d6a3afbd65a9301f170f,output/seed_runs/s5_full__seed23/test_preds.csv
naive_persistence,Naive persistence,test,2024-02-20,2024-02-21,1708498800,52284.8789062,51839.1796875,52284.8789062,0,,,,derived: predicted_close=current_close
cmamba_v_reproduced,Reproduced CM-v,test,2024-02-21,2024-02-22,1708585200,51839.1796875,51304.96875,51700.1367188,136952,output/seed_runs/cmamba_v__seed23/epoch949-val-rmse572.6860.ckpt,afb28215d656ea54421efb00e3c60ec9d8a818fff186c194be9a98b55dcecdf0,672faa9fb7cb4499da17d6a3afbd65a9301f170f,output/evaluation/forecast_predictions.csv
s5_full,CMamba-T / S5-Full,test,2024-02-21,2024-02-22,1708585200,51839.1796875,51304.96875,51951.1757812,57249,output/seed_runs/s5_full__seed23/epoch321-val-rmse527.3419.ckpt,a2f8b0f39411e199e73ee22a8ae3055d3fc4218fa9d670b31af93d2e190df291,672faa9fb7cb4499da17d6a3afbd65a9301f170f,output/seed_runs/s5_full__seed23/test_preds.csv
naive_persistence,Naive persistence,test,2024-02-21,2024-02-22,1708585200,51839.1796875,51304.96875,51839.1796875,0,,,,derived: predicted_close=current_close
cmamba_v_reproduced,Reproduced CM-v,test,2024-02-22,2024-02-23,1708671600,51304.96875,50731.9492188,51474.6601562,136952,output/seed_runs/cmamba_v__seed23/epoch949-val-rmse572.6860.ckpt,afb28215d656ea54421efb00e3c60ec9d8a818fff186c194be9a98b55dcecdf0,672faa9fb7cb4499da17d6a3afbd65a9301f170f,output/evaluation/forecast_predictions.csv
s5_full,CMamba-T / S5-Full,test,2024-02-22,2024-02-23,1708671600,51304.96875,50731.9492188,51397.6132812,57249,output/seed_runs/s5_full__seed23/epoch321-val-rmse527.3419.ckpt,a2f8b0f39411e199e73ee22a8ae3055d3fc4218fa9d670b31af93d2e190df291,672faa9fb7cb4499da17d6a3afbd65a9301f170f,output/seed_runs/s5_full__seed23/test_preds.csv
naive_persistence,Naive persistence,test,2024-02-22,2024-02-23,1708671600,51304.96875,50731.9492188,51304.96875,0,,,,derived: predicted_close=current_close
cmamba_v_reproduced,Reproduced CM-v,test,2024-02-23,2024-02-24,1708758000,50731.9492188,51571.1015625,51111.546875,136952,output/seed_runs/cmamba_v__seed23/epoch949-val-rmse572.6860.ckpt,afb28215d656ea54421efb00e3c60ec9d8a818fff186c194be9a98b55dcecdf0,672faa9fb7cb4499da17d6a3afbd65a9301f170f,output/evaluation/forecast_predictions.csv
s5_full,CMamba-T / S5-Full,test,2024-02-23,2024-02-24,1708758000,50731.9492188,51571.1015625,50806.1054688,57249,output/seed_runs/s5_full__seed23/epoch321-val-rmse527.3419.ckpt,a2f8b0f39411e199e73ee22a8ae3055d3fc4218fa9d670b31af93d2e190df291,672faa9fb7cb4499da17d6a3afbd65a9301f170f,output/seed_runs/s5_full__seed23/test_preds.csv
naive_persistence,Naive persistence,test,2024-02-23,2024-02-24,1708758000,50731.9492188,51571.1015625,50731.9492188,0,,,,derived: predicted_close=current_close
cmamba_v_reproduced,Reproduced CM-v,test,2024-02-24,2024-02-25,1708844400,51571.1015625,51733.2382812,51254.4921875,136952,output/seed_runs/cmamba_v__seed23/epoch949-val-rmse572.6860.ckpt,afb28215d656ea54421efb00e3c60ec9d8a818fff186c194be9a98b55dcecdf0,672faa9fb7cb4499da17d6a3afbd65a9301f170f,output/evaluation/forecast_predictions.csv
s5_full,CMamba-T / S5-Full,test,2024-02-24,2024-02-25,1708844400,51571.1015625,51733.2382812,51648.0039062,57249,output/seed_runs/s5_full__seed23/epoch321-val-rmse527.3419.ckpt,a2f8b0f39411e199e73ee22a8ae3055d3fc4218fa9d670b31af93d2e190df291,672faa9fb7cb4499da17d6a3afbd65a9301f170f,output/seed_runs/s5_full__seed23/test_preds.csv
naive_persistence,Naive persistence,test,2024-02-24,2024-02-25,1708844400,51571.1015625,51733.2382812,51571.1015625,0,,,,derived: predicted_close=current_close
cmamba_v_reproduced,Reproduced CM-v,test,2024-02-25,2024-02-26,1708930800,51733.2382812,54522.3984375,51639.9296875,136952,output/seed_runs/cmamba_v__seed23/epoch949-val-rmse572.6860.ckpt,afb28215d656ea54421efb00e3c60ec9d8a818fff186c194be9a98b55dcecdf0,672faa9fb7cb4499da17d6a3afbd65a9301f170f,output/evaluation/forecast_predictions.csv
s5_full,CMamba-T / S5-Full,test,2024-02-25,2024-02-26,1708930800,51733.2382812,54522.3984375,51811.7382812,57249,output/seed_runs/s5_full__seed23/epoch321-val-rmse527.3419.ckpt,a2f8b0f39411e199e73ee22a8ae3055d3fc4218fa9d670b31af93d2e190df291,672faa9fb7cb4499da17d6a3afbd65a9301f170f,output/seed_runs/s5_full__seed23/test_preds.csv
naive_persistence,Naive persistence,test,2024-02-25,2024-02-26,1708930800,51733.2382812,54522.3984375,51733.2382812,0,,,,derived: predicted_close=current_close
cmamba_v_reproduced,Reproduced CM-v,test,2024-02-26,2024-02-27,1709017200,54522.3984375,57085.3710938,53485.5117188,136952,output/seed_runs/cmamba_v__seed23/epoch949-val-rmse572.6860.ckpt,afb28215d656ea54421efb00e3c60ec9d8a818fff186c194be9a98b55dcecdf0,672faa9fb7cb4499da17d6a3afbd65a9301f170f,output/evaluation/forecast_predictions.csv
s5_full,CMamba-T / S5-Full,test,2024-02-26,2024-02-27,1709017200,54522.3984375,57085.3710938,54645.859375,57249,output/seed_runs/s5_full__seed23/epoch321-val-rmse527.3419.ckpt,a2f8b0f39411e199e73ee22a8ae3055d3fc4218fa9d670b31af93d2e190df291,672faa9fb7cb4499da17d6a3afbd65a9301f170f,output/seed_runs/s5_full__seed23/test_preds.csv
naive_persistence,Naive persistence,test,2024-02-26,2024-02-27,1709017200,54522.3984375,57085.3710938,54522.3984375,0,,,,derived: predicted_close=current_close
cmamba_v_reproduced,Reproduced CM-v,test,2024-02-27,2024-02-28,1709103600,57085.3710938,62504.7890625,56967.5976562,136952,output/seed_runs/cmamba_v__seed23/epoch949-val-rmse572.6860.ckpt,afb28215d656ea54421efb00e3c60ec9d8a818fff186c194be9a98b55dcecdf0,672faa9fb7cb4499da17d6a3afbd65a9301f170f,output/evaluation/forecast_predictions.csv
s5_full,CMamba-T / S5-Full,test,2024-02-27,2024-02-28,1709103600,57085.3710938,62504.7890625,57266.671875,57249,output/seed_runs/s5_full__seed23/epoch321-val-rmse527.3419.ckpt,a2f8b0f39411e199e73ee22a8ae3055d3fc4218fa9d670b31af93d2e190df291,672faa9fb7cb4499da17d6a3afbd65a9301f170f,output/seed_runs/s5_full__seed23/test_preds.csv
naive_persistence,Naive persistence,test,2024-02-27,2024-02-28,1709103600,57085.3710938,62504.7890625,57085.3710938,0,,,,derived: predicted_close=current_close
cmamba_v_reproduced,Reproduced CM-v,test,2024-02-28,2024-02-29,1709190000,62504.7890625,61198.3789062,61342.9570312,136952,output/seed_runs/cmamba_v__seed23/epoch949-val-rmse572.6860.ckpt,afb28215d656ea54421efb00e3c60ec9d8a818fff186c194be9a98b55dcecdf0,672faa9fb7cb4499da17d6a3afbd65a9301f170f,output/evaluation/forecast_predictions.csv
s5_full,CMamba-T / S5-Full,test,2024-02-28,2024-02-29,1709190000,62504.7890625,61198.3789062,62752.0546875,57249,output/seed_runs/s5_full__seed23/epoch321-val-rmse527.3419.ckpt,a2f8b0f39411e199e73ee22a8ae3055d3fc4218fa9d670b31af93d2e190df291,672faa9fb7cb4499da17d6a3afbd65a9301f170f,output/seed_runs/s5_full__seed23/test_preds.csv
naive_persistence,Naive persistence,test,2024-02-28,2024-02-29,1709190000,62504.7890625,61198.3789062,62504.7890625,0,,,,derived: predicted_close=current_close
cmamba_v_reproduced,Reproduced CM-v,test,2024-02-29,2024-03-01,1709276400,61198.3789062,62440.6289062,62387.3085938,136952,output/seed_runs/cmamba_v__seed23/epoch949-val-rmse572.6860.ckpt,afb28215d656ea54421efb00e3c60ec9d8a818fff186c194be9a98b55dcecdf0,672faa9fb7cb4499da17d6a3afbd65a9301f170f,output/evaluation/forecast_predictions.csv
s5_full,CMamba-T / S5-Full,test,2024-02-29,2024-03-01,1709276400,61198.3789062,62440.6289062,61376.2929688,57249,output/seed_runs/s5_full__seed23/epoch321-val-rmse527.3419.ckpt,a2f8b0f39411e199e73ee22a8ae3055d3fc4218fa9d670b31af93d2e190df291,672faa9fb7cb4499da17d6a3afbd65a9301f170f,output/seed_runs/s5_full__seed23/test_preds.csv
naive_persistence,Naive persistence,test,2024-02-29,2024-03-01,1709276400,61198.3789062,62440.6289062,61198.3789062,0,,,,derived: predicted_close=current_close
cmamba_v_reproduced,Reproduced CM-v,test,2024-03-01,2024-03-02,1709362800,62440.6289062,62029.8515625,61999.5507812,136952,output/seed_runs/cmamba_v__seed23/epoch949-val-rmse572.6860.ckpt,afb28215d656ea54421efb00e3c60ec9d8a818fff186c194be9a98b55dcecdf0,672faa9fb7cb4499da17d6a3afbd65a9301f170f,output/evaluation/forecast_predictions.csv
s5_full,CMamba-T / S5-Full,test,2024-03-01,2024-03-02,1709362800,62440.6289062,62029.8515625,62593.6210938,57249,output/seed_runs/s5_full__seed23/epoch321-val-rmse527.3419.ckpt,a2f8b0f39411e199e73ee22a8ae3055d3fc4218fa9d670b31af93d2e190df291,672faa9fb7cb4499da17d6a3afbd65a9301f170f,output/seed_runs/s5_full__seed23/test_preds.csv
naive_persistence,Naive persistence,test,2024-03-01,2024-03-02,1709362800,62440.6289062,62029.8515625,62440.6289062,0,,,,derived: predicted_close=current_close
cmamba_v_reproduced,Reproduced CM-v,test,2024-03-02,2024-03-03,1709449200,62029.8515625,63167.3710938,62571.5195312,136952,output/seed_runs/cmamba_v__seed23/epoch949-val-rmse572.6860.ckpt,afb28215d656ea54421efb00e3c60ec9d8a818fff186c194be9a98b55dcecdf0,672faa9fb7cb4499da17d6a3afbd65a9301f170f,output/evaluation/forecast_predictions.csv
s5_full,CMamba-T / S5-Full,test,2024-03-02,2024-03-03,1709449200,62029.8515625,63167.3710938,62182.4023438,57249,output/seed_runs/s5_full__seed23/epoch321-val-rmse527.3419.ckpt,a2f8b0f39411e199e73ee22a8ae3055d3fc4218fa9d670b31af93d2e190df291,672faa9fb7cb4499da17d6a3afbd65a9301f170f,output/seed_runs/s5_full__seed23/test_preds.csv
naive_persistence,Naive persistence,test,2024-03-02,2024-03-03,1709449200,62029.8515625,63167.3710938,62029.8515625,0,,,,derived: predicted_close=current_close
cmamba_v_reproduced,Reproduced CM-v,test,2024-03-03,2024-03-04,1709535600,63167.3710938,68330.40625,62660.328125,136952,output/seed_runs/cmamba_v__seed23/epoch949-val-rmse572.6860.ckpt,afb28215d656ea54421efb00e3c60ec9d8a818fff186c194be9a98b55dcecdf0,672faa9fb7cb4499da17d6a3afbd65a9301f170f,output/evaluation/forecast_predictions.csv
s5_full,CMamba-T / S5-Full,test,2024-03-03,2024-03-04,1709535600,63167.3710938,68330.40625,63344.6171875,57249,output/seed_runs/s5_full__seed23/epoch321-val-rmse527.3419.ckpt,a2f8b0f39411e199e73ee22a8ae3055d3fc4218fa9d670b31af93d2e190df291,672faa9fb7cb4499da17d6a3afbd65a9301f170f,output/seed_runs/s5_full__seed23/test_preds.csv
naive_persistence,Naive persistence,test,2024-03-03,2024-03-04,1709535600,63167.3710938,68330.40625,63167.3710938,0,,,,derived: predicted_close=current_close
cmamba_v_reproduced,Reproduced CM-v,test,2024-03-04,2024-03-05,1709622000,68330.40625,63801.1992188,66833.390625,136952,output/seed_runs/cmamba_v__seed23/epoch949-val-rmse572.6860.ckpt,afb28215d656ea54421efb00e3c60ec9d8a818fff186c194be9a98b55dcecdf0,672faa9fb7cb4499da17d6a3afbd65a9301f170f,output/evaluation/forecast_predictions.csv
s5_full,CMamba-T / S5-Full,test,2024-03-04,2024-03-05,1709622000,68330.40625,63801.1992188,68584.8359375,57249,output/seed_runs/s5_full__seed23/epoch321-val-rmse527.3419.ckpt,a2f8b0f39411e199e73ee22a8ae3055d3fc4218fa9d670b31af93d2e190df291,672faa9fb7cb4499da17d6a3afbd65a9301f170f,output/seed_runs/s5_full__seed23/test_preds.csv
naive_persistence,Naive persistence,test,2024-03-04,2024-03-05,1709622000,68330.40625,63801.1992188,68330.40625,0,,,,derived: predicted_close=current_close
cmamba_v_reproduced,Reproduced CM-v,test,2024-03-05,2024-03-06,1709708400,63801.1992188,66106.796875,64594.2265625,136952,output/seed_runs/cmamba_v__seed23/epoch949-val-rmse572.6860.ckpt,afb28215d656ea54421efb00e3c60ec9d8a818fff186c194be9a98b55dcecdf0,672faa9fb7cb4499da17d6a3afbd65a9301f170f,output/evaluation/forecast_predictions.csv
s5_full,CMamba-T / S5-Full,test,2024-03-05,2024-03-06,1709708400,63801.1992188,66106.796875,64054.3554688,57249,output/seed_runs/s5_full__seed23/epoch321-val-rmse527.3419.ckpt,a2f8b0f39411e199e73ee22a8ae3055d3fc4218fa9d670b31af93d2e190df291,672faa9fb7cb4499da17d6a3afbd65a9301f170f,output/seed_runs/s5_full__seed23/test_preds.csv
naive_persistence,Naive persistence,test,2024-03-05,2024-03-06,1709708400,63801.1992188,66106.796875,63801.1992188,0,,,,derived: predicted_close=current_close
cmamba_v_reproduced,Reproduced CM-v,test,2024-03-06,2024-03-07,1709794800,66106.796875,66925.4765625,65209.0507812,136952,output/seed_runs/cmamba_v__seed23/epoch949-val-rmse572.6860.ckpt,afb28215d656ea54421efb00e3c60ec9d8a818fff186c194be9a98b55dcecdf0,672faa9fb7cb4499da17d6a3afbd65a9301f170f,output/evaluation/forecast_predictions.csv
s5_full,CMamba-T / S5-Full,test,2024-03-06,2024-03-07,1709794800,66106.796875,66925.4765625,66365.7109375,57249,output/seed_runs/s5_full__seed23/epoch321-val-rmse527.3419.ckpt,a2f8b0f39411e199e73ee22a8ae3055d3fc4218fa9d670b31af93d2e190df291,672faa9fb7cb4499da17d6a3afbd65a9301f170f,output/seed_runs/s5_full__seed23/test_preds.csv
naive_persistence,Naive persistence,test,2024-03-06,2024-03-07,1709794800,66106.796875,66925.4765625,66106.796875,0,,,,derived: predicted_close=current_close
cmamba_v_reproduced,Reproduced CM-v,test,2024-03-07,2024-03-08,1709881200,66925.4765625,68300.09375,68261.78125,136952,output/seed_runs/cmamba_v__seed23/epoch949-val-rmse572.6860.ckpt,afb28215d656ea54421efb00e3c60ec9d8a818fff186c194be9a98b55dcecdf0,672faa9fb7cb4499da17d6a3afbd65a9301f170f,output/evaluation/forecast_predictions.csv
s5_full,CMamba-T / S5-Full,test,2024-03-07,2024-03-08,1709881200,66925.4765625,68300.09375,67125.953125,57249,output/seed_runs/s5_full__seed23/epoch321-val-rmse527.3419.ckpt,a2f8b0f39411e199e73ee22a8ae3055d3fc4218fa9d670b31af93d2e190df291,672faa9fb7cb4499da17d6a3afbd65a9301f170f,output/seed_runs/s5_full__seed23/test_preds.csv
naive_persistence,Naive persistence,test,2024-03-07,2024-03-08,1709881200,66925.4765625,68300.09375,66925.4765625,0,,,,derived: predicted_close=current_close
cmamba_v_reproduced,Reproduced CM-v,test,2024-03-08,2024-03-09,1709967600,68300.09375,68498.8828125,68146.359375,136952,output/seed_runs/cmamba_v__seed23/epoch949-val-rmse572.6860.ckpt,afb28215d656ea54421efb00e3c60ec9d8a818fff186c194be9a98b55dcecdf0,672faa9fb7cb4499da17d6a3afbd65a9301f170f,output/evaluation/forecast_predictions.csv
s5_full,CMamba-T / S5-Full,test,2024-03-08,2024-03-09,1709967600,68300.09375,68498.8828125,68516.75,57249,output/seed_runs/s5_full__seed23/epoch321-val-rmse527.3419.ckpt,a2f8b0f39411e199e73ee22a8ae3055d3fc4218fa9d670b31af93d2e190df291,672faa9fb7cb4499da17d6a3afbd65a9301f170f,output/seed_runs/s5_full__seed23/test_preds.csv
naive_persistence,Naive persistence,test,2024-03-08,2024-03-09,1709967600,68300.09375,68498.8828125,68300.09375,0,,,,derived: predicted_close=current_close
cmamba_v_reproduced,Reproduced CM-v,test,2024-03-09,2024-03-10,1710054000,68498.8828125,69019.7890625,68485.3125,136952,output/seed_runs/cmamba_v__seed23/epoch949-val-rmse572.6860.ckpt,afb28215d656ea54421efb00e3c60ec9d8a818fff186c194be9a98b55dcecdf0,672faa9fb7cb4499da17d6a3afbd65a9301f170f,output/evaluation/forecast_predictions.csv
s5_full,CMamba-T / S5-Full,test,2024-03-09,2024-03-10,1710054000,68498.8828125,69019.7890625,68734.8203125,57249,output/seed_runs/s5_full__seed23/epoch321-val-rmse527.3419.ckpt,a2f8b0f39411e199e73ee22a8ae3055d3fc4218fa9d670b31af93d2e190df291,672faa9fb7cb4499da17d6a3afbd65a9301f170f,output/seed_runs/s5_full__seed23/test_preds.csv
naive_persistence,Naive persistence,test,2024-03-09,2024-03-10,1710054000,68498.8828125,69019.7890625,68498.8828125,0,,,,derived: predicted_close=current_close
cmamba_v_reproduced,Reproduced CM-v,test,2024-03-10,2024-03-11,1710140400,69019.7890625,72123.90625,69177.8359375,136952,output/seed_runs/cmamba_v__seed23/epoch949-val-rmse572.6860.ckpt,afb28215d656ea54421efb00e3c60ec9d8a818fff186c194be9a98b55dcecdf0,672faa9fb7cb4499da17d6a3afbd65a9301f170f,output/evaluation/forecast_predictions.csv
s5_full,CMamba-T / S5-Full,test,2024-03-10,2024-03-11,1710140400,69019.7890625,72123.90625,69270.4609375,57249,output/seed_runs/s5_full__seed23/epoch321-val-rmse527.3419.ckpt,a2f8b0f39411e199e73ee22a8ae3055d3fc4218fa9d670b31af93d2e190df291,672faa9fb7cb4499da17d6a3afbd65a9301f170f,output/seed_runs/s5_full__seed23/test_preds.csv
naive_persistence,Naive persistence,test,2024-03-10,2024-03-11,1710140400,69019.7890625,72123.90625,69019.7890625,0,,,,derived: predicted_close=current_close
cmamba_v_reproduced,Reproduced CM-v,test,2024-03-11,2024-03-12,1710226800,72123.90625,71481.2890625,70390.734375,136952,output/seed_runs/cmamba_v__seed23/epoch949-val-rmse572.6860.ckpt,afb28215d656ea54421efb00e3c60ec9d8a818fff186c194be9a98b55dcecdf0,672faa9fb7cb4499da17d6a3afbd65a9301f170f,output/evaluation/forecast_predictions.csv
s5_full,CMamba-T / S5-Full,test,2024-03-11,2024-03-12,1710226800,72123.90625,71481.2890625,72419.421875,57249,output/seed_runs/s5_full__seed23/epoch321-val-rmse527.3419.ckpt,a2f8b0f39411e199e73ee22a8ae3055d3fc4218fa9d670b31af93d2e190df291,672faa9fb7cb4499da17d6a3afbd65a9301f170f,output/seed_runs/s5_full__seed23/test_preds.csv
naive_persistence,Naive persistence,test,2024-03-11,2024-03-12,1710226800,72123.90625,71481.2890625,72123.90625,0,,,,derived: predicted_close=current_close
cmamba_v_reproduced,Reproduced CM-v,test,2024-03-12,2024-03-13,1710313200,71481.2890625,73083.5,72394.390625,136952,output/seed_runs/cmamba_v__seed23/epoch949-val-rmse572.6860.ckpt,afb28215d656ea54421efb00e3c60ec9d8a818fff186c194be9a98b55dcecdf0,672faa9fb7cb4499da17d6a3afbd65a9301f170f,output/evaluation/forecast_predictions.csv
s5_full,CMamba-T / S5-Full,test,2024-03-12,2024-03-13,1710313200,71481.2890625,73083.5,71826.7109375,57249,output/seed_runs/s5_full__seed23/epoch321-val-rmse527.3419.ckpt,a2f8b0f39411e199e73ee22a8ae3055d3fc4218fa9d670b31af93d2e190df291,672faa9fb7cb4499da17d6a3afbd65a9301f170f,output/seed_runs/s5_full__seed23/test_preds.csv
naive_persistence,Naive persistence,test,2024-03-12,2024-03-13,1710313200,71481.2890625,73083.5,71481.2890625,0,,,,derived: predicted_close=current_close
cmamba_v_reproduced,Reproduced CM-v,test,2024-03-13,2024-03-14,1710399600,73083.5,71396.59375,72564.78125,136952,output/seed_runs/cmamba_v__seed23/epoch949-val-rmse572.6860.ckpt,afb28215d656ea54421efb00e3c60ec9d8a818fff186c194be9a98b55dcecdf0,672faa9fb7cb4499da17d6a3afbd65a9301f170f,output/evaluation/forecast_predictions.csv
s5_full,CMamba-T / S5-Full,test,2024-03-13,2024-03-14,1710399600,73083.5,71396.59375,73450.78125,57249,output/seed_runs/s5_full__seed23/epoch321-val-rmse527.3419.ckpt,a2f8b0f39411e199e73ee22a8ae3055d3fc4218fa9d670b31af93d2e190df291,672faa9fb7cb4499da17d6a3afbd65a9301f170f,output/seed_runs/s5_full__seed23/test_preds.csv
naive_persistence,Naive persistence,test,2024-03-13,2024-03-14,1710399600,73083.5,71396.59375,73083.5,0,,,,derived: predicted_close=current_close
cmamba_v_reproduced,Reproduced CM-v,test,2024-03-14,2024-03-15,1710486000,71396.59375,69403.7734375,71131.09375,136952,output/seed_runs/cmamba_v__seed23/epoch949-val-rmse572.6860.ckpt,afb28215d656ea54421efb00e3c60ec9d8a818fff186c194be9a98b55dcecdf0,672faa9fb7cb4499da17d6a3afbd65a9301f170f,output/evaluation/forecast_predictions.csv
s5_full,CMamba-T / S5-Full,test,2024-03-14,2024-03-15,1710486000,71396.59375,69403.7734375,71722.8125,57249,output/seed_runs/s5_full__seed23/epoch321-val-rmse527.3419.ckpt,a2f8b0f39411e199e73ee22a8ae3055d3fc4218fa9d670b31af93d2e190df291,672faa9fb7cb4499da17d6a3afbd65a9301f170f,output/seed_runs/s5_full__seed23/test_preds.csv
naive_persistence,Naive persistence,test,2024-03-14,2024-03-15,1710486000,71396.59375,69403.7734375,71396.59375,0,,,,derived: predicted_close=current_close
cmamba_v_reproduced,Reproduced CM-v,test,2024-03-15,2024-03-16,1710572400,69403.7734375,65315.1210938,69303.4140625,136952,output/seed_runs/cmamba_v__seed23/epoch949-val-rmse572.6860.ckpt,afb28215d656ea54421efb00e3c60ec9d8a818fff186c194be9a98b55dcecdf0,672faa9fb7cb4499da17d6a3afbd65a9301f170f,output/evaluation/forecast_predictions.csv
s5_full,CMamba-T / S5-Full,test,2024-03-15,2024-03-16,1710572400,69403.7734375,65315.1210938,69709.328125,57249,output/seed_runs/s5_full__seed23/epoch321-val-rmse527.3419.ckpt,a2f8b0f39411e199e73ee22a8ae3055d3fc4218fa9d670b31af93d2e190df291,672faa9fb7cb4499da17d6a3afbd65a9301f170f,output/seed_runs/s5_full__seed23/test_preds.csv
naive_persistence,Naive persistence,test,2024-03-15,2024-03-16,1710572400,69403.7734375,65315.1210938,69403.7734375,0,,,,derived: predicted_close=current_close
cmamba_v_reproduced,Reproduced CM-v,test,2024-03-16,2024-03-17,1710658800,65315.1210938,68390.6328125,67037.203125,136952,output/seed_runs/cmamba_v__seed23/epoch949-val-rmse572.6860.ckpt,afb28215d656ea54421efb00e3c60ec9d8a818fff186c194be9a98b55dcecdf0,672faa9fb7cb4499da17d6a3afbd65a9301f170f,output/evaluation/forecast_predictions.csv
s5_full,CMamba-T / S5-Full,test,2024-03-16,2024-03-17,1710658800,65315.1210938,68390.6328125,65588.1171875,57249,output/seed_runs/s5_full__seed23/epoch321-val-rmse527.3419.ckpt,a2f8b0f39411e199e73ee22a8ae3055d3fc4218fa9d670b31af93d2e190df291,672faa9fb7cb4499da17d6a3afbd65a9301f170f,output/seed_runs/s5_full__seed23/test_preds.csv
naive_persistence,Naive persistence,test,2024-03-16,2024-03-17,1710658800,65315.1210938,68390.6328125,65315.1210938,0,,,,derived: predicted_close=current_close
cmamba_v_reproduced,Reproduced CM-v,test,2024-03-17,2024-03-18,1710745200,68390.6328125,67548.59375,66593.859375,136952,output/seed_runs/cmamba_v__seed23/epoch949-val-rmse572.6860.ckpt,afb28215d656ea54421efb00e3c60ec9d8a818fff186c194be9a98b55dcecdf0,672faa9fb7cb4499da17d6a3afbd65a9301f170f,output/evaluation/forecast_predictions.csv
s5_full,CMamba-T / S5-Full,test,2024-03-17,2024-03-18,1710745200,68390.6328125,67548.59375,68672.40625,57249,output/seed_runs/s5_full__seed23/epoch321-val-rmse527.3419.ckpt,a2f8b0f39411e199e73ee22a8ae3055d3fc4218fa9d670b31af93d2e190df291,672faa9fb7cb4499da17d6a3afbd65a9301f170f,output/seed_runs/s5_full__seed23/test_preds.csv
naive_persistence,Naive persistence,test,2024-03-17,2024-03-18,1710745200,68390.6328125,67548.59375,68390.6328125,0,,,,derived: predicted_close=current_close
cmamba_v_reproduced,Reproduced CM-v,test,2024-03-18,2024-03-19,1710831600,67548.59375,61912.7695312,68097.8046875,136952,output/seed_runs/cmamba_v__seed23/epoch949-val-rmse572.6860.ckpt,afb28215d656ea54421efb00e3c60ec9d8a818fff186c194be9a98b55dcecdf0,672faa9fb7cb4499da17d6a3afbd65a9301f170f,output/evaluation/forecast_predictions.csv
s5_full,CMamba-T / S5-Full,test,2024-03-18,2024-03-19,1710831600,67548.59375,61912.7695312,67823.609375,57249,output/seed_runs/s5_full__seed23/epoch321-val-rmse527.3419.ckpt,a2f8b0f39411e199e73ee22a8ae3055d3fc4218fa9d670b31af93d2e190df291,672faa9fb7cb4499da17d6a3afbd65a9301f170f,output/seed_runs/s5_full__seed23/test_preds.csv
naive_persistence,Naive persistence,test,2024-03-18,2024-03-19,1710831600,67548.59375,61912.7695312,67548.59375,0,,,,derived: predicted_close=current_close
cmamba_v_reproduced,Reproduced CM-v,test,2024-03-19,2024-03-20,1710918000,61912.7695312,67913.671875,63344.7265625,136952,output/seed_runs/cmamba_v__seed23/epoch949-val-rmse572.6860.ckpt,afb28215d656ea54421efb00e3c60ec9d8a818fff186c194be9a98b55dcecdf0,672faa9fb7cb4499da17d6a3afbd65a9301f170f,output/evaluation/forecast_predictions.csv
s5_full,CMamba-T / S5-Full,test,2024-03-19,2024-03-20,1710918000,61912.7695312,67913.671875,62249.3828125,57249,output/seed_runs/s5_full__seed23/epoch321-val-rmse527.3419.ckpt,a2f8b0f39411e199e73ee22a8ae3055d3fc4218fa9d670b31af93d2e190df291,672faa9fb7cb4499da17d6a3afbd65a9301f170f,output/seed_runs/s5_full__seed23/test_preds.csv
naive_persistence,Naive persistence,test,2024-03-19,2024-03-20,1710918000,61912.7695312,67913.671875,61912.7695312,0,,,,derived: predicted_close=current_close
cmamba_v_reproduced,Reproduced CM-v,test,2024-03-20,2024-03-21,1711004400,67913.671875,65491.390625,65002.6992188,136952,output/seed_runs/cmamba_v__seed23/epoch949-val-rmse572.6860.ckpt,afb28215d656ea54421efb00e3c60ec9d8a818fff186c194be9a98b55dcecdf0,672faa9fb7cb4499da17d6a3afbd65a9301f170f,output/evaluation/forecast_predictions.csv
s5_full,CMamba-T / S5-Full,test,2024-03-20,2024-03-21,1711004400,67913.671875,65491.390625,68275.5,57249,output/seed_runs/s5_full__seed23/epoch321-val-rmse527.3419.ckpt,a2f8b0f39411e199e73ee22a8ae3055d3fc4218fa9d670b31af93d2e190df291,672faa9fb7cb4499da17d6a3afbd65a9301f170f,output/seed_runs/s5_full__seed23/test_preds.csv
naive_persistence,Naive persistence,test,2024-03-20,2024-03-21,1711004400,67913.671875,65491.390625,67913.671875,0,,,,derived: predicted_close=current_close
cmamba_v_reproduced,Reproduced CM-v,test,2024-03-21,2024-03-22,1711090800,65491.390625,63778.7617188,67568.046875,136952,output/seed_runs/cmamba_v__seed23/epoch949-val-rmse572.6860.ckpt,afb28215d656ea54421efb00e3c60ec9d8a818fff186c194be9a98b55dcecdf0,672faa9fb7cb4499da17d6a3afbd65a9301f170f,output/evaluation/forecast_predictions.csv
s5_full,CMamba-T / S5-Full,test,2024-03-21,2024-03-22,1711090800,65491.390625,63778.7617188,65699.046875,57249,output/seed_runs/s5_full__seed23/epoch321-val-rmse527.3419.ckpt,a2f8b0f39411e199e73ee22a8ae3055d3fc4218fa9d670b31af93d2e190df291,672faa9fb7cb4499da17d6a3afbd65a9301f170f,output/seed_runs/s5_full__seed23/test_preds.csv
naive_persistence,Naive persistence,test,2024-03-21,2024-03-22,1711090800,65491.390625,63778.7617188,65491.390625,0,,,,derived: predicted_close=current_close
cmamba_v_reproduced,Reproduced CM-v,test,2024-03-22,2024-03-23,1711177200,63778.7617188,64062.1992188,63113.5625,136952,output/seed_runs/cmamba_v__seed23/epoch949-val-rmse572.6860.ckpt,afb28215d656ea54421efb00e3c60ec9d8a818fff186c194be9a98b55dcecdf0,672faa9fb7cb4499da17d6a3afbd65a9301f170f,output/evaluation/forecast_predictions.csv
s5_full,CMamba-T / S5-Full,test,2024-03-22,2024-03-23,1711177200,63778.7617188,64062.1992188,63985.8085938,57249,output/seed_runs/s5_full__seed23/epoch321-val-rmse527.3419.ckpt,a2f8b0f39411e199e73ee22a8ae3055d3fc4218fa9d670b31af93d2e190df291,672faa9fb7cb4499da17d6a3afbd65a9301f170f,output/seed_runs/s5_full__seed23/test_preds.csv
naive_persistence,Naive persistence,test,2024-03-22,2024-03-23,1711177200,63778.7617188,64062.1992188,63778.7617188,0,,,,derived: predicted_close=current_close
cmamba_v_reproduced,Reproduced CM-v,test,2024-03-23,2024-03-24,1711263600,64062.1992188,67234.171875,64538.5273438,136952,output/seed_runs/cmamba_v__seed23/epoch949-val-rmse572.6860.ckpt,afb28215d656ea54421efb00e3c60ec9d8a818fff186c194be9a98b55dcecdf0,672faa9fb7cb4499da17d6a3afbd65a9301f170f,output/evaluation/forecast_predictions.csv
s5_full,CMamba-T / S5-Full,test,2024-03-23,2024-03-24,1711263600,64062.1992188,67234.171875,64320.5507812,57249,output/seed_runs/s5_full__seed23/epoch321-val-rmse527.3419.ckpt,a2f8b0f39411e199e73ee22a8ae3055d3fc4218fa9d670b31af93d2e190df291,672faa9fb7cb4499da17d6a3afbd65a9301f170f,output/seed_runs/s5_full__seed23/test_preds.csv
naive_persistence,Naive persistence,test,2024-03-23,2024-03-24,1711263600,64062.1992188,67234.171875,64062.1992188,0,,,,derived: predicted_close=current_close
cmamba_v_reproduced,Reproduced CM-v,test,2024-03-24,2024-03-25,1711350000,67234.171875,69958.8125,65805.421875,136952,output/seed_runs/cmamba_v__seed23/epoch949-val-rmse572.6860.ckpt,afb28215d656ea54421efb00e3c60ec9d8a818fff186c194be9a98b55dcecdf0,672faa9fb7cb4499da17d6a3afbd65a9301f170f,output/evaluation/forecast_predictions.csv
s5_full,CMamba-T / S5-Full,test,2024-03-24,2024-03-25,1711350000,67234.171875,69958.8125,67535.671875,57249,output/seed_runs/s5_full__seed23/epoch321-val-rmse527.3419.ckpt,a2f8b0f39411e199e73ee22a8ae3055d3fc4218fa9d670b31af93d2e190df291,672faa9fb7cb4499da17d6a3afbd65a9301f170f,output/seed_runs/s5_full__seed23/test_preds.csv
naive_persistence,Naive persistence,test,2024-03-24,2024-03-25,1711350000,67234.171875,69958.8125,67234.171875,0,,,,derived: predicted_close=current_close
cmamba_v_reproduced,Reproduced CM-v,test,2024-03-25,2024-03-26,1711436400,69958.8125,69987.84375,69172.875,136952,output/seed_runs/cmamba_v__seed23/epoch949-val-rmse572.6860.ckpt,afb28215d656ea54421efb00e3c60ec9d8a818fff186c194be9a98b55dcecdf0,672faa9fb7cb4499da17d6a3afbd65a9301f170f,output/evaluation/forecast_predictions.csv
s5_full,CMamba-T / S5-Full,test,2024-03-25,2024-03-26,1711436400,69958.8125,69987.84375,70261.9453125,57249,output/seed_runs/s5_full__seed23/epoch321-val-rmse527.3419.ckpt,a2f8b0f39411e199e73ee22a8ae3055d3fc4218fa9d670b31af93d2e190df291,672faa9fb7cb4499da17d6a3afbd65a9301f170f,output/seed_runs/s5_full__seed23/test_preds.csv
naive_persistence,Naive persistence,test,2024-03-25,2024-03-26,1711436400,69958.8125,69987.84375,69958.8125,0,,,,derived: predicted_close=current_close
cmamba_v_reproduced,Reproduced CM-v,test,2024-03-26,2024-03-27,1711522800,69987.84375,69455.34375,71417.84375,136952,output/seed_runs/cmamba_v__seed23/epoch949-val-rmse572.6860.ckpt,afb28215d656ea54421efb00e3c60ec9d8a818fff186c194be9a98b55dcecdf0,672faa9fb7cb4499da17d6a3afbd65a9301f170f,output/evaluation/forecast_predictions.csv
s5_full,CMamba-T / S5-Full,test,2024-03-26,2024-03-27,1711522800,69987.84375,69455.34375,70331.2578125,57249,output/seed_runs/s5_full__seed23/epoch321-val-rmse527.3419.ckpt,a2f8b0f39411e199e73ee22a8ae3055d3fc4218fa9d670b31af93d2e190df291,672faa9fb7cb4499da17d6a3afbd65a9301f170f,output/seed_runs/s5_full__seed23/test_preds.csv
naive_persistence,Naive persistence,test,2024-03-26,2024-03-27,1711522800,69987.84375,69455.34375,69987.84375,0,,,,derived: predicted_close=current_close
cmamba_v_reproduced,Reproduced CM-v,test,2024-03-27,2024-03-28,1711609200,69455.34375,70744.953125,68867.8046875,136952,output/seed_runs/cmamba_v__seed23/epoch949-val-rmse572.6860.ckpt,afb28215d656ea54421efb00e3c60ec9d8a818fff186c194be9a98b55dcecdf0,672faa9fb7cb4499da17d6a3afbd65a9301f170f,output/evaluation/forecast_predictions.csv
s5_full,CMamba-T / S5-Full,test,2024-03-27,2024-03-28,1711609200,69455.34375,70744.953125,69779.6796875,57249,output/seed_runs/s5_full__seed23/epoch321-val-rmse527.3419.ckpt,a2f8b0f39411e199e73ee22a8ae3055d3fc4218fa9d670b31af93d2e190df291,672faa9fb7cb4499da17d6a3afbd65a9301f170f,output/seed_runs/s5_full__seed23/test_preds.csv
naive_persistence,Naive persistence,test,2024-03-27,2024-03-28,1711609200,69455.34375,70744.953125,69455.34375,0,,,,derived: predicted_close=current_close
cmamba_v_reproduced,Reproduced CM-v,test,2024-03-28,2024-03-29,1711695600,70744.953125,69892.828125,70410.7578125,136952,output/seed_runs/cmamba_v__seed23/epoch949-val-rmse572.6860.ckpt,afb28215d656ea54421efb00e3c60ec9d8a818fff186c194be9a98b55dcecdf0,672faa9fb7cb4499da17d6a3afbd65a9301f170f,output/evaluation/forecast_predictions.csv
s5_full,CMamba-T / S5-Full,test,2024-03-28,2024-03-29,1711695600,70744.953125,69892.828125,71045.0234375,57249,output/seed_runs/s5_full__seed23/epoch321-val-rmse527.3419.ckpt,a2f8b0f39411e199e73ee22a8ae3055d3fc4218fa9d670b31af93d2e190df291,672faa9fb7cb4499da17d6a3afbd65a9301f170f,output/seed_runs/s5_full__seed23/test_preds.csv
naive_persistence,Naive persistence,test,2024-03-28,2024-03-29,1711695600,70744.953125,69892.828125,70744.953125,0,,,,derived: predicted_close=current_close
cmamba_v_reproduced,Reproduced CM-v,test,2024-03-29,2024-03-30,1711782000,69892.828125,69645.296875,70989.53125,136952,output/seed_runs/cmamba_v__seed23/epoch949-val-rmse572.6860.ckpt,afb28215d656ea54421efb00e3c60ec9d8a818fff186c194be9a98b55dcecdf0,672faa9fb7cb4499da17d6a3afbd65a9301f170f,output/evaluation/forecast_predictions.csv
s5_full,CMamba-T / S5-Full,test,2024-03-29,2024-03-30,1711782000,69892.828125,69645.296875,70149.4921875,57249,output/seed_runs/s5_full__seed23/epoch321-val-rmse527.3419.ckpt,a2f8b0f39411e199e73ee22a8ae3055d3fc4218fa9d670b31af93d2e190df291,672faa9fb7cb4499da17d6a3afbd65a9301f170f,output/seed_runs/s5_full__seed23/test_preds.csv
naive_persistence,Naive persistence,test,2024-03-29,2024-03-30,1711782000,69892.828125,69645.296875,69892.828125,0,,,,derived: predicted_close=current_close
cmamba_v_reproduced,Reproduced CM-v,test,2024-03-30,2024-03-31,1711868400,69645.296875,71333.6484375,69294.125,136952,output/seed_runs/cmamba_v__seed23/epoch949-val-rmse572.6860.ckpt,afb28215d656ea54421efb00e3c60ec9d8a818fff186c194be9a98b55dcecdf0,672faa9fb7cb4499da17d6a3afbd65a9301f170f,output/evaluation/forecast_predictions.csv
s5_full,CMamba-T / S5-Full,test,2024-03-30,2024-03-31,1711868400,69645.296875,71333.6484375,69892.875,57249,output/seed_runs/s5_full__seed23/epoch321-val-rmse527.3419.ckpt,a2f8b0f39411e199e73ee22a8ae3055d3fc4218fa9d670b31af93d2e190df291,672faa9fb7cb4499da17d6a3afbd65a9301f170f,output/seed_runs/s5_full__seed23/test_preds.csv
naive_persistence,Naive persistence,test,2024-03-30,2024-03-31,1711868400,69645.296875,71333.6484375,69645.296875,0,,,,derived: predicted_close=current_close
cmamba_v_reproduced,Reproduced CM-v,test,2024-03-31,2024-04-01,1711954800,71333.6484375,69702.1484375,70615.0390625,136952,output/seed_runs/cmamba_v__seed23/epoch949-val-rmse572.6860.ckpt,afb28215d656ea54421efb00e3c60ec9d8a818fff186c194be9a98b55dcecdf0,672faa9fb7cb4499da17d6a3afbd65a9301f170f,output/evaluation/forecast_predictions.csv
s5_full,CMamba-T / S5-Full,test,2024-03-31,2024-04-01,1711954800,71333.6484375,69702.1484375,71627.109375,57249,output/seed_runs/s5_full__seed23/epoch321-val-rmse527.3419.ckpt,a2f8b0f39411e199e73ee22a8ae3055d3fc4218fa9d670b31af93d2e190df291,672faa9fb7cb4499da17d6a3afbd65a9301f170f,output/seed_runs/s5_full__seed23/test_preds.csv
naive_persistence,Naive persistence,test,2024-03-31,2024-04-01,1711954800,71333.6484375,69702.1484375,71333.6484375,0,,,,derived: predicted_close=current_close
cmamba_v_reproduced,Reproduced CM-v,test,2024-04-01,2024-04-02,1712041200,69702.1484375,65446.96875,69773.203125,136952,output/seed_runs/cmamba_v__seed23/epoch949-val-rmse572.6860.ckpt,afb28215d656ea54421efb00e3c60ec9d8a818fff186c194be9a98b55dcecdf0,672faa9fb7cb4499da17d6a3afbd65a9301f170f,output/evaluation/forecast_predictions.csv
s5_full,CMamba-T / S5-Full,test,2024-04-01,2024-04-02,1712041200,69702.1484375,65446.96875,70008.609375,57249,output/seed_runs/s5_full__seed23/epoch321-val-rmse527.3419.ckpt,a2f8b0f39411e199e73ee22a8ae3055d3fc4218fa9d670b31af93d2e190df291,672faa9fb7cb4499da17d6a3afbd65a9301f170f,output/seed_runs/s5_full__seed23/test_preds.csv
naive_persistence,Naive persistence,test,2024-04-01,2024-04-02,1712041200,69702.1484375,65446.96875,69702.1484375,0,,,,derived: predicted_close=current_close
cmamba_v_reproduced,Reproduced CM-v,test,2024-04-02,2024-04-03,1712127600,65446.96875,65980.8125,66788.46875,136952,output/seed_runs/cmamba_v__seed23/epoch949-val-rmse572.6860.ckpt,afb28215d656ea54421efb00e3c60ec9d8a818fff186c194be9a98b55dcecdf0,672faa9fb7cb4499da17d6a3afbd65a9301f170f,output/evaluation/forecast_predictions.csv
s5_full,CMamba-T / S5-Full,test,2024-04-02,2024-04-03,1712127600,65446.96875,65980.8125,65796.4375,57249,output/seed_runs/s5_full__seed23/epoch321-val-rmse527.3419.ckpt,a2f8b0f39411e199e73ee22a8ae3055d3fc4218fa9d670b31af93d2e190df291,672faa9fb7cb4499da17d6a3afbd65a9301f170f,output/seed_runs/s5_full__seed23/test_preds.csv
naive_persistence,Naive persistence,test,2024-04-02,2024-04-03,1712127600,65446.96875,65980.8125,65446.96875,0,,,,derived: predicted_close=current_close
cmamba_v_reproduced,Reproduced CM-v,test,2024-04-03,2024-04-04,1712214000,65980.8125,68508.84375,65763.984375,136952,output/seed_runs/cmamba_v__seed23/epoch949-val-rmse572.6860.ckpt,afb28215d656ea54421efb00e3c60ec9d8a818fff186c194be9a98b55dcecdf0,672faa9fb7cb4499da17d6a3afbd65a9301f170f,output/evaluation/forecast_predictions.csv
s5_full,CMamba-T / S5-Full,test,2024-04-03,2024-04-04,1712214000,65980.8125,68508.84375,66264.0625,57249,output/seed_runs/s5_full__seed23/epoch321-val-rmse527.3419.ckpt,a2f8b0f39411e199e73ee22a8ae3055d3fc4218fa9d670b31af93d2e190df291,672faa9fb7cb4499da17d6a3afbd65a9301f170f,output/seed_runs/s5_full__seed23/test_preds.csv
naive_persistence,Naive persistence,test,2024-04-03,2024-04-04,1712214000,65980.8125,68508.84375,65980.8125,0,,,,derived: predicted_close=current_close
cmamba_v_reproduced,Reproduced CM-v,test,2024-04-04,2024-04-05,1712300400,68508.84375,67837.640625,67606.890625,136952,output/seed_runs/cmamba_v__seed23/epoch949-val-rmse572.6860.ckpt,afb28215d656ea54421efb00e3c60ec9d8a818fff186c194be9a98b55dcecdf0,672faa9fb7cb4499da17d6a3afbd65a9301f170f,output/evaluation/forecast_predictions.csv
s5_full,CMamba-T / S5-Full,test,2024-04-04,2024-04-05,1712300400,68508.84375,67837.640625,68728.078125,57249,output/seed_runs/s5_full__seed23/epoch321-val-rmse527.3419.ckpt,a2f8b0f39411e199e73ee22a8ae3055d3fc4218fa9d670b31af93d2e190df291,672faa9fb7cb4499da17d6a3afbd65a9301f170f,output/seed_runs/s5_full__seed23/test_preds.csv
naive_persistence,Naive persistence,test,2024-04-04,2024-04-05,1712300400,68508.84375,67837.640625,68508.84375,0,,,,derived: predicted_close=current_close
cmamba_v_reproduced,Reproduced CM-v,test,2024-04-05,2024-04-06,1712386800,67837.640625,68896.109375,67529.234375,136952,output/seed_runs/cmamba_v__seed23/epoch949-val-rmse572.6860.ckpt,afb28215d656ea54421efb00e3c60ec9d8a818fff186c194be9a98b55dcecdf0,672faa9fb7cb4499da17d6a3afbd65a9301f170f,output/evaluation/forecast_predictions.csv
s5_full,CMamba-T / S5-Full,test,2024-04-05,2024-04-06,1712386800,67837.640625,68896.109375,68062.984375,57249,output/seed_runs/s5_full__seed23/epoch321-val-rmse527.3419.ckpt,a2f8b0f39411e199e73ee22a8ae3055d3fc4218fa9d670b31af93d2e190df291,672faa9fb7cb4499da17d6a3afbd65a9301f170f,output/seed_runs/s5_full__seed23/test_preds.csv
naive_persistence,Naive persistence,test,2024-04-05,2024-04-06,1712386800,67837.640625,68896.109375,67837.640625,0,,,,derived: predicted_close=current_close
cmamba_v_reproduced,Reproduced CM-v,test,2024-04-06,2024-04-07,1712473200,68896.109375,69362.546875,68649.828125,136952,output/seed_runs/cmamba_v__seed23/epoch949-val-rmse572.6860.ckpt,afb28215d656ea54421efb00e3c60ec9d8a818fff186c194be9a98b55dcecdf0,672faa9fb7cb4499da17d6a3afbd65a9301f170f,output/evaluation/forecast_predictions.csv
s5_full,CMamba-T / S5-Full,test,2024-04-06,2024-04-07,1712473200,68896.109375,69362.546875,69119.609375,57249,output/seed_runs/s5_full__seed23/epoch321-val-rmse527.3419.ckpt,a2f8b0f39411e199e73ee22a8ae3055d3fc4218fa9d670b31af93d2e190df291,672faa9fb7cb4499da17d6a3afbd65a9301f170f,output/seed_runs/s5_full__seed23/test_preds.csv
naive_persistence,Naive persistence,test,2024-04-06,2024-04-07,1712473200,68896.109375,69362.546875,68896.109375,0,,,,derived: predicted_close=current_close
cmamba_v_reproduced,Reproduced CM-v,test,2024-04-07,2024-04-08,1712559600,69362.546875,71631.359375,69510.9609375,136952,output/seed_runs/cmamba_v__seed23/epoch949-val-rmse572.6860.ckpt,afb28215d656ea54421efb00e3c60ec9d8a818fff186c194be9a98b55dcecdf0,672faa9fb7cb4499da17d6a3afbd65a9301f170f,output/evaluation/forecast_predictions.csv
s5_full,CMamba-T / S5-Full,test,2024-04-07,2024-04-08,1712559600,69362.546875,71631.359375,69538.703125,57249,output/seed_runs/s5_full__seed23/epoch321-val-rmse527.3419.ckpt,a2f8b0f39411e199e73ee22a8ae3055d3fc4218fa9d670b31af93d2e190df291,672faa9fb7cb4499da17d6a3afbd65a9301f170f,output/seed_runs/s5_full__seed23/test_preds.csv
naive_persistence,Naive persistence,test,2024-04-07,2024-04-08,1712559600,69362.546875,71631.359375,69362.546875,0,,,,derived: predicted_close=current_close
cmamba_v_reproduced,Reproduced CM-v,test,2024-04-08,2024-04-09,1712646000,71631.359375,69139.0234375,71200.796875,136952,output/seed_runs/cmamba_v__seed23/epoch949-val-rmse572.6860.ckpt,afb28215d656ea54421efb00e3c60ec9d8a818fff186c194be9a98b55dcecdf0,672faa9fb7cb4499da17d6a3afbd65a9301f170f,output/evaluation/forecast_predictions.csv
s5_full,CMamba-T / S5-Full,test,2024-04-08,2024-04-09,1712646000,71631.359375,69139.0234375,71818.03125,57249,output/seed_runs/s5_full__seed23/epoch321-val-rmse527.3419.ckpt,a2f8b0f39411e199e73ee22a8ae3055d3fc4218fa9d670b31af93d2e190df291,672faa9fb7cb4499da17d6a3afbd65a9301f170f,output/seed_runs/s5_full__seed23/test_preds.csv
naive_persistence,Naive persistence,test,2024-04-08,2024-04-09,1712646000,71631.359375,69139.0234375,71631.359375,0,,,,derived: predicted_close=current_close
cmamba_v_reproduced,Reproduced CM-v,test,2024-04-09,2024-04-10,1712732400,69139.0234375,70587.8828125,70291.65625,136952,output/seed_runs/cmamba_v__seed23/epoch949-val-rmse572.6860.ckpt,afb28215d656ea54421efb00e3c60ec9d8a818fff186c194be9a98b55dcecdf0,672faa9fb7cb4499da17d6a3afbd65a9301f170f,output/evaluation/forecast_predictions.csv
s5_full,CMamba-T / S5-Full,test,2024-04-09,2024-04-10,1712732400,69139.0234375,70587.8828125,69407.703125,57249,output/seed_runs/s5_full__seed23/epoch321-val-rmse527.3419.ckpt,a2f8b0f39411e199e73ee22a8ae3055d3fc4218fa9d670b31af93d2e190df291,672faa9fb7cb4499da17d6a3afbd65a9301f170f,output/seed_runs/s5_full__seed23/test_preds.csv
naive_persistence,Naive persistence,test,2024-04-09,2024-04-10,1712732400,69139.0234375,70587.8828125,69139.0234375,0,,,,derived: predicted_close=current_close
cmamba_v_reproduced,Reproduced CM-v,test,2024-04-10,2024-04-11,1712818800,70587.8828125,70060.609375,69040.8046875,136952,output/seed_runs/cmamba_v__seed23/epoch949-val-rmse572.6860.ckpt,afb28215d656ea54421efb00e3c60ec9d8a818fff186c194be9a98b55dcecdf0,672faa9fb7cb4499da17d6a3afbd65a9301f170f,output/evaluation/forecast_predictions.csv
s5_full,CMamba-T / S5-Full,test,2024-04-10,2024-04-11,1712818800,70587.8828125,70060.609375,70830.8671875,57249,output/seed_runs/s5_full__seed23/epoch321-val-rmse527.3419.ckpt,a2f8b0f39411e199e73ee22a8ae3055d3fc4218fa9d670b31af93d2e190df291,672faa9fb7cb4499da17d6a3afbd65a9301f170f,output/seed_runs/s5_full__seed23/test_preds.csv
naive_persistence,Naive persistence,test,2024-04-10,2024-04-11,1712818800,70587.8828125,70060.609375,70587.8828125,0,,,,derived: predicted_close=current_close
cmamba_v_reproduced,Reproduced CM-v,test,2024-04-11,2024-04-12,1712905200,70060.609375,67195.8671875,70390.71875,136952,output/seed_runs/cmamba_v__seed23/epoch949-val-rmse572.6860.ckpt,afb28215d656ea54421efb00e3c60ec9d8a818fff186c194be9a98b55dcecdf0,672faa9fb7cb4499da17d6a3afbd65a9301f170f,output/evaluation/forecast_predictions.csv
s5_full,CMamba-T / S5-Full,test,2024-04-11,2024-04-12,1712905200,70060.609375,67195.8671875,70191.8125,57249,output/seed_runs/s5_full__seed23/epoch321-val-rmse527.3419.ckpt,a2f8b0f39411e199e73ee22a8ae3055d3fc4218fa9d670b31af93d2e190df291,672faa9fb7cb4499da17d6a3afbd65a9301f170f,output/seed_runs/s5_full__seed23/test_preds.csv
naive_persistence,Naive persistence,test,2024-04-11,2024-04-12,1712905200,70060.609375,67195.8671875,70060.609375,0,,,,derived: predicted_close=current_close
cmamba_v_reproduced,Reproduced CM-v,test,2024-04-12,2024-04-13,1712991600,67195.8671875,63821.46875,67826.8046875,136952,output/seed_runs/cmamba_v__seed23/epoch949-val-rmse572.6860.ckpt,afb28215d656ea54421efb00e3c60ec9d8a818fff186c194be9a98b55dcecdf0,672faa9fb7cb4499da17d6a3afbd65a9301f170f,output/evaluation/forecast_predictions.csv
s5_full,CMamba-T / S5-Full,test,2024-04-12,2024-04-13,1712991600,67195.8671875,63821.46875,67341.8671875,57249,output/seed_runs/s5_full__seed23/epoch321-val-rmse527.3419.ckpt,a2f8b0f39411e199e73ee22a8ae3055d3fc4218fa9d670b31af93d2e190df291,672faa9fb7cb4499da17d6a3afbd65a9301f170f,output/seed_runs/s5_full__seed23/test_preds.csv
naive_persistence,Naive persistence,test,2024-04-12,2024-04-13,1712991600,67195.8671875,63821.46875,67195.8671875,0,,,,derived: predicted_close=current_close
cmamba_v_reproduced,Reproduced CM-v,test,2024-04-13,2024-04-14,1713078000,63821.46875,65738.7265625,63924.9921875,136952,output/seed_runs/cmamba_v__seed23/epoch949-val-rmse572.6860.ckpt,afb28215d656ea54421efb00e3c60ec9d8a818fff186c194be9a98b55dcecdf0,672faa9fb7cb4499da17d6a3afbd65a9301f170f,output/evaluation/forecast_predictions.csv
s5_full,CMamba-T / S5-Full,test,2024-04-13,2024-04-14,1713078000,63821.46875,65738.7265625,64034.7382812,57249,output/seed_runs/s5_full__seed23/epoch321-val-rmse527.3419.ckpt,a2f8b0f39411e199e73ee22a8ae3055d3fc4218fa9d670b31af93d2e190df291,672faa9fb7cb4499da17d6a3afbd65a9301f170f,output/seed_runs/s5_full__seed23/test_preds.csv
naive_persistence,Naive persistence,test,2024-04-13,2024-04-14,1713078000,63821.46875,65738.7265625,63821.46875,0,,,,derived: predicted_close=current_close
cmamba_v_reproduced,Reproduced CM-v,test,2024-04-14,2024-04-15,1713164400,65738.7265625,63426.2109375,64629.5117188,136952,output/seed_runs/cmamba_v__seed23/epoch949-val-rmse572.6860.ckpt,afb28215d656ea54421efb00e3c60ec9d8a818fff186c194be9a98b55dcecdf0,672faa9fb7cb4499da17d6a3afbd65a9301f170f,output/evaluation/forecast_predictions.csv
s5_full,CMamba-T / S5-Full,test,2024-04-14,2024-04-15,1713164400,65738.7265625,63426.2109375,65868.6875,57249,output/seed_runs/s5_full__seed23/epoch321-val-rmse527.3419.ckpt,a2f8b0f39411e199e73ee22a8ae3055d3fc4218fa9d670b31af93d2e190df291,672faa9fb7cb4499da17d6a3afbd65a9301f170f,output/seed_runs/s5_full__seed23/test_preds.csv
naive_persistence,Naive persistence,test,2024-04-14,2024-04-15,1713164400,65738.7265625,63426.2109375,65738.7265625,0,,,,derived: predicted_close=current_close
cmamba_v_reproduced,Reproduced CM-v,test,2024-04-15,2024-04-16,1713250800,63426.2109375,63811.859375,64349.0820312,136952,output/seed_runs/cmamba_v__seed23/epoch949-val-rmse572.6860.ckpt,afb28215d656ea54421efb00e3c60ec9d8a818fff186c194be9a98b55dcecdf0,672faa9fb7cb4499da17d6a3afbd65a9301f170f,output/evaluation/forecast_predictions.csv
s5_full,CMamba-T / S5-Full,test,2024-04-15,2024-04-16,1713250800,63426.2109375,63811.859375,63472.1445312,57249,output/seed_runs/s5_full__seed23/epoch321-val-rmse527.3419.ckpt,a2f8b0f39411e199e73ee22a8ae3055d3fc4218fa9d670b31af93d2e190df291,672faa9fb7cb4499da17d6a3afbd65a9301f170f,output/seed_runs/s5_full__seed23/test_preds.csv
naive_persistence,Naive persistence,test,2024-04-15,2024-04-16,1713250800,63426.2109375,63811.859375,63426.2109375,0,,,,derived: predicted_close=current_close
cmamba_v_reproduced,Reproduced CM-v,test,2024-04-16,2024-04-17,1713337200,63811.859375,61276.6914062,62890.2773438,136952,output/seed_runs/cmamba_v__seed23/epoch949-val-rmse572.6860.ckpt,afb28215d656ea54421efb00e3c60ec9d8a818fff186c194be9a98b55dcecdf0,672faa9fb7cb4499da17d6a3afbd65a9301f170f,output/evaluation/forecast_predictions.csv
s5_full,CMamba-T / S5-Full,test,2024-04-16,2024-04-17,1713337200,63811.859375,61276.6914062,63890.4023438,57249,output/seed_runs/s5_full__seed23/epoch321-val-rmse527.3419.ckpt,a2f8b0f39411e199e73ee22a8ae3055d3fc4218fa9d670b31af93d2e190df291,672faa9fb7cb4499da17d6a3afbd65a9301f170f,output/seed_runs/s5_full__seed23/test_preds.csv
naive_persistence,Naive persistence,test,2024-04-16,2024-04-17,1713337200,63811.859375,61276.6914062,63811.859375,0,,,,derived: predicted_close=current_close
cmamba_v_reproduced,Reproduced CM-v,test,2024-04-17,2024-04-18,1713423600,61276.6914062,63512.75,62033.5664062,136952,output/seed_runs/cmamba_v__seed23/epoch949-val-rmse572.6860.ckpt,afb28215d656ea54421efb00e3c60ec9d8a818fff186c194be9a98b55dcecdf0,672faa9fb7cb4499da17d6a3afbd65a9301f170f,output/evaluation/forecast_predictions.csv
s5_full,CMamba-T / S5-Full,test,2024-04-17,2024-04-18,1713423600,61276.6914062,63512.75,61401.6757812,57249,output/seed_runs/s5_full__seed23/epoch321-val-rmse527.3419.ckpt,a2f8b0f39411e199e73ee22a8ae3055d3fc4218fa9d670b31af93d2e190df291,672faa9fb7cb4499da17d6a3afbd65a9301f170f,output/seed_runs/s5_full__seed23/test_preds.csv
naive_persistence,Naive persistence,test,2024-04-17,2024-04-18,1713423600,61276.6914062,63512.75,61276.6914062,0,,,,derived: predicted_close=current_close
cmamba_v_reproduced,Reproduced CM-v,test,2024-04-18,2024-04-19,1713510000,63512.75,63843.5703125,62106.359375,136952,output/seed_runs/cmamba_v__seed23/epoch949-val-rmse572.6860.ckpt,afb28215d656ea54421efb00e3c60ec9d8a818fff186c194be9a98b55dcecdf0,672faa9fb7cb4499da17d6a3afbd65a9301f170f,output/evaluation/forecast_predictions.csv
s5_full,CMamba-T / S5-Full,test,2024-04-18,2024-04-19,1713510000,63512.75,63843.5703125,63605.8789062,57249,output/seed_runs/s5_full__seed23/epoch321-val-rmse527.3419.ckpt,a2f8b0f39411e199e73ee22a8ae3055d3fc4218fa9d670b31af93d2e190df291,672faa9fb7cb4499da17d6a3afbd65a9301f170f,output/seed_runs/s5_full__seed23/test_preds.csv
naive_persistence,Naive persistence,test,2024-04-18,2024-04-19,1713510000,63512.75,63843.5703125,63512.75,0,,,,derived: predicted_close=current_close
cmamba_v_reproduced,Reproduced CM-v,test,2024-04-19,2024-04-20,1713596400,63843.5703125,64994.4414062,63715.0585938,136952,output/seed_runs/cmamba_v__seed23/epoch949-val-rmse572.6860.ckpt,afb28215d656ea54421efb00e3c60ec9d8a818fff186c194be9a98b55dcecdf0,672faa9fb7cb4499da17d6a3afbd65a9301f170f,output/evaluation/forecast_predictions.csv
s5_full,CMamba-T / S5-Full,test,2024-04-19,2024-04-20,1713596400,63843.5703125,64994.4414062,63966.6953125,57249,output/seed_runs/s5_full__seed23/epoch321-val-rmse527.3419.ckpt,a2f8b0f39411e199e73ee22a8ae3055d3fc4218fa9d670b31af93d2e190df291,672faa9fb7cb4499da17d6a3afbd65a9301f170f,output/seed_runs/s5_full__seed23/test_preds.csv
naive_persistence,Naive persistence,test,2024-04-19,2024-04-20,1713596400,63843.5703125,64994.4414062,63843.5703125,0,,,,derived: predicted_close=current_close
cmamba_v_reproduced,Reproduced CM-v,test,2024-04-20,2024-04-21,1713682800,64994.4414062,64926.640625,64739.7460938,136952,output/seed_runs/cmamba_v__seed23/epoch949-val-rmse572.6860.ckpt,afb28215d656ea54421efb00e3c60ec9d8a818fff186c194be9a98b55dcecdf0,672faa9fb7cb4499da17d6a3afbd65a9301f170f,output/evaluation/forecast_predictions.csv
s5_full,CMamba-T / S5-Full,test,2024-04-20,2024-04-21,1713682800,64994.4414062,64926.640625,65052.7070312,57249,output/seed_runs/s5_full__seed23/epoch321-val-rmse527.3419.ckpt,a2f8b0f39411e199e73ee22a8ae3055d3fc4218fa9d670b31af93d2e190df291,672faa9fb7cb4499da17d6a3afbd65a9301f170f,output/seed_runs/s5_full__seed23/test_preds.csv
naive_persistence,Naive persistence,test,2024-04-20,2024-04-21,1713682800,64994.4414062,64926.640625,64994.4414062,0,,,,derived: predicted_close=current_close
cmamba_v_reproduced,Reproduced CM-v,test,2024-04-21,2024-04-22,1713769200,64926.640625,66837.6796875,64335.4140625,136952,output/seed_runs/cmamba_v__seed23/epoch949-val-rmse572.6860.ckpt,afb28215d656ea54421efb00e3c60ec9d8a818fff186c194be9a98b55dcecdf0,672faa9fb7cb4499da17d6a3afbd65a9301f170f,output/evaluation/forecast_predictions.csv
s5_full,CMamba-T / S5-Full,test,2024-04-21,2024-04-22,1713769200,64926.640625,66837.6796875,64966.8085938,57249,output/seed_runs/s5_full__seed23/epoch321-val-rmse527.3419.ckpt,a2f8b0f39411e199e73ee22a8ae3055d3fc4218fa9d670b31af93d2e190df291,672faa9fb7cb4499da17d6a3afbd65a9301f170f,output/seed_runs/s5_full__seed23/test_preds.csv
naive_persistence,Naive persistence,test,2024-04-21,2024-04-22,1713769200,64926.640625,66837.6796875,64926.640625,0,,,,derived: predicted_close=current_close
cmamba_v_reproduced,Reproduced CM-v,test,2024-04-22,2024-04-23,1713855600,66837.6796875,66407.2734375,66210.1484375,136952,output/seed_runs/cmamba_v__seed23/epoch949-val-rmse572.6860.ckpt,afb28215d656ea54421efb00e3c60ec9d8a818fff186c194be9a98b55dcecdf0,672faa9fb7cb4499da17d6a3afbd65a9301f170f,output/evaluation/forecast_predictions.csv
s5_full,CMamba-T / S5-Full,test,2024-04-22,2024-04-23,1713855600,66837.6796875,66407.2734375,66877.921875,57249,output/seed_runs/s5_full__seed23/epoch321-val-rmse527.3419.ckpt,a2f8b0f39411e199e73ee22a8ae3055d3fc4218fa9d670b31af93d2e190df291,672faa9fb7cb4499da17d6a3afbd65a9301f170f,output/seed_runs/s5_full__seed23/test_preds.csv
naive_persistence,Naive persistence,test,2024-04-22,2024-04-23,1713855600,66837.6796875,66407.2734375,66837.6796875,0,,,,derived: predicted_close=current_close
cmamba_v_reproduced,Reproduced CM-v,test,2024-04-23,2024-04-24,1713942000,66407.2734375,64276.8984375,67176.046875,136952,output/seed_runs/cmamba_v__seed23/epoch949-val-rmse572.6860.ckpt,afb28215d656ea54421efb00e3c60ec9d8a818fff186c194be9a98b55dcecdf0,672faa9fb7cb4499da17d6a3afbd65a9301f170f,output/evaluation/forecast_predictions.csv
s5_full,CMamba-T / S5-Full,test,2024-04-23,2024-04-24,1713942000,66407.2734375,64276.8984375,66500.6484375,57249,output/seed_runs/s5_full__seed23/epoch321-val-rmse527.3419.ckpt,a2f8b0f39411e199e73ee22a8ae3055d3fc4218fa9d670b31af93d2e190df291,672faa9fb7cb4499da17d6a3afbd65a9301f170f,output/seed_runs/s5_full__seed23/test_preds.csv
naive_persistence,Naive persistence,test,2024-04-23,2024-04-24,1713942000,66407.2734375,64276.8984375,66407.2734375,0,,,,derived: predicted_close=current_close
cmamba_v_reproduced,Reproduced CM-v,test,2024-04-24,2024-04-25,1714028400,64276.8984375,64481.7109375,64638.9453125,136952,output/seed_runs/cmamba_v__seed23/epoch949-val-rmse572.6860.ckpt,afb28215d656ea54421efb00e3c60ec9d8a818fff186c194be9a98b55dcecdf0,672faa9fb7cb4499da17d6a3afbd65a9301f170f,output/evaluation/forecast_predictions.csv
s5_full,CMamba-T / S5-Full,test,2024-04-24,2024-04-25,1714028400,64276.8984375,64481.7109375,64343.9765625,57249,output/seed_runs/s5_full__seed23/epoch321-val-rmse527.3419.ckpt,a2f8b0f39411e199e73ee22a8ae3055d3fc4218fa9d670b31af93d2e190df291,672faa9fb7cb4499da17d6a3afbd65a9301f170f,output/seed_runs/s5_full__seed23/test_preds.csv
naive_persistence,Naive persistence,test,2024-04-24,2024-04-25,1714028400,64276.8984375,64481.7109375,64276.8984375,0,,,,derived: predicted_close=current_close
cmamba_v_reproduced,Reproduced CM-v,test,2024-04-25,2024-04-26,1714114800,64481.7109375,63755.3203125,63885.984375,136952,output/seed_runs/cmamba_v__seed23/epoch949-val-rmse572.6860.ckpt,afb28215d656ea54421efb00e3c60ec9d8a818fff186c194be9a98b55dcecdf0,672faa9fb7cb4499da17d6a3afbd65a9301f170f,output/evaluation/forecast_predictions.csv
s5_full,CMamba-T / S5-Full,test,2024-04-25,2024-04-26,1714114800,64481.7109375,63755.3203125,64476.7148438,57249,output/seed_runs/s5_full__seed23/epoch321-val-rmse527.3419.ckpt,a2f8b0f39411e199e73ee22a8ae3055d3fc4218fa9d670b31af93d2e190df291,672faa9fb7cb4499da17d6a3afbd65a9301f170f,output/seed_runs/s5_full__seed23/test_preds.csv
naive_persistence,Naive persistence,test,2024-04-25,2024-04-26,1714114800,64481.7109375,63755.3203125,64481.7109375,0,,,,derived: predicted_close=current_close
cmamba_v_reproduced,Reproduced CM-v,test,2024-04-26,2024-04-27,1714201200,63755.3203125,63419.140625,64183.859375,136952,output/seed_runs/cmamba_v__seed23/epoch949-val-rmse572.6860.ckpt,afb28215d656ea54421efb00e3c60ec9d8a818fff186c194be9a98b55dcecdf0,672faa9fb7cb4499da17d6a3afbd65a9301f170f,output/evaluation/forecast_predictions.csv
s5_full,CMamba-T / S5-Full,test,2024-04-26,2024-04-27,1714201200,63755.3203125,63419.140625,63647.1601562,57249,output/seed_runs/s5_full__seed23/epoch321-val-rmse527.3419.ckpt,a2f8b0f39411e199e73ee22a8ae3055d3fc4218fa9d670b31af93d2e190df291,672faa9fb7cb4499da17d6a3afbd65a9301f170f,output/seed_runs/s5_full__seed23/test_preds.csv
naive_persistence,Naive persistence,test,2024-04-26,2024-04-27,1714201200,63755.3203125,63419.140625,63755.3203125,0,,,,derived: predicted_close=current_close
cmamba_v_reproduced,Reproduced CM-v,test,2024-04-27,2024-04-28,1714287600,63419.140625,63113.2304688,62924.171875,136952,output/seed_runs/cmamba_v__seed23/epoch949-val-rmse572.6860.ckpt,afb28215d656ea54421efb00e3c60ec9d8a818fff186c194be9a98b55dcecdf0,672faa9fb7cb4499da17d6a3afbd65a9301f170f,output/evaluation/forecast_predictions.csv
s5_full,CMamba-T / S5-Full,test,2024-04-27,2024-04-28,1714287600,63419.140625,63113.2304688,63239.6054688,57249,output/seed_runs/s5_full__seed23/epoch321-val-rmse527.3419.ckpt,a2f8b0f39411e199e73ee22a8ae3055d3fc4218fa9d670b31af93d2e190df291,672faa9fb7cb4499da17d6a3afbd65a9301f170f,output/seed_runs/s5_full__seed23/test_preds.csv
naive_persistence,Naive persistence,test,2024-04-27,2024-04-28,1714287600,63419.140625,63113.2304688,63419.140625,0,,,,derived: predicted_close=current_close
cmamba_v_reproduced,Reproduced CM-v,test,2024-04-28,2024-04-29,1714374000,63113.2304688,63841.1210938,63689.9257812,136952,output/seed_runs/cmamba_v__seed23/epoch949-val-rmse572.6860.ckpt,afb28215d656ea54421efb00e3c60ec9d8a818fff186c194be9a98b55dcecdf0,672faa9fb7cb4499da17d6a3afbd65a9301f170f,output/evaluation/forecast_predictions.csv
s5_full,CMamba-T / S5-Full,test,2024-04-28,2024-04-29,1714374000,63113.2304688,63841.1210938,63001.6328125,57249,output/seed_runs/s5_full__seed23/epoch321-val-rmse527.3419.ckpt,a2f8b0f39411e199e73ee22a8ae3055d3fc4218fa9d670b31af93d2e190df291,672faa9fb7cb4499da17d6a3afbd65a9301f170f,output/seed_runs/s5_full__seed23/test_preds.csv
naive_persistence,Naive persistence,test,2024-04-28,2024-04-29,1714374000,63113.2304688,63841.1210938,63113.2304688,0,,,,derived: predicted_close=current_close
cmamba_v_reproduced,Reproduced CM-v,test,2024-04-29,2024-04-30,1714460400,63841.1210938,60636.859375,63018.96875,136952,output/seed_runs/cmamba_v__seed23/epoch949-val-rmse572.6860.ckpt,afb28215d656ea54421efb00e3c60ec9d8a818fff186c194be9a98b55dcecdf0,672faa9fb7cb4499da17d6a3afbd65a9301f170f,output/evaluation/forecast_predictions.csv
s5_full,CMamba-T / S5-Full,test,2024-04-29,2024-04-30,1714460400,63841.1210938,60636.859375,63785.9335938,57249,output/seed_runs/s5_full__seed23/epoch321-val-rmse527.3419.ckpt,a2f8b0f39411e199e73ee22a8ae3055d3fc4218fa9d670b31af93d2e190df291,672faa9fb7cb4499da17d6a3afbd65a9301f170f,output/seed_runs/s5_full__seed23/test_preds.csv
naive_persistence,Naive persistence,test,2024-04-29,2024-04-30,1714460400,63841.1210938,60636.859375,63841.1210938,0,,,,derived: predicted_close=current_close
cmamba_v_reproduced,Reproduced CM-v,test,2024-04-30,2024-05-01,1714546800,60636.859375,58254.0117188,61596.3398438,136952,output/seed_runs/cmamba_v__seed23/epoch949-val-rmse572.6860.ckpt,afb28215d656ea54421efb00e3c60ec9d8a818fff186c194be9a98b55dcecdf0,672faa9fb7cb4499da17d6a3afbd65a9301f170f,output/evaluation/forecast_predictions.csv
s5_full,CMamba-T / S5-Full,test,2024-04-30,2024-05-01,1714546800,60636.859375,58254.0117188,60618.4570312,57249,output/seed_runs/s5_full__seed23/epoch321-val-rmse527.3419.ckpt,a2f8b0f39411e199e73ee22a8ae3055d3fc4218fa9d670b31af93d2e190df291,672faa9fb7cb4499da17d6a3afbd65a9301f170f,output/seed_runs/s5_full__seed23/test_preds.csv
naive_persistence,Naive persistence,test,2024-04-30,2024-05-01,1714546800,60636.859375,58254.0117188,60636.859375,0,,,,derived: predicted_close=current_close
cmamba_v_reproduced,Reproduced CM-v,test,2024-05-01,2024-05-02,1714633200,58254.0117188,59123.4296875,58362.046875,136952,output/seed_runs/cmamba_v__seed23/epoch949-val-rmse572.6860.ckpt,afb28215d656ea54421efb00e3c60ec9d8a818fff186c194be9a98b55dcecdf0,672faa9fb7cb4499da17d6a3afbd65a9301f170f,output/evaluation/forecast_predictions.csv
s5_full,CMamba-T / S5-Full,test,2024-05-01,2024-05-02,1714633200,58254.0117188,59123.4296875,58210.640625,57249,output/seed_runs/s5_full__seed23/epoch321-val-rmse527.3419.ckpt,a2f8b0f39411e199e73ee22a8ae3055d3fc4218fa9d670b31af93d2e190df291,672faa9fb7cb4499da17d6a3afbd65a9301f170f,output/seed_runs/s5_full__seed23/test_preds.csv
naive_persistence,Naive persistence,test,2024-05-01,2024-05-02,1714633200,58254.0117188,59123.4296875,58254.0117188,0,,,,derived: predicted_close=current_close
cmamba_v_reproduced,Reproduced CM-v,test,2024-05-02,2024-05-03,1714719600,59123.4296875,62889.8398438,58356.328125,136952,output/seed_runs/cmamba_v__seed23/epoch949-val-rmse572.6860.ckpt,afb28215d656ea54421efb00e3c60ec9d8a818fff186c194be9a98b55dcecdf0,672faa9fb7cb4499da17d6a3afbd65a9301f170f,output/evaluation/forecast_predictions.csv
s5_full,CMamba-T / S5-Full,test,2024-05-02,2024-05-03,1714719600,59123.4296875,62889.8398438,58707.1328125,57249,output/seed_runs/s5_full__seed23/epoch321-val-rmse527.3419.ckpt,a2f8b0f39411e199e73ee22a8ae3055d3fc4218fa9d670b31af93d2e190df291,672faa9fb7cb4499da17d6a3afbd65a9301f170f,output/seed_runs/s5_full__seed23/test_preds.csv
naive_persistence,Naive persistence,test,2024-05-02,2024-05-03,1714719600,59123.4296875,62889.8398438,59123.4296875,0,,,,derived: predicted_close=current_close
cmamba_v_reproduced,Reproduced CM-v,test,2024-05-03,2024-05-04,1714806000,62889.8398438,63891.46875,61709.8554688,136952,output/seed_runs/cmamba_v__seed23/epoch949-val-rmse572.6860.ckpt,afb28215d656ea54421efb00e3c60ec9d8a818fff186c194be9a98b55dcecdf0,672faa9fb7cb4499da17d6a3afbd65a9301f170f,output/evaluation/forecast_predictions.csv
s5_full,CMamba-T / S5-Full,test,2024-05-03,2024-05-04,1714806000,62889.8398438,63891.46875,62484.7617188,57249,output/seed_runs/s5_full__seed23/epoch321-val-rmse527.3419.ckpt,a2f8b0f39411e199e73ee22a8ae3055d3fc4218fa9d670b31af93d2e190df291,672faa9fb7cb4499da17d6a3afbd65a9301f170f,output/seed_runs/s5_full__seed23/test_preds.csv
naive_persistence,Naive persistence,test,2024-05-03,2024-05-04,1714806000,62889.8398438,63891.46875,62889.8398438,0,,,,derived: predicted_close=current_close
cmamba_v_reproduced,Reproduced CM-v,test,2024-05-04,2024-05-05,1714892400,63891.46875,64031.1289062,63901.6289062,136952,output/seed_runs/cmamba_v__seed23/epoch949-val-rmse572.6860.ckpt,afb28215d656ea54421efb00e3c60ec9d8a818fff186c194be9a98b55dcecdf0,672faa9fb7cb4499da17d6a3afbd65a9301f170f,output/evaluation/forecast_predictions.csv
s5_full,CMamba-T / S5-Full,test,2024-05-04,2024-05-05,1714892400,63891.46875,64031.1289062,63573.7773438,57249,output/seed_runs/s5_full__seed23/epoch321-val-rmse527.3419.ckpt,a2f8b0f39411e199e73ee22a8ae3055d3fc4218fa9d670b31af93d2e190df291,672faa9fb7cb4499da17d6a3afbd65a9301f170f,output/seed_runs/s5_full__seed23/test_preds.csv
naive_persistence,Naive persistence,test,2024-05-04,2024-05-05,1714892400,63891.46875,64031.1289062,63891.46875,0,,,,derived: predicted_close=current_close
cmamba_v_reproduced,Reproduced CM-v,test,2024-05-05,2024-05-06,1714978800,64031.1289062,63161.9492188,63645.5664062,136952,output/seed_runs/cmamba_v__seed23/epoch949-val-rmse572.6860.ckpt,afb28215d656ea54421efb00e3c60ec9d8a818fff186c194be9a98b55dcecdf0,672faa9fb7cb4499da17d6a3afbd65a9301f170f,output/evaluation/forecast_predictions.csv
s5_full,CMamba-T / S5-Full,test,2024-05-05,2024-05-06,1714978800,64031.1289062,63161.9492188,63858.9257812,57249,output/seed_runs/s5_full__seed23/epoch321-val-rmse527.3419.ckpt,a2f8b0f39411e199e73ee22a8ae3055d3fc4218fa9d670b31af93d2e190df291,672faa9fb7cb4499da17d6a3afbd65a9301f170f,output/seed_runs/s5_full__seed23/test_preds.csv
naive_persistence,Naive persistence,test,2024-05-05,2024-05-06,1714978800,64031.1289062,63161.9492188,64031.1289062,0,,,,derived: predicted_close=current_close
cmamba_v_reproduced,Reproduced CM-v,test,2024-05-06,2024-05-07,1715065200,63161.9492188,62334.8203125,64067.1054688,136952,output/seed_runs/cmamba_v__seed23/epoch949-val-rmse572.6860.ckpt,afb28215d656ea54421efb00e3c60ec9d8a818fff186c194be9a98b55dcecdf0,672faa9fb7cb4499da17d6a3afbd65a9301f170f,output/evaluation/forecast_predictions.csv
s5_full,CMamba-T / S5-Full,test,2024-05-06,2024-05-07,1715065200,63161.9492188,62334.8203125,63046.875,57249,output/seed_runs/s5_full__seed23/epoch321-val-rmse527.3419.ckpt,a2f8b0f39411e199e73ee22a8ae3055d3fc4218fa9d670b31af93d2e190df291,672faa9fb7cb4499da17d6a3afbd65a9301f170f,output/seed_runs/s5_full__seed23/test_preds.csv
naive_persistence,Naive persistence,test,2024-05-06,2024-05-07,1715065200,63161.9492188,62334.8203125,63161.9492188,0,,,,derived: predicted_close=current_close
cmamba_v_reproduced,Reproduced CM-v,test,2024-05-07,2024-05-08,1715151600,62334.8203125,61187.9414062,62990.2851562,136952,output/seed_runs/cmamba_v__seed23/epoch949-val-rmse572.6860.ckpt,afb28215d656ea54421efb00e3c60ec9d8a818fff186c194be9a98b55dcecdf0,672faa9fb7cb4499da17d6a3afbd65a9301f170f,output/evaluation/forecast_predictions.csv
s5_full,CMamba-T / S5-Full,test,2024-05-07,2024-05-08,1715151600,62334.8203125,61187.9414062,62204.7890625,57249,output/seed_runs/s5_full__seed23/epoch321-val-rmse527.3419.ckpt,a2f8b0f39411e199e73ee22a8ae3055d3fc4218fa9d670b31af93d2e190df291,672faa9fb7cb4499da17d6a3afbd65a9301f170f,output/seed_runs/s5_full__seed23/test_preds.csv
naive_persistence,Naive persistence,test,2024-05-07,2024-05-08,1715151600,62334.8203125,61187.9414062,62334.8203125,0,,,,derived: predicted_close=current_close
cmamba_v_reproduced,Reproduced CM-v,test,2024-05-08,2024-05-09,1715238000,61187.9414062,63049.9609375,61735.0820312,136952,output/seed_runs/cmamba_v__seed23/epoch949-val-rmse572.6860.ckpt,afb28215d656ea54421efb00e3c60ec9d8a818fff186c194be9a98b55dcecdf0,672faa9fb7cb4499da17d6a3afbd65a9301f170f,output/evaluation/forecast_predictions.csv
s5_full,CMamba-T / S5-Full,test,2024-05-08,2024-05-09,1715238000,61187.9414062,63049.9609375,60995.34375,57249,output/seed_runs/s5_full__seed23/epoch321-val-rmse527.3419.ckpt,a2f8b0f39411e199e73ee22a8ae3055d3fc4218fa9d670b31af93d2e190df291,672faa9fb7cb4499da17d6a3afbd65a9301f170f,output/seed_runs/s5_full__seed23/test_preds.csv
naive_persistence,Naive persistence,test,2024-05-08,2024-05-09,1715238000,61187.9414062,63049.9609375,61187.9414062,0,,,,derived: predicted_close=current_close
cmamba_v_reproduced,Reproduced CM-v,test,2024-05-09,2024-05-10,1715324400,63049.9609375,60792.78125,61784.8710938,136952,output/seed_runs/cmamba_v__seed23/epoch949-val-rmse572.6860.ckpt,afb28215d656ea54421efb00e3c60ec9d8a818fff186c194be9a98b55dcecdf0,672faa9fb7cb4499da17d6a3afbd65a9301f170f,output/evaluation/forecast_predictions.csv
s5_full,CMamba-T / S5-Full,test,2024-05-09,2024-05-10,1715324400,63049.9609375,60792.78125,62785.609375,57249,output/seed_runs/s5_full__seed23/epoch321-val-rmse527.3419.ckpt,a2f8b0f39411e199e73ee22a8ae3055d3fc4218fa9d670b31af93d2e190df291,672faa9fb7cb4499da17d6a3afbd65a9301f170f,output/seed_runs/s5_full__seed23/test_preds.csv
naive_persistence,Naive persistence,test,2024-05-09,2024-05-10,1715324400,63049.9609375,60792.78125,63049.9609375,0,,,,derived: predicted_close=current_close
cmamba_v_reproduced,Reproduced CM-v,test,2024-05-10,2024-05-11,1715410800,60792.78125,60793.7109375,61269.8632812,136952,output/seed_runs/cmamba_v__seed23/epoch949-val-rmse572.6860.ckpt,afb28215d656ea54421efb00e3c60ec9d8a818fff186c194be9a98b55dcecdf0,672faa9fb7cb4499da17d6a3afbd65a9301f170f,output/evaluation/forecast_predictions.csv
s5_full,CMamba-T / S5-Full,test,2024-05-10,2024-05-11,1715410800,60792.78125,60793.7109375,60547.6367188,57249,output/seed_runs/s5_full__seed23/epoch321-val-rmse527.3419.ckpt,a2f8b0f39411e199e73ee22a8ae3055d3fc4218fa9d670b31af93d2e190df291,672faa9fb7cb4499da17d6a3afbd65a9301f170f,output/seed_runs/s5_full__seed23/test_preds.csv
naive_persistence,Naive persistence,test,2024-05-10,2024-05-11,1715410800,60792.78125,60793.7109375,60792.78125,0,,,,derived: predicted_close=current_close
cmamba_v_reproduced,Reproduced CM-v,test,2024-05-11,2024-05-12,1715497200,60793.7109375,61448.390625,60762.0820312,136952,output/seed_runs/cmamba_v__seed23/epoch949-val-rmse572.6860.ckpt,afb28215d656ea54421efb00e3c60ec9d8a818fff186c194be9a98b55dcecdf0,672faa9fb7cb4499da17d6a3afbd65a9301f170f,output/evaluation/forecast_predictions.csv
s5_full,CMamba-T / S5-Full,test,2024-05-11,2024-05-12,1715497200,60793.7109375,61448.390625,60498.8710938,57249,output/seed_runs/s5_full__seed23/epoch321-val-rmse527.3419.ckpt,a2f8b0f39411e199e73ee22a8ae3055d3fc4218fa9d670b31af93d2e190df291,672faa9fb7cb4499da17d6a3afbd65a9301f170f,output/seed_runs/s5_full__seed23/test_preds.csv
naive_persistence,Naive persistence,test,2024-05-11,2024-05-12,1715497200,60793.7109375,61448.390625,60793.7109375,0,,,,derived: predicted_close=current_close
cmamba_v_reproduced,Reproduced CM-v,test,2024-05-12,2024-05-13,1715583600,61448.390625,62901.4492188,61889.9375,136952,output/seed_runs/cmamba_v__seed23/epoch949-val-rmse572.6860.ckpt,afb28215d656ea54421efb00e3c60ec9d8a818fff186c194be9a98b55dcecdf0,672faa9fb7cb4499da17d6a3afbd65a9301f170f,output/evaluation/forecast_predictions.csv
s5_full,CMamba-T / S5-Full,test,2024-05-12,2024-05-13,1715583600,61448.390625,62901.4492188,61170.7539062,57249,output/seed_runs/s5_full__seed23/epoch321-val-rmse527.3419.ckpt,a2f8b0f39411e199e73ee22a8ae3055d3fc4218fa9d670b31af93d2e190df291,672faa9fb7cb4499da17d6a3afbd65a9301f170f,output/seed_runs/s5_full__seed23/test_preds.csv
naive_persistence,Naive persistence,test,2024-05-12,2024-05-13,1715583600,61448.390625,62901.4492188,61448.390625,0,,,,derived: predicted_close=current_close
cmamba_v_reproduced,Reproduced CM-v,test,2024-05-13,2024-05-14,1715670000,62901.4492188,61552.7890625,62286.0976562,136952,output/seed_runs/cmamba_v__seed23/epoch949-val-rmse572.6860.ckpt,afb28215d656ea54421efb00e3c60ec9d8a818fff186c194be9a98b55dcecdf0,672faa9fb7cb4499da17d6a3afbd65a9301f170f,output/evaluation/forecast_predictions.csv
s5_full,CMamba-T / S5-Full,test,2024-05-13,2024-05-14,1715670000,62901.4492188,61552.7890625,62732.6875,57249,output/seed_runs/s5_full__seed23/epoch321-val-rmse527.3419.ckpt,a2f8b0f39411e199e73ee22a8ae3055d3fc4218fa9d670b31af93d2e190df291,672faa9fb7cb4499da17d6a3afbd65a9301f170f,output/seed_runs/s5_full__seed23/test_preds.csv
naive_persistence,Naive persistence,test,2024-05-13,2024-05-14,1715670000,62901.4492188,61552.7890625,62901.4492188,0,,,,derived: predicted_close=current_close
cmamba_v_reproduced,Reproduced CM-v,test,2024-05-14,2024-05-15,1715756400,61552.7890625,66267.4921875,62062.3203125,136952,output/seed_runs/cmamba_v__seed23/epoch949-val-rmse572.6860.ckpt,afb28215d656ea54421efb00e3c60ec9d8a818fff186c194be9a98b55dcecdf0,672faa9fb7cb4499da17d6a3afbd65a9301f170f,output/evaluation/forecast_predictions.csv
s5_full,CMamba-T / S5-Full,test,2024-05-14,2024-05-15,1715756400,61552.7890625,66267.4921875,61489.296875,57249,output/seed_runs/s5_full__seed23/epoch321-val-rmse527.3419.ckpt,a2f8b0f39411e199e73ee22a8ae3055d3fc4218fa9d670b31af93d2e190df291,672faa9fb7cb4499da17d6a3afbd65a9301f170f,output/seed_runs/s5_full__seed23/test_preds.csv
naive_persistence,Naive persistence,test,2024-05-14,2024-05-15,1715756400,61552.7890625,66267.4921875,61552.7890625,0,,,,derived: predicted_close=current_close
cmamba_v_reproduced,Reproduced CM-v,test,2024-05-15,2024-05-16,1715842800,66267.4921875,65231.578125,64603.25,136952,output/seed_runs/cmamba_v__seed23/epoch949-val-rmse572.6860.ckpt,afb28215d656ea54421efb00e3c60ec9d8a818fff186c194be9a98b55dcecdf0,672faa9fb7cb4499da17d6a3afbd65a9301f170f,output/evaluation/forecast_predictions.csv
s5_full,CMamba-T / S5-Full,test,2024-05-15,2024-05-16,1715842800,66267.4921875,65231.578125,66208.5390625,57249,output/seed_runs/s5_full__seed23/epoch321-val-rmse527.3419.ckpt,a2f8b0f39411e199e73ee22a8ae3055d3fc4218fa9d670b31af93d2e190df291,672faa9fb7cb4499da17d6a3afbd65a9301f170f,output/seed_runs/s5_full__seed23/test_preds.csv
naive_persistence,Naive persistence,test,2024-05-15,2024-05-16,1715842800,66267.4921875,65231.578125,66267.4921875,0,,,,derived: predicted_close=current_close
cmamba_v_reproduced,Reproduced CM-v,test,2024-05-16,2024-05-17,1715929200,65231.578125,67051.8828125,65917.53125,136952,output/seed_runs/cmamba_v__seed23/epoch949-val-rmse572.6860.ckpt,afb28215d656ea54421efb00e3c60ec9d8a818fff186c194be9a98b55dcecdf0,672faa9fb7cb4499da17d6a3afbd65a9301f170f,output/evaluation/forecast_predictions.csv
s5_full,CMamba-T / S5-Full,test,2024-05-16,2024-05-17,1715929200,65231.578125,67051.8828125,65091.265625,57249,output/seed_runs/s5_full__seed23/epoch321-val-rmse527.3419.ckpt,a2f8b0f39411e199e73ee22a8ae3055d3fc4218fa9d670b31af93d2e190df291,672faa9fb7cb4499da17d6a3afbd65a9301f170f,output/seed_runs/s5_full__seed23/test_preds.csv
naive_persistence,Naive persistence,test,2024-05-16,2024-05-17,1715929200,65231.578125,67051.8828125,65231.578125,0,,,,derived: predicted_close=current_close
cmamba_v_reproduced,Reproduced CM-v,test,2024-05-17,2024-05-18,1716015600,67051.8828125,66940.796875,66306.5625,136952,output/seed_runs/cmamba_v__seed23/epoch949-val-rmse572.6860.ckpt,afb28215d656ea54421efb00e3c60ec9d8a818fff186c194be9a98b55dcecdf0,672faa9fb7cb4499da17d6a3afbd65a9301f170f,output/evaluation/forecast_predictions.csv
s5_full,CMamba-T / S5-Full,test,2024-05-17,2024-05-18,1716015600,67051.8828125,66940.796875,66960.1640625,57249,output/seed_runs/s5_full__seed23/epoch321-val-rmse527.3419.ckpt,a2f8b0f39411e199e73ee22a8ae3055d3fc4218fa9d670b31af93d2e190df291,672faa9fb7cb4499da17d6a3afbd65a9301f170f,output/seed_runs/s5_full__seed23/test_preds.csv
naive_persistence,Naive persistence,test,2024-05-17,2024-05-18,1716015600,67051.8828125,66940.796875,67051.8828125,0,,,,derived: predicted_close=current_close
cmamba_v_reproduced,Reproduced CM-v,test,2024-05-18,2024-05-19,1716102000,66940.796875,66278.3671875,67681.78125,136952,output/seed_runs/cmamba_v__seed23/epoch949-val-rmse572.6860.ckpt,afb28215d656ea54421efb00e3c60ec9d8a818fff186c194be9a98b55dcecdf0,672faa9fb7cb4499da17d6a3afbd65a9301f170f,output/evaluation/forecast_predictions.csv
s5_full,CMamba-T / S5-Full,test,2024-05-18,2024-05-19,1716102000,66940.796875,66278.3671875,66847.7265625,57249,output/seed_runs/s5_full__seed23/epoch321-val-rmse527.3419.ckpt,a2f8b0f39411e199e73ee22a8ae3055d3fc4218fa9d670b31af93d2e190df291,672faa9fb7cb4499da17d6a3afbd65a9301f170f,output/seed_runs/s5_full__seed23/test_preds.csv
naive_persistence,Naive persistence,test,2024-05-18,2024-05-19,1716102000,66940.796875,66278.3671875,66940.796875,0,,,,derived: predicted_close=current_close
cmamba_v_reproduced,Reproduced CM-v,test,2024-05-19,2024-05-20,1716188400,66278.3671875,71448.203125,66276.875,136952,output/seed_runs/cmamba_v__seed23/epoch949-val-rmse572.6860.ckpt,afb28215d656ea54421efb00e3c60ec9d8a818fff186c194be9a98b55dcecdf0,672faa9fb7cb4499da17d6a3afbd65a9301f170f,output/evaluation/forecast_predictions.csv
s5_full,CMamba-T / S5-Full,test,2024-05-19,2024-05-20,1716188400,66278.3671875,71448.203125,66227.3359375,57249,output/seed_runs/s5_full__seed23/epoch321-val-rmse527.3419.ckpt,a2f8b0f39411e199e73ee22a8ae3055d3fc4218fa9d670b31af93d2e190df291,672faa9fb7cb4499da17d6a3afbd65a9301f170f,output/seed_runs/s5_full__seed23/test_preds.csv
naive_persistence,Naive persistence,test,2024-05-19,2024-05-20,1716188400,66278.3671875,71448.203125,66278.3671875,0,,,,derived: predicted_close=current_close
cmamba_v_reproduced,Reproduced CM-v,test,2024-05-20,2024-05-21,1716274800,71448.203125,70136.53125,69731.9609375,136952,output/seed_runs/cmamba_v__seed23/epoch949-val-rmse572.6860.ckpt,afb28215d656ea54421efb00e3c60ec9d8a818fff186c194be9a98b55dcecdf0,672faa9fb7cb4499da17d6a3afbd65a9301f170f,output/evaluation/forecast_predictions.csv
s5_full,CMamba-T / S5-Full,test,2024-05-20,2024-05-21,1716274800,71448.203125,70136.53125,71478.28125,57249,output/seed_runs/s5_full__seed23/epoch321-val-rmse527.3419.ckpt,a2f8b0f39411e199e73ee22a8ae3055d3fc4218fa9d670b31af93d2e190df291,672faa9fb7cb4499da17d6a3afbd65a9301f170f,output/seed_runs/s5_full__seed23/test_preds.csv
naive_persistence,Naive persistence,test,2024-05-20,2024-05-21,1716274800,71448.203125,70136.53125,71448.203125,0,,,,derived: predicted_close=current_close
cmamba_v_reproduced,Reproduced CM-v,test,2024-05-21,2024-05-22,1716361200,70136.53125,69122.34375,71522.6953125,136952,output/seed_runs/cmamba_v__seed23/epoch949-val-rmse572.6860.ckpt,afb28215d656ea54421efb00e3c60ec9d8a818fff186c194be9a98b55dcecdf0,672faa9fb7cb4499da17d6a3afbd65a9301f170f,output/evaluation/forecast_predictions.csv
s5_full,CMamba-T / S5-Full,test,2024-05-21,2024-05-22,1716361200,70136.53125,69122.34375,70158.8203125,57249,output/seed_runs/s5_full__seed23/epoch321-val-rmse527.3419.ckpt,a2f8b0f39411e199e73ee22a8ae3055d3fc4218fa9d670b31af93d2e190df291,672faa9fb7cb4499da17d6a3afbd65a9301f170f,output/seed_runs/s5_full__seed23/test_preds.csv
naive_persistence,Naive persistence,test,2024-05-21,2024-05-22,1716361200,70136.53125,69122.34375,70136.53125,0,,,,derived: predicted_close=current_close
cmamba_v_reproduced,Reproduced CM-v,test,2024-05-22,2024-05-23,1716447600,69122.34375,67929.5625,68742.25,136952,output/seed_runs/cmamba_v__seed23/epoch949-val-rmse572.6860.ckpt,afb28215d656ea54421efb00e3c60ec9d8a818fff186c194be9a98b55dcecdf0,672faa9fb7cb4499da17d6a3afbd65a9301f170f,output/evaluation/forecast_predictions.csv
s5_full,CMamba-T / S5-Full,test,2024-05-22,2024-05-23,1716447600,69122.34375,67929.5625,69091.359375,57249,output/seed_runs/s5_full__seed23/epoch321-val-rmse527.3419.ckpt,a2f8b0f39411e199e73ee22a8ae3055d3fc4218fa9d670b31af93d2e190df291,672faa9fb7cb4499da17d6a3afbd65a9301f170f,output/seed_runs/s5_full__seed23/test_preds.csv
naive_persistence,Naive persistence,test,2024-05-22,2024-05-23,1716447600,69122.34375,67929.5625,69122.34375,0,,,,derived: predicted_close=current_close
cmamba_v_reproduced,Reproduced CM-v,test,2024-05-23,2024-05-24,1716534000,67929.5625,68526.1015625,68459.4765625,136952,output/seed_runs/cmamba_v__seed23/epoch949-val-rmse572.6860.ckpt,afb28215d656ea54421efb00e3c60ec9d8a818fff186c194be9a98b55dcecdf0,672faa9fb7cb4499da17d6a3afbd65a9301f170f,output/evaluation/forecast_predictions.csv
s5_full,CMamba-T / S5-Full,test,2024-05-23,2024-05-24,1716534000,67929.5625,68526.1015625,67788.4921875,57249,output/seed_runs/s5_full__seed23/epoch321-val-rmse527.3419.ckpt,a2f8b0f39411e199e73ee22a8ae3055d3fc4218fa9d670b31af93d2e190df291,672faa9fb7cb4499da17d6a3afbd65a9301f170f,output/seed_runs/s5_full__seed23/test_preds.csv
naive_persistence,Naive persistence,test,2024-05-23,2024-05-24,1716534000,67929.5625,68526.1015625,67929.5625,0,,,,derived: predicted_close=current_close
cmamba_v_reproduced,Reproduced CM-v,test,2024-05-24,2024-05-25,1716620400,68526.1015625,69265.953125,68425.796875,136952,output/seed_runs/cmamba_v__seed23/epoch949-val-rmse572.6860.ckpt,afb28215d656ea54421efb00e3c60ec9d8a818fff186c194be9a98b55dcecdf0,672faa9fb7cb4499da17d6a3afbd65a9301f170f,output/evaluation/forecast_predictions.csv
s5_full,CMamba-T / S5-Full,test,2024-05-24,2024-05-25,1716620400,68526.1015625,69265.953125,68361.4140625,57249,output/seed_runs/s5_full__seed23/epoch321-val-rmse527.3419.ckpt,a2f8b0f39411e199e73ee22a8ae3055d3fc4218fa9d670b31af93d2e190df291,672faa9fb7cb4499da17d6a3afbd65a9301f170f,output/seed_runs/s5_full__seed23/test_preds.csv
naive_persistence,Naive persistence,test,2024-05-24,2024-05-25,1716620400,68526.1015625,69265.953125,68526.1015625,0,,,,derived: predicted_close=current_close
cmamba_v_reproduced,Reproduced CM-v,test,2024-05-25,2024-05-26,1716706800,69265.953125,68518.09375,69138.6484375,136952,output/seed_runs/cmamba_v__seed23/epoch949-val-rmse572.6860.ckpt,afb28215d656ea54421efb00e3c60ec9d8a818fff186c194be9a98b55dcecdf0,672faa9fb7cb4499da17d6a3afbd65a9301f170f,output/evaluation/forecast_predictions.csv
s5_full,CMamba-T / S5-Full,test,2024-05-25,2024-05-26,1716706800,69265.953125,68518.09375,69153.53125,57249,output/seed_runs/s5_full__seed23/epoch321-val-rmse527.3419.ckpt,a2f8b0f39411e199e73ee22a8ae3055d3fc4218fa9d670b31af93d2e190df291,672faa9fb7cb4499da17d6a3afbd65a9301f170f,output/seed_runs/s5_full__seed23/test_preds.csv
naive_persistence,Naive persistence,test,2024-05-25,2024-05-26,1716706800,69265.953125,68518.09375,69265.953125,0,,,,derived: predicted_close=current_close
cmamba_v_reproduced,Reproduced CM-v,test,2024-05-26,2024-05-27,1716793200,68518.09375,69394.546875,68867.6796875,136952,output/seed_runs/cmamba_v__seed23/epoch949-val-rmse572.6860.ckpt,afb28215d656ea54421efb00e3c60ec9d8a818fff186c194be9a98b55dcecdf0,672faa9fb7cb4499da17d6a3afbd65a9301f170f,output/evaluation/forecast_predictions.csv
s5_full,CMamba-T / S5-Full,test,2024-05-26,2024-05-27,1716793200,68518.09375,69394.546875,68446.6171875,57249,output/seed_runs/s5_full__seed23/epoch321-val-rmse527.3419.ckpt,a2f8b0f39411e199e73ee22a8ae3055d3fc4218fa9d670b31af93d2e190df291,672faa9fb7cb4499da17d6a3afbd65a9301f170f,output/seed_runs/s5_full__seed23/test_preds.csv
naive_persistence,Naive persistence,test,2024-05-26,2024-05-27,1716793200,68518.09375,69394.546875,68518.09375,0,,,,derived: predicted_close=current_close
cmamba_v_reproduced,Reproduced CM-v,test,2024-05-27,2024-05-28,1716879600,69394.546875,68296.21875,68847.59375,136952,output/seed_runs/cmamba_v__seed23/epoch949-val-rmse572.6860.ckpt,afb28215d656ea54421efb00e3c60ec9d8a818fff186c194be9a98b55dcecdf0,672faa9fb7cb4499da17d6a3afbd65a9301f170f,output/evaluation/forecast_predictions.csv
s5_full,CMamba-T / S5-Full,test,2024-05-27,2024-05-28,1716879600,69394.546875,68296.21875,69409.1328125,57249,output/seed_runs/s5_full__seed23/epoch321-val-rmse527.3419.ckpt,a2f8b0f39411e199e73ee22a8ae3055d3fc4218fa9d670b31af93d2e190df291,672faa9fb7cb4499da17d6a3afbd65a9301f170f,output/seed_runs/s5_full__seed23/test_preds.csv
naive_persistence,Naive persistence,test,2024-05-27,2024-05-28,1716879600,69394.546875,68296.21875,69394.546875,0,,,,derived: predicted_close=current_close
cmamba_v_reproduced,Reproduced CM-v,test,2024-05-28,2024-05-29,1716966000,68296.21875,67578.09375,68588.921875,136952,output/seed_runs/cmamba_v__seed23/epoch949-val-rmse572.6860.ckpt,afb28215d656ea54421efb00e3c60ec9d8a818fff186c194be9a98b55dcecdf0,672faa9fb7cb4499da17d6a3afbd65a9301f170f,output/evaluation/forecast_predictions.csv
s5_full,CMamba-T / S5-Full,test,2024-05-28,2024-05-29,1716966000,68296.21875,67578.09375,68309.0859375,57249,output/seed_runs/s5_full__seed23/epoch321-val-rmse527.3419.ckpt,a2f8b0f39411e199e73ee22a8ae3055d3fc4218fa9d670b31af93d2e190df291,672faa9fb7cb4499da17d6a3afbd65a9301f170f,output/seed_runs/s5_full__seed23/test_preds.csv
naive_persistence,Naive persistence,test,2024-05-28,2024-05-29,1716966000,68296.21875,67578.09375,68296.21875,0,,,,derived: predicted_close=current_close
cmamba_v_reproduced,Reproduced CM-v,test,2024-05-29,2024-05-30,1717052400,67578.09375,68364.9921875,68218.421875,136952,output/seed_runs/cmamba_v__seed23/epoch949-val-rmse572.6860.ckpt,afb28215d656ea54421efb00e3c60ec9d8a818fff186c194be9a98b55dcecdf0,672faa9fb7cb4499da17d6a3afbd65a9301f170f,output/evaluation/forecast_predictions.csv
s5_full,CMamba-T / S5-Full,test,2024-05-29,2024-05-30,1717052400,67578.09375,68364.9921875,67502.1640625,57249,output/seed_runs/s5_full__seed23/epoch321-val-rmse527.3419.ckpt,a2f8b0f39411e199e73ee22a8ae3055d3fc4218fa9d670b31af93d2e190df291,672faa9fb7cb4499da17d6a3afbd65a9301f170f,output/seed_runs/s5_full__seed23/test_preds.csv
naive_persistence,Naive persistence,test,2024-05-29,2024-05-30,1717052400,67578.09375,68364.9921875,67578.09375,0,,,,derived: predicted_close=current_close
cmamba_v_reproduced,Reproduced CM-v,test,2024-05-30,2024-05-31,1717138800,68364.9921875,67491.40625,68218.5703125,136952,output/seed_runs/cmamba_v__seed23/epoch949-val-rmse572.6860.ckpt,afb28215d656ea54421efb00e3c60ec9d8a818fff186c194be9a98b55dcecdf0,672faa9fb7cb4499da17d6a3afbd65a9301f170f,output/evaluation/forecast_predictions.csv
s5_full,CMamba-T / S5-Full,test,2024-05-30,2024-05-31,1717138800,68364.9921875,67491.40625,68277.6640625,57249,output/seed_runs/s5_full__seed23/epoch321-val-rmse527.3419.ckpt,a2f8b0f39411e199e73ee22a8ae3055d3fc4218fa9d670b31af93d2e190df291,672faa9fb7cb4499da17d6a3afbd65a9301f170f,output/seed_runs/s5_full__seed23/test_preds.csv
naive_persistence,Naive persistence,test,2024-05-30,2024-05-31,1717138800,68364.9921875,67491.40625,68364.9921875,0,,,,derived: predicted_close=current_close
cmamba_v_reproduced,Reproduced CM-v,test,2024-05-31,2024-06-01,1717225200,67491.40625,67706.9375,67312.8828125,136952,output/seed_runs/cmamba_v__seed23/epoch949-val-rmse572.6860.ckpt,afb28215d656ea54421efb00e3c60ec9d8a818fff186c194be9a98b55dcecdf0,672faa9fb7cb4499da17d6a3afbd65a9301f170f,output/evaluation/forecast_predictions.csv
s5_full,CMamba-T / S5-Full,test,2024-05-31,2024-06-01,1717225200,67491.40625,67706.9375,67424.6171875,57249,output/seed_runs/s5_full__seed23/epoch321-val-rmse527.3419.ckpt,a2f8b0f39411e199e73ee22a8ae3055d3fc4218fa9d670b31af93d2e190df291,672faa9fb7cb4499da17d6a3afbd65a9301f170f,output/seed_runs/s5_full__seed23/test_preds.csv
naive_persistence,Naive persistence,test,2024-05-31,2024-06-01,1717225200,67491.40625,67706.9375,67491.40625,0,,,,derived: predicted_close=current_close
cmamba_v_reproduced,Reproduced CM-v,test,2024-06-01,2024-06-02,1717311600,67706.9375,67751.6015625,67374.140625,136952,output/seed_runs/cmamba_v__seed23/epoch949-val-rmse572.6860.ckpt,afb28215d656ea54421efb00e3c60ec9d8a818fff186c194be9a98b55dcecdf0,672faa9fb7cb4499da17d6a3afbd65a9301f170f,output/evaluation/forecast_predictions.csv
s5_full,CMamba-T / S5-Full,test,2024-06-01,2024-06-02,1717311600,67706.9375,67751.6015625,67619.71875,57249,output/seed_runs/s5_full__seed23/epoch321-val-rmse527.3419.ckpt,a2f8b0f39411e199e73ee22a8ae3055d3fc4218fa9d670b31af93d2e190df291,672faa9fb7cb4499da17d6a3afbd65a9301f170f,output/seed_runs/s5_full__seed23/test_preds.csv
naive_persistence,Naive persistence,test,2024-06-01,2024-06-02,1717311600,67706.9375,67751.6015625,67706.9375,0,,,,derived: predicted_close=current_close
cmamba_v_reproduced,Reproduced CM-v,test,2024-06-02,2024-06-03,1717398000,67751.6015625,68804.78125,68150.859375,136952,output/seed_runs/cmamba_v__seed23/epoch949-val-rmse572.6860.ckpt,afb28215d656ea54421efb00e3c60ec9d8a818fff186c194be9a98b55dcecdf0,672faa9fb7cb4499da17d6a3afbd65a9301f170f,output/evaluation/forecast_predictions.csv
s5_full,CMamba-T / S5-Full,test,2024-06-02,2024-06-03,1717398000,67751.6015625,68804.78125,67684.9375,57249,output/seed_runs/s5_full__seed23/epoch321-val-rmse527.3419.ckpt,a2f8b0f39411e199e73ee22a8ae3055d3fc4218fa9d670b31af93d2e190df291,672faa9fb7cb4499da17d6a3afbd65a9301f170f,output/seed_runs/s5_full__seed23/test_preds.csv
naive_persistence,Naive persistence,test,2024-06-02,2024-06-03,1717398000,67751.6015625,68804.78125,67751.6015625,0,,,,derived: predicted_close=current_close
cmamba_v_reproduced,Reproduced CM-v,test,2024-06-03,2024-06-04,1717484400,68804.78125,70567.7734375,68679.953125,136952,output/seed_runs/cmamba_v__seed23/epoch949-val-rmse572.6860.ckpt,afb28215d656ea54421efb00e3c60ec9d8a818fff186c194be9a98b55dcecdf0,672faa9fb7cb4499da17d6a3afbd65a9301f170f,output/evaluation/forecast_predictions.csv
s5_full,CMamba-T / S5-Full,test,2024-06-03,2024-06-04,1717484400,68804.78125,70567.7734375,68803.8515625,57249,output/seed_runs/s5_full__seed23/epoch321-val-rmse527.3419.ckpt,a2f8b0f39411e199e73ee22a8ae3055d3fc4218fa9d670b31af93d2e190df291,672faa9fb7cb4499da17d6a3afbd65a9301f170f,output/seed_runs/s5_full__seed23/test_preds.csv
naive_persistence,Naive persistence,test,2024-06-03,2024-06-04,1717484400,68804.78125,70567.7734375,68804.78125,0,,,,derived: predicted_close=current_close
cmamba_v_reproduced,Reproduced CM-v,test,2024-06-04,2024-06-05,1717570800,70567.7734375,71082.8203125,70230.7421875,136952,output/seed_runs/cmamba_v__seed23/epoch949-val-rmse572.6860.ckpt,afb28215d656ea54421efb00e3c60ec9d8a818fff186c194be9a98b55dcecdf0,672faa9fb7cb4499da17d6a3afbd65a9301f170f,output/evaluation/forecast_predictions.csv
s5_full,CMamba-T / S5-Full,test,2024-06-04,2024-06-05,1717570800,70567.7734375,71082.8203125,70609.1953125,57249,output/seed_runs/s5_full__seed23/epoch321-val-rmse527.3419.ckpt,a2f8b0f39411e199e73ee22a8ae3055d3fc4218fa9d670b31af93d2e190df291,672faa9fb7cb4499da17d6a3afbd65a9301f170f,output/seed_runs/s5_full__seed23/test_preds.csv
naive_persistence,Naive persistence,test,2024-06-04,2024-06-05,1717570800,70567.7734375,71082.8203125,70567.7734375,0,,,,derived: predicted_close=current_close
cmamba_v_reproduced,Reproduced CM-v,test,2024-06-05,2024-06-06,1717657200,71082.8203125,70757.15625,71226.546875,136952,output/seed_runs/cmamba_v__seed23/epoch949-val-rmse572.6860.ckpt,afb28215d656ea54421efb00e3c60ec9d8a818fff186c194be9a98b55dcecdf0,672faa9fb7cb4499da17d6a3afbd65a9301f170f,output/evaluation/forecast_predictions.csv
s5_full,CMamba-T / S5-Full,test,2024-06-05,2024-06-06,1717657200,71082.8203125,70757.15625,71099.421875,57249,output/seed_runs/s5_full__seed23/epoch321-val-rmse527.3419.ckpt,a2f8b0f39411e199e73ee22a8ae3055d3fc4218fa9d670b31af93d2e190df291,672faa9fb7cb4499da17d6a3afbd65a9301f170f,output/seed_runs/s5_full__seed23/test_preds.csv
naive_persistence,Naive persistence,test,2024-06-05,2024-06-06,1717657200,71082.8203125,70757.15625,71082.8203125,0,,,,derived: predicted_close=current_close
cmamba_v_reproduced,Reproduced CM-v,test,2024-06-06,2024-06-07,1717743600,70757.15625,69342.59375,70614.515625,136952,output/seed_runs/cmamba_v__seed23/epoch949-val-rmse572.6860.ckpt,afb28215d656ea54421efb00e3c60ec9d8a818fff186c194be9a98b55dcecdf0,672faa9fb7cb4499da17d6a3afbd65a9301f170f,output/evaluation/forecast_predictions.csv
s5_full,CMamba-T / S5-Full,test,2024-06-06,2024-06-07,1717743600,70757.15625,69342.59375,70722.953125,57249,output/seed_runs/s5_full__seed23/epoch321-val-rmse527.3419.ckpt,a2f8b0f39411e199e73ee22a8ae3055d3fc4218fa9d670b31af93d2e190df291,672faa9fb7cb4499da17d6a3afbd65a9301f170f,output/seed_runs/s5_full__seed23/test_preds.csv
naive_persistence,Naive persistence,test,2024-06-06,2024-06-07,1717743600,70757.15625,69342.59375,70757.15625,0,,,,derived: predicted_close=current_close
cmamba_v_reproduced,Reproduced CM-v,test,2024-06-07,2024-06-08,1717830000,69342.59375,69305.7734375,70073.28125,136952,output/seed_runs/cmamba_v__seed23/epoch949-val-rmse572.6860.ckpt,afb28215d656ea54421efb00e3c60ec9d8a818fff186c194be9a98b55dcecdf0,672faa9fb7cb4499da17d6a3afbd65a9301f170f,output/evaluation/forecast_predictions.csv
s5_full,CMamba-T / S5-Full,test,2024-06-07,2024-06-08,1717830000,69342.59375,69305.7734375,69264.3828125,57249,output/seed_runs/s5_full__seed23/epoch321-val-rmse527.3419.ckpt,a2f8b0f39411e199e73ee22a8ae3055d3fc4218fa9d670b31af93d2e190df291,672faa9fb7cb4499da17d6a3afbd65a9301f170f,output/seed_runs/s5_full__seed23/test_preds.csv
naive_persistence,Naive persistence,test,2024-06-07,2024-06-08,1717830000,69342.59375,69305.7734375,69342.59375,0,,,,derived: predicted_close=current_close
cmamba_v_reproduced,Reproduced CM-v,test,2024-06-08,2024-06-09,1717916400,69305.7734375,69647.9921875,69200.921875,136952,output/seed_runs/cmamba_v__seed23/epoch949-val-rmse572.6860.ckpt,afb28215d656ea54421efb00e3c60ec9d8a818fff186c194be9a98b55dcecdf0,672faa9fb7cb4499da17d6a3afbd65a9301f170f,output/evaluation/forecast_predictions.csv
s5_full,CMamba-T / S5-Full,test,2024-06-08,2024-06-09,1717916400,69305.7734375,69647.9921875,69218.6328125,57249,output/seed_runs/s5_full__seed23/epoch321-val-rmse527.3419.ckpt,a2f8b0f39411e199e73ee22a8ae3055d3fc4218fa9d670b31af93d2e190df291,672faa9fb7cb4499da17d6a3afbd65a9301f170f,output/seed_runs/s5_full__seed23/test_preds.csv
naive_persistence,Naive persistence,test,2024-06-08,2024-06-09,1717916400,69305.7734375,69647.9921875,69305.7734375,0,,,,derived: predicted_close=current_close
cmamba_v_reproduced,Reproduced CM-v,test,2024-06-09,2024-06-10,1718002800,69647.9921875,69512.28125,69496.0390625,136952,output/seed_runs/cmamba_v__seed23/epoch949-val-rmse572.6860.ckpt,afb28215d656ea54421efb00e3c60ec9d8a818fff186c194be9a98b55dcecdf0,672faa9fb7cb4499da17d6a3afbd65a9301f170f,output/evaluation/forecast_predictions.csv
s5_full,CMamba-T / S5-Full,test,2024-06-09,2024-06-10,1718002800,69647.9921875,69512.28125,69574.671875,57249,output/seed_runs/s5_full__seed23/epoch321-val-rmse527.3419.ckpt,a2f8b0f39411e199e73ee22a8ae3055d3fc4218fa9d670b31af93d2e190df291,672faa9fb7cb4499da17d6a3afbd65a9301f170f,output/seed_runs/s5_full__seed23/test_preds.csv
naive_persistence,Naive persistence,test,2024-06-09,2024-06-10,1718002800,69647.9921875,69512.28125,69647.9921875,0,,,,derived: predicted_close=current_close
cmamba_v_reproduced,Reproduced CM-v,test,2024-06-10,2024-06-11,1718089200,69512.28125,67332.03125,69569.2421875,136952,output/seed_runs/cmamba_v__seed23/epoch949-val-rmse572.6860.ckpt,afb28215d656ea54421efb00e3c60ec9d8a818fff186c194be9a98b55dcecdf0,672faa9fb7cb4499da17d6a3afbd65a9301f170f,output/evaluation/forecast_predictions.csv
s5_full,CMamba-T / S5-Full,test,2024-06-10,2024-06-11,1718089200,69512.28125,67332.03125,69520.8828125,57249,output/seed_runs/s5_full__seed23/epoch321-val-rmse527.3419.ckpt,a2f8b0f39411e199e73ee22a8ae3055d3fc4218fa9d670b31af93d2e190df291,672faa9fb7cb4499da17d6a3afbd65a9301f170f,output/seed_runs/s5_full__seed23/test_preds.csv
naive_persistence,Naive persistence,test,2024-06-10,2024-06-11,1718089200,69512.28125,67332.03125,69512.28125,0,,,,derived: predicted_close=current_close
cmamba_v_reproduced,Reproduced CM-v,test,2024-06-11,2024-06-12,1718175600,67332.03125,68241.1875,67454.71875,136952,output/seed_runs/cmamba_v__seed23/epoch949-val-rmse572.6860.ckpt,afb28215d656ea54421efb00e3c60ec9d8a818fff186c194be9a98b55dcecdf0,672faa9fb7cb4499da17d6a3afbd65a9301f170f,output/evaluation/forecast_predictions.csv
s5_full,CMamba-T / S5-Full,test,2024-06-11,2024-06-12,1718175600,67332.03125,68241.1875,67435.015625,57249,output/seed_runs/s5_full__seed23/epoch321-val-rmse527.3419.ckpt,a2f8b0f39411e199e73ee22a8ae3055d3fc4218fa9d670b31af93d2e190df291,672faa9fb7cb4499da17d6a3afbd65a9301f170f,output/seed_runs/s5_full__seed23/test_preds.csv
naive_persistence,Naive persistence,test,2024-06-11,2024-06-12,1718175600,67332.03125,68241.1875,67332.03125,0,,,,derived: predicted_close=current_close
cmamba_v_reproduced,Reproduced CM-v,test,2024-06-12,2024-06-13,1718262000,68241.1875,66756.3984375,68376.75,136952,output/seed_runs/cmamba_v__seed23/epoch949-val-rmse572.6860.ckpt,afb28215d656ea54421efb00e3c60ec9d8a818fff186c194be9a98b55dcecdf0,672faa9fb7cb4499da17d6a3afbd65a9301f170f,output/evaluation/forecast_predictions.csv
s5_full,CMamba-T / S5-Full,test,2024-06-12,2024-06-13,1718262000,68241.1875,66756.3984375,68331.6171875,57249,output/seed_runs/s5_full__seed23/epoch321-val-rmse527.3419.ckpt,a2f8b0f39411e199e73ee22a8ae3055d3fc4218fa9d670b31af93d2e190df291,672faa9fb7cb4499da17d6a3afbd65a9301f170f,output/seed_runs/s5_full__seed23/test_preds.csv
naive_persistence,Naive persistence,test,2024-06-12,2024-06-13,1718262000,68241.1875,66756.3984375,68241.1875,0,,,,derived: predicted_close=current_close
cmamba_v_reproduced,Reproduced CM-v,test,2024-06-13,2024-06-14,1718348400,66756.3984375,66011.09375,67291.734375,136952,output/seed_runs/cmamba_v__seed23/epoch949-val-rmse572.6860.ckpt,afb28215d656ea54421efb00e3c60ec9d8a818fff186c194be9a98b55dcecdf0,672faa9fb7cb4499da17d6a3afbd65a9301f170f,output/evaluation/forecast_predictions.csv
s5_full,CMamba-T / S5-Full,test,2024-06-13,2024-06-14,1718348400,66756.3984375,66011.09375,66758.5859375,57249,output/seed_runs/s5_full__seed23/epoch321-val-rmse527.3419.ckpt,a2f8b0f39411e199e73ee22a8ae3055d3fc4218fa9d670b31af93d2e190df291,672faa9fb7cb4499da17d6a3afbd65a9301f170f,output/seed_runs/s5_full__seed23/test_preds.csv
naive_persistence,Naive persistence,test,2024-06-13,2024-06-14,1718348400,66756.3984375,66011.09375,66756.3984375,0,,,,derived: predicted_close=current_close
cmamba_v_reproduced,Reproduced CM-v,test,2024-06-14,2024-06-15,1718434800,66011.09375,66191,65769.4609375,136952,output/seed_runs/cmamba_v__seed23/epoch949-val-rmse572.6860.ckpt,afb28215d656ea54421efb00e3c60ec9d8a818fff186c194be9a98b55dcecdf0,672faa9fb7cb4499da17d6a3afbd65a9301f170f,output/evaluation/forecast_predictions.csv
s5_full,CMamba-T / S5-Full,test,2024-06-14,2024-06-15,1718434800,66011.09375,66191,65925.328125,57249,output/seed_runs/s5_full__seed23/epoch321-val-rmse527.3419.ckpt,a2f8b0f39411e199e73ee22a8ae3055d3fc4218fa9d670b31af93d2e190df291,672faa9fb7cb4499da17d6a3afbd65a9301f170f,output/seed_runs/s5_full__seed23/test_preds.csv
naive_persistence,Naive persistence,test,2024-06-14,2024-06-15,1718434800,66011.09375,66191,66011.09375,0,,,,derived: predicted_close=current_close
cmamba_v_reproduced,Reproduced CM-v,test,2024-06-15,2024-06-16,1718521200,66191,66639.046875,66184.328125,136952,output/seed_runs/cmamba_v__seed23/epoch949-val-rmse572.6860.ckpt,afb28215d656ea54421efb00e3c60ec9d8a818fff186c194be9a98b55dcecdf0,672faa9fb7cb4499da17d6a3afbd65a9301f170f,output/evaluation/forecast_predictions.csv
s5_full,CMamba-T / S5-Full,test,2024-06-15,2024-06-16,1718521200,66191,66639.046875,66097.328125,57249,output/seed_runs/s5_full__seed23/epoch321-val-rmse527.3419.ckpt,a2f8b0f39411e199e73ee22a8ae3055d3fc4218fa9d670b31af93d2e190df291,672faa9fb7cb4499da17d6a3afbd65a9301f170f,output/seed_runs/s5_full__seed23/test_preds.csv
naive_persistence,Naive persistence,test,2024-06-15,2024-06-16,1718521200,66191,66639.046875,66191,0,,,,derived: predicted_close=current_close
cmamba_v_reproduced,Reproduced CM-v,test,2024-06-16,2024-06-17,1718607600,66639.046875,66490.296875,66140.609375,136952,output/seed_runs/cmamba_v__seed23/epoch949-val-rmse572.6860.ckpt,afb28215d656ea54421efb00e3c60ec9d8a818fff186c194be9a98b55dcecdf0,672faa9fb7cb4499da17d6a3afbd65a9301f170f,output/evaluation/forecast_predictions.csv
s5_full,CMamba-T / S5-Full,test,2024-06-16,2024-06-17,1718607600,66639.046875,66490.296875,66579.078125,57249,output/seed_runs/s5_full__seed23/epoch321-val-rmse527.3419.ckpt,a2f8b0f39411e199e73ee22a8ae3055d3fc4218fa9d670b31af93d2e190df291,672faa9fb7cb4499da17d6a3afbd65a9301f170f,output/seed_runs/s5_full__seed23/test_preds.csv
naive_persistence,Naive persistence,test,2024-06-16,2024-06-17,1718607600,66639.046875,66490.296875,66639.046875,0,,,,derived: predicted_close=current_close
cmamba_v_reproduced,Reproduced CM-v,test,2024-06-17,2024-06-18,1718694000,66490.296875,65140.75,66256.46875,136952,output/seed_runs/cmamba_v__seed23/epoch949-val-rmse572.6860.ckpt,afb28215d656ea54421efb00e3c60ec9d8a818fff186c194be9a98b55dcecdf0,672faa9fb7cb4499da17d6a3afbd65a9301f170f,output/evaluation/forecast_predictions.csv
s5_full,CMamba-T / S5-Full,test,2024-06-17,2024-06-18,1718694000,66490.296875,65140.75,66543.1953125,57249,output/seed_runs/s5_full__seed23/epoch321-val-rmse527.3419.ckpt,a2f8b0f39411e199e73ee22a8ae3055d3fc4218fa9d670b31af93d2e190df291,672faa9fb7cb4499da17d6a3afbd65a9301f170f,output/seed_runs/s5_full__seed23/test_preds.csv
naive_persistence,Naive persistence,test,2024-06-17,2024-06-18,1718694000,66490.296875,65140.75,66490.296875,0,,,,derived: predicted_close=current_close
cmamba_v_reproduced,Reproduced CM-v,test,2024-06-18,2024-06-19,1718780400,65140.75,64960.3007812,65519.4921875,136952,output/seed_runs/cmamba_v__seed23/epoch949-val-rmse572.6860.ckpt,afb28215d656ea54421efb00e3c60ec9d8a818fff186c194be9a98b55dcecdf0,672faa9fb7cb4499da17d6a3afbd65a9301f170f,output/evaluation/forecast_predictions.csv
s5_full,CMamba-T / S5-Full,test,2024-06-18,2024-06-19,1718780400,65140.75,64960.3007812,65266.8203125,57249,output/seed_runs/s5_full__seed23/epoch321-val-rmse527.3419.ckpt,a2f8b0f39411e199e73ee22a8ae3055d3fc4218fa9d670b31af93d2e190df291,672faa9fb7cb4499da17d6a3afbd65a9301f170f,output/seed_runs/s5_full__seed23/test_preds.csv
naive_persistence,Naive persistence,test,2024-06-18,2024-06-19,1718780400,65140.75,64960.3007812,65140.75,0,,,,derived: predicted_close=current_close
cmamba_v_reproduced,Reproduced CM-v,test,2024-06-19,2024-06-20,1718866800,64960.3007812,64828.6601562,64646.046875,136952,output/seed_runs/cmamba_v__seed23/epoch949-val-rmse572.6860.ckpt,afb28215d656ea54421efb00e3c60ec9d8a818fff186c194be9a98b55dcecdf0,672faa9fb7cb4499da17d6a3afbd65a9301f170f,output/evaluation/forecast_predictions.csv
s5_full,CMamba-T / S5-Full,test,2024-06-19,2024-06-20,1718866800,64960.3007812,64828.6601562,64968.71875,57249,output/seed_runs/s5_full__seed23/epoch321-val-rmse527.3419.ckpt,a2f8b0f39411e199e73ee22a8ae3055d3fc4218fa9d670b31af93d2e190df291,672faa9fb7cb4499da17d6a3afbd65a9301f170f,output/seed_runs/s5_full__seed23/test_preds.csv
naive_persistence,Naive persistence,test,2024-06-19,2024-06-20,1718866800,64960.3007812,64828.6601562,64960.3007812,0,,,,derived: predicted_close=current_close
cmamba_v_reproduced,Reproduced CM-v,test,2024-06-20,2024-06-21,1718953200,64828.6601562,64096.1992188,65386.4101562,136952,output/seed_runs/cmamba_v__seed23/epoch949-val-rmse572.6860.ckpt,afb28215d656ea54421efb00e3c60ec9d8a818fff186c194be9a98b55dcecdf0,672faa9fb7cb4499da17d6a3afbd65a9301f170f,output/evaluation/forecast_predictions.csv
s5_full,CMamba-T / S5-Full,test,2024-06-20,2024-06-21,1718953200,64828.6601562,64096.1992188,64722.4296875,57249,output/seed_runs/s5_full__seed23/epoch321-val-rmse527.3419.ckpt,a2f8b0f39411e199e73ee22a8ae3055d3fc4218fa9d670b31af93d2e190df291,672faa9fb7cb4499da17d6a3afbd65a9301f170f,output/seed_runs/s5_full__seed23/test_preds.csv
naive_persistence,Naive persistence,test,2024-06-20,2024-06-21,1718953200,64828.6601562,64096.1992188,64828.6601562,0,,,,derived: predicted_close=current_close
cmamba_v_reproduced,Reproduced CM-v,test,2024-06-21,2024-06-22,1719039600,64096.1992188,64252.578125,63912.2070312,136952,output/seed_runs/cmamba_v__seed23/epoch949-val-rmse572.6860.ckpt,afb28215d656ea54421efb00e3c60ec9d8a818fff186c194be9a98b55dcecdf0,672faa9fb7cb4499da17d6a3afbd65a9301f170f,output/evaluation/forecast_predictions.csv
s5_full,CMamba-T / S5-Full,test,2024-06-21,2024-06-22,1719039600,64096.1992188,64252.578125,63967.8085938,57249,output/seed_runs/s5_full__seed23/epoch321-val-rmse527.3419.ckpt,a2f8b0f39411e199e73ee22a8ae3055d3fc4218fa9d670b31af93d2e190df291,672faa9fb7cb4499da17d6a3afbd65a9301f170f,output/seed_runs/s5_full__seed23/test_preds.csv
naive_persistence,Naive persistence,test,2024-06-21,2024-06-22,1719039600,64096.1992188,64252.578125,64096.1992188,0,,,,derived: predicted_close=current_close
cmamba_v_reproduced,Reproduced CM-v,test,2024-06-22,2024-06-23,1719126000,64252.578125,63180.8007812,63999.9257812,136952,output/seed_runs/cmamba_v__seed23/epoch949-val-rmse572.6860.ckpt,afb28215d656ea54421efb00e3c60ec9d8a818fff186c194be9a98b55dcecdf0,672faa9fb7cb4499da17d6a3afbd65a9301f170f,output/evaluation/forecast_predictions.csv
s5_full,CMamba-T / S5-Full,test,2024-06-22,2024-06-23,1719126000,64252.578125,63180.8007812,64174.9492188,57249,output/seed_runs/s5_full__seed23/epoch321-val-rmse527.3419.ckpt,a2f8b0f39411e199e73ee22a8ae3055d3fc4218fa9d670b31af93d2e190df291,672faa9fb7cb4499da17d6a3afbd65a9301f170f,output/seed_runs/s5_full__seed23/test_preds.csv
naive_persistence,Naive persistence,test,2024-06-22,2024-06-23,1719126000,64252.578125,63180.8007812,64252.578125,0,,,,derived: predicted_close=current_close
cmamba_v_reproduced,Reproduced CM-v,test,2024-06-23,2024-06-24,1719212400,63180.8007812,60277.4101562,63554.5078125,136952,output/seed_runs/cmamba_v__seed23/epoch949-val-rmse572.6860.ckpt,afb28215d656ea54421efb00e3c60ec9d8a818fff186c194be9a98b55dcecdf0,672faa9fb7cb4499da17d6a3afbd65a9301f170f,output/evaluation/forecast_predictions.csv
s5_full,CMamba-T / S5-Full,test,2024-06-23,2024-06-24,1719212400,63180.8007812,60277.4101562,63110.34375,57249,output/seed_runs/s5_full__seed23/epoch321-val-rmse527.3419.ckpt,a2f8b0f39411e199e73ee22a8ae3055d3fc4218fa9d670b31af93d2e190df291,672faa9fb7cb4499da17d6a3afbd65a9301f170f,output/seed_runs/s5_full__seed23/test_preds.csv
naive_persistence,Naive persistence,test,2024-06-23,2024-06-24,1719212400,63180.8007812,60277.4101562,63180.8007812,0,,,,derived: predicted_close=current_close
cmamba_v_reproduced,Reproduced CM-v,test,2024-06-24,2024-06-25,1719298800,60277.4101562,61804.640625,60414.5820312,136952,output/seed_runs/cmamba_v__seed23/epoch949-val-rmse572.6860.ckpt,afb28215d656ea54421efb00e3c60ec9d8a818fff186c194be9a98b55dcecdf0,672faa9fb7cb4499da17d6a3afbd65a9301f170f,output/evaluation/forecast_predictions.csv
s5_full,CMamba-T / S5-Full,test,2024-06-24,2024-06-25,1719298800,60277.4101562,61804.640625,60368.015625,57249,output/seed_runs/s5_full__seed23/epoch321-val-rmse527.3419.ckpt,a2f8b0f39411e199e73ee22a8ae3055d3fc4218fa9d670b31af93d2e190df291,672faa9fb7cb4499da17d6a3afbd65a9301f170f,output/seed_runs/s5_full__seed23/test_preds.csv
naive_persistence,Naive persistence,test,2024-06-24,2024-06-25,1719298800,60277.4101562,61804.640625,60277.4101562,0,,,,derived: predicted_close=current_close
cmamba_v_reproduced,Reproduced CM-v,test,2024-06-25,2024-06-26,1719385200,61804.640625,60811.28125,61508.6757812,136952,output/seed_runs/cmamba_v__seed23/epoch949-val-rmse572.6860.ckpt,afb28215d656ea54421efb00e3c60ec9d8a818fff186c194be9a98b55dcecdf0,672faa9fb7cb4499da17d6a3afbd65a9301f170f,output/evaluation/forecast_predictions.csv
s5_full,CMamba-T / S5-Full,test,2024-06-25,2024-06-26,1719385200,61804.640625,60811.28125,61900.78125,57249,output/seed_runs/s5_full__seed23/epoch321-val-rmse527.3419.ckpt,a2f8b0f39411e199e73ee22a8ae3055d3fc4218fa9d670b31af93d2e190df291,672faa9fb7cb4499da17d6a3afbd65a9301f170f,output/seed_runs/s5_full__seed23/test_preds.csv
naive_persistence,Naive persistence,test,2024-06-25,2024-06-26,1719385200,61804.640625,60811.28125,61804.640625,0,,,,derived: predicted_close=current_close
cmamba_v_reproduced,Reproduced CM-v,test,2024-06-26,2024-06-27,1719471600,60811.28125,61604.8007812,61274.6953125,136952,output/seed_runs/cmamba_v__seed23/epoch949-val-rmse572.6860.ckpt,afb28215d656ea54421efb00e3c60ec9d8a818fff186c194be9a98b55dcecdf0,672faa9fb7cb4499da17d6a3afbd65a9301f170f,output/evaluation/forecast_predictions.csv
s5_full,CMamba-T / S5-Full,test,2024-06-26,2024-06-27,1719471600,60811.28125,61604.8007812,60686.3203125,57249,output/seed_runs/s5_full__seed23/epoch321-val-rmse527.3419.ckpt,a2f8b0f39411e199e73ee22a8ae3055d3fc4218fa9d670b31af93d2e190df291,672faa9fb7cb4499da17d6a3afbd65a9301f170f,output/seed_runs/s5_full__seed23/test_preds.csv
naive_persistence,Naive persistence,test,2024-06-26,2024-06-27,1719471600,60811.28125,61604.8007812,60811.28125,0,,,,derived: predicted_close=current_close
cmamba_v_reproduced,Reproduced CM-v,test,2024-06-27,2024-06-28,1719558000,61604.8007812,60320.140625,60886.5898438,136952,output/seed_runs/cmamba_v__seed23/epoch949-val-rmse572.6860.ckpt,afb28215d656ea54421efb00e3c60ec9d8a818fff186c194be9a98b55dcecdf0,672faa9fb7cb4499da17d6a3afbd65a9301f170f,output/evaluation/forecast_predictions.csv
s5_full,CMamba-T / S5-Full,test,2024-06-27,2024-06-28,1719558000,61604.8007812,60320.140625,61370.3789062,57249,output/seed_runs/s5_full__seed23/epoch321-val-rmse527.3419.ckpt,a2f8b0f39411e199e73ee22a8ae3055d3fc4218fa9d670b31af93d2e190df291,672faa9fb7cb4499da17d6a3afbd65a9301f170f,output/seed_runs/s5_full__seed23/test_preds.csv
naive_persistence,Naive persistence,test,2024-06-27,2024-06-28,1719558000,61604.8007812,60320.140625,61604.8007812,0,,,,derived: predicted_close=current_close
cmamba_v_reproduced,Reproduced CM-v,test,2024-06-28,2024-06-29,1719644400,60320.140625,60887.3789062,61196.6054688,136952,output/seed_runs/cmamba_v__seed23/epoch949-val-rmse572.6860.ckpt,afb28215d656ea54421efb00e3c60ec9d8a818fff186c194be9a98b55dcecdf0,672faa9fb7cb4499da17d6a3afbd65a9301f170f,output/evaluation/forecast_predictions.csv
s5_full,CMamba-T / S5-Full,test,2024-06-28,2024-06-29,1719644400,60320.140625,60887.3789062,60197.4648438,57249,output/seed_runs/s5_full__seed23/epoch321-val-rmse527.3419.ckpt,a2f8b0f39411e199e73ee22a8ae3055d3fc4218fa9d670b31af93d2e190df291,672faa9fb7cb4499da17d6a3afbd65a9301f170f,output/seed_runs/s5_full__seed23/test_preds.csv
naive_persistence,Naive persistence,test,2024-06-28,2024-06-29,1719644400,60320.140625,60887.3789062,60320.140625,0,,,,derived: predicted_close=current_close
cmamba_v_reproduced,Reproduced CM-v,test,2024-06-29,2024-06-30,1719730800,60887.3789062,62678.2890625,60205.3398438,136952,output/seed_runs/cmamba_v__seed23/epoch949-val-rmse572.6860.ckpt,afb28215d656ea54421efb00e3c60ec9d8a818fff186c194be9a98b55dcecdf0,672faa9fb7cb4499da17d6a3afbd65a9301f170f,output/evaluation/forecast_predictions.csv
s5_full,CMamba-T / S5-Full,test,2024-06-29,2024-06-30,1719730800,60887.3789062,62678.2890625,60806.6875,57249,output/seed_runs/s5_full__seed23/epoch321-val-rmse527.3419.ckpt,a2f8b0f39411e199e73ee22a8ae3055d3fc4218fa9d670b31af93d2e190df291,672faa9fb7cb4499da17d6a3afbd65a9301f170f,output/seed_runs/s5_full__seed23/test_preds.csv
naive_persistence,Naive persistence,test,2024-06-29,2024-06-30,1719730800,60887.3789062,62678.2890625,60887.3789062,0,,,,derived: predicted_close=current_close
cmamba_v_reproduced,Reproduced CM-v,test,2024-06-30,2024-07-01,1719817200,62678.2890625,62851.9804688,62312.6679688,136952,output/seed_runs/cmamba_v__seed23/epoch949-val-rmse572.6860.ckpt,afb28215d656ea54421efb00e3c60ec9d8a818fff186c194be9a98b55dcecdf0,672faa9fb7cb4499da17d6a3afbd65a9301f170f,output/evaluation/forecast_predictions.csv
s5_full,CMamba-T / S5-Full,test,2024-06-30,2024-07-01,1719817200,62678.2890625,62851.9804688,62645.484375,57249,output/seed_runs/s5_full__seed23/epoch321-val-rmse527.3419.ckpt,a2f8b0f39411e199e73ee22a8ae3055d3fc4218fa9d670b31af93d2e190df291,672faa9fb7cb4499da17d6a3afbd65a9301f170f,output/seed_runs/s5_full__seed23/test_preds.csv
naive_persistence,Naive persistence,test,2024-06-30,2024-07-01,1719817200,62678.2890625,62851.9804688,62678.2890625,0,,,,derived: predicted_close=current_close
cmamba_v_reproduced,Reproduced CM-v,test,2024-07-01,2024-07-02,1719903600,62851.9804688,62029.0195312,63513.1757812,136952,output/seed_runs/cmamba_v__seed23/epoch949-val-rmse572.6860.ckpt,afb28215d656ea54421efb00e3c60ec9d8a818fff186c194be9a98b55dcecdf0,672faa9fb7cb4499da17d6a3afbd65a9301f170f,output/evaluation/forecast_predictions.csv
s5_full,CMamba-T / S5-Full,test,2024-07-01,2024-07-02,1719903600,62851.9804688,62029.0195312,62864.0273438,57249,output/seed_runs/s5_full__seed23/epoch321-val-rmse527.3419.ckpt,a2f8b0f39411e199e73ee22a8ae3055d3fc4218fa9d670b31af93d2e190df291,672faa9fb7cb4499da17d6a3afbd65a9301f170f,output/seed_runs/s5_full__seed23/test_preds.csv
naive_persistence,Naive persistence,test,2024-07-01,2024-07-02,1719903600,62851.9804688,62029.0195312,62851.9804688,0,,,,derived: predicted_close=current_close
cmamba_v_reproduced,Reproduced CM-v,test,2024-07-02,2024-07-03,1719990000,62029.0195312,60173.921875,61542.2460938,136952,output/seed_runs/cmamba_v__seed23/epoch949-val-rmse572.6860.ckpt,afb28215d656ea54421efb00e3c60ec9d8a818fff186c194be9a98b55dcecdf0,672faa9fb7cb4499da17d6a3afbd65a9301f170f,output/evaluation/forecast_predictions.csv
s5_full,CMamba-T / S5-Full,test,2024-07-02,2024-07-03,1719990000,62029.0195312,60173.921875,62087.0195312,57249,output/seed_runs/s5_full__seed23/epoch321-val-rmse527.3419.ckpt,a2f8b0f39411e199e73ee22a8ae3055d3fc4218fa9d670b31af93d2e190df291,672faa9fb7cb4499da17d6a3afbd65a9301f170f,output/seed_runs/s5_full__seed23/test_preds.csv
naive_persistence,Naive persistence,test,2024-07-02,2024-07-03,1719990000,62029.0195312,60173.921875,62029.0195312,0,,,,derived: predicted_close=current_close
cmamba_v_reproduced,Reproduced CM-v,test,2024-07-03,2024-07-04,1720076400,60173.921875,56977.6992188,60611.7539062,136952,output/seed_runs/cmamba_v__seed23/epoch949-val-rmse572.6860.ckpt,afb28215d656ea54421efb00e3c60ec9d8a818fff186c194be9a98b55dcecdf0,672faa9fb7cb4499da17d6a3afbd65a9301f170f,output/evaluation/forecast_predictions.csv
s5_full,CMamba-T / S5-Full,test,2024-07-03,2024-07-04,1720076400,60173.921875,56977.6992188,60148.3476562,57249,output/seed_runs/s5_full__seed23/epoch321-val-rmse527.3419.ckpt,a2f8b0f39411e199e73ee22a8ae3055d3fc4218fa9d670b31af93d2e190df291,672faa9fb7cb4499da17d6a3afbd65a9301f170f,output/seed_runs/s5_full__seed23/test_preds.csv
naive_persistence,Naive persistence,test,2024-07-03,2024-07-04,1720076400,60173.921875,56977.6992188,60173.921875,0,,,,derived: predicted_close=current_close
cmamba_v_reproduced,Reproduced CM-v,test,2024-07-04,2024-07-05,1720162800,56977.6992188,56662.3789062,58023.0273438,136952,output/seed_runs/cmamba_v__seed23/epoch949-val-rmse572.6860.ckpt,afb28215d656ea54421efb00e3c60ec9d8a818fff186c194be9a98b55dcecdf0,672faa9fb7cb4499da17d6a3afbd65a9301f170f,output/evaluation/forecast_predictions.csv
s5_full,CMamba-T / S5-Full,test,2024-07-04,2024-07-05,1720162800,56977.6992188,56662.3789062,56889.765625,57249,output/seed_runs/s5_full__seed23/epoch321-val-rmse527.3419.ckpt,a2f8b0f39411e199e73ee22a8ae3055d3fc4218fa9d670b31af93d2e190df291,672faa9fb7cb4499da17d6a3afbd65a9301f170f,output/seed_runs/s5_full__seed23/test_preds.csv
naive_persistence,Naive persistence,test,2024-07-04,2024-07-05,1720162800,56977.6992188,56662.3789062,56977.6992188,0,,,,derived: predicted_close=current_close
cmamba_v_reproduced,Reproduced CM-v,test,2024-07-05,2024-07-06,1720249200,56662.3789062,58303.5390625,55527.7734375,136952,output/seed_runs/cmamba_v__seed23/epoch949-val-rmse572.6860.ckpt,afb28215d656ea54421efb00e3c60ec9d8a818fff186c194be9a98b55dcecdf0,672faa9fb7cb4499da17d6a3afbd65a9301f170f,output/evaluation/forecast_predictions.csv
s5_full,CMamba-T / S5-Full,test,2024-07-05,2024-07-06,1720249200,56662.3789062,58303.5390625,56458.8515625,57249,output/seed_runs/s5_full__seed23/epoch321-val-rmse527.3419.ckpt,a2f8b0f39411e199e73ee22a8ae3055d3fc4218fa9d670b31af93d2e190df291,672faa9fb7cb4499da17d6a3afbd65a9301f170f,output/seed_runs/s5_full__seed23/test_preds.csv
naive_persistence,Naive persistence,test,2024-07-05,2024-07-06,1720249200,56662.3789062,58303.5390625,56662.3789062,0,,,,derived: predicted_close=current_close
cmamba_v_reproduced,Reproduced CM-v,test,2024-07-06,2024-07-07,1720335600,58303.5390625,55849.109375,57986.1914062,136952,output/seed_runs/cmamba_v__seed23/epoch949-val-rmse572.6860.ckpt,afb28215d656ea54421efb00e3c60ec9d8a818fff186c194be9a98b55dcecdf0,672faa9fb7cb4499da17d6a3afbd65a9301f170f,output/evaluation/forecast_predictions.csv
s5_full,CMamba-T / S5-Full,test,2024-07-06,2024-07-07,1720335600,58303.5390625,55849.109375,57811.2695312,57249,output/seed_runs/s5_full__seed23/epoch321-val-rmse527.3419.ckpt,a2f8b0f39411e199e73ee22a8ae3055d3fc4218fa9d670b31af93d2e190df291,672faa9fb7cb4499da17d6a3afbd65a9301f170f,output/seed_runs/s5_full__seed23/test_preds.csv
naive_persistence,Naive persistence,test,2024-07-06,2024-07-07,1720335600,58303.5390625,55849.109375,58303.5390625,0,,,,derived: predicted_close=current_close
cmamba_v_reproduced,Reproduced CM-v,test,2024-07-07,2024-07-08,1720422000,55849.109375,56705.1015625,56260.0898438,136952,output/seed_runs/cmamba_v__seed23/epoch949-val-rmse572.6860.ckpt,afb28215d656ea54421efb00e3c60ec9d8a818fff186c194be9a98b55dcecdf0,672faa9fb7cb4499da17d6a3afbd65a9301f170f,output/evaluation/forecast_predictions.csv
s5_full,CMamba-T / S5-Full,test,2024-07-07,2024-07-08,1720422000,55849.109375,56705.1015625,55368.5390625,57249,output/seed_runs/s5_full__seed23/epoch321-val-rmse527.3419.ckpt,a2f8b0f39411e199e73ee22a8ae3055d3fc4218fa9d670b31af93d2e190df291,672faa9fb7cb4499da17d6a3afbd65a9301f170f,output/seed_runs/s5_full__seed23/test_preds.csv
naive_persistence,Naive persistence,test,2024-07-07,2024-07-08,1720422000,55849.109375,56705.1015625,55849.109375,0,,,,derived: predicted_close=current_close
cmamba_v_reproduced,Reproduced CM-v,test,2024-07-08,2024-07-09,1720508400,56705.1015625,58009.2304688,55894.3359375,136952,output/seed_runs/cmamba_v__seed23/epoch949-val-rmse572.6860.ckpt,afb28215d656ea54421efb00e3c60ec9d8a818fff186c194be9a98b55dcecdf0,672faa9fb7cb4499da17d6a3afbd65a9301f170f,output/evaluation/forecast_predictions.csv
s5_full,CMamba-T / S5-Full,test,2024-07-08,2024-07-09,1720508400,56705.1015625,58009.2304688,56537.2382812,57249,output/seed_runs/s5_full__seed23/epoch321-val-rmse527.3419.ckpt,a2f8b0f39411e199e73ee22a8ae3055d3fc4218fa9d670b31af93d2e190df291,672faa9fb7cb4499da17d6a3afbd65a9301f170f,output/seed_runs/s5_full__seed23/test_preds.csv
naive_persistence,Naive persistence,test,2024-07-08,2024-07-09,1720508400,56705.1015625,58009.2304688,56705.1015625,0,,,,derived: predicted_close=current_close
cmamba_v_reproduced,Reproduced CM-v,test,2024-07-09,2024-07-10,1720594800,58009.2304688,57742.5,58300.5703125,136952,output/seed_runs/cmamba_v__seed23/epoch949-val-rmse572.6860.ckpt,afb28215d656ea54421efb00e3c60ec9d8a818fff186c194be9a98b55dcecdf0,672faa9fb7cb4499da17d6a3afbd65a9301f170f,output/evaluation/forecast_predictions.csv
s5_full,CMamba-T / S5-Full,test,2024-07-09,2024-07-10,1720594800,58009.2304688,57742.5,57949.5859375,57249,output/seed_runs/s5_full__seed23/epoch321-val-rmse527.3419.ckpt,a2f8b0f39411e199e73ee22a8ae3055d3fc4218fa9d670b31af93d2e190df291,672faa9fb7cb4499da17d6a3afbd65a9301f170f,output/seed_runs/s5_full__seed23/test_preds.csv
naive_persistence,Naive persistence,test,2024-07-09,2024-07-10,1720594800,58009.2304688,57742.5,58009.2304688,0,,,,derived: predicted_close=current_close
cmamba_v_reproduced,Reproduced CM-v,test,2024-07-10,2024-07-11,1720681200,57742.5,57344.9101562,57996.6992188,136952,output/seed_runs/cmamba_v__seed23/epoch949-val-rmse572.6860.ckpt,afb28215d656ea54421efb00e3c60ec9d8a818fff186c194be9a98b55dcecdf0,672faa9fb7cb4499da17d6a3afbd65a9301f170f,output/evaluation/forecast_predictions.csv
s5_full,CMamba-T / S5-Full,test,2024-07-10,2024-07-11,1720681200,57742.5,57344.9101562,57598.8359375,57249,output/seed_runs/s5_full__seed23/epoch321-val-rmse527.3419.ckpt,a2f8b0f39411e199e73ee22a8ae3055d3fc4218fa9d670b31af93d2e190df291,672faa9fb7cb4499da17d6a3afbd65a9301f170f,output/seed_runs/s5_full__seed23/test_preds.csv
naive_persistence,Naive persistence,test,2024-07-10,2024-07-11,1720681200,57742.5,57344.9101562,57742.5,0,,,,derived: predicted_close=current_close
cmamba_v_reproduced,Reproduced CM-v,test,2024-07-11,2024-07-12,1720767600,57344.9101562,57899.4609375,57766.9882812,136952,output/seed_runs/cmamba_v__seed23/epoch949-val-rmse572.6860.ckpt,afb28215d656ea54421efb00e3c60ec9d8a818fff186c194be9a98b55dcecdf0,672faa9fb7cb4499da17d6a3afbd65a9301f170f,output/evaluation/forecast_predictions.csv
s5_full,CMamba-T / S5-Full,test,2024-07-11,2024-07-12,1720767600,57344.9101562,57899.4609375,57143.9375,57249,output/seed_runs/s5_full__seed23/epoch321-val-rmse527.3419.ckpt,a2f8b0f39411e199e73ee22a8ae3055d3fc4218fa9d670b31af93d2e190df291,672faa9fb7cb4499da17d6a3afbd65a9301f170f,output/seed_runs/s5_full__seed23/test_preds.csv
naive_persistence,Naive persistence,test,2024-07-11,2024-07-12,1720767600,57344.9101562,57899.4609375,57344.9101562,0,,,,derived: predicted_close=current_close
cmamba_v_reproduced,Reproduced CM-v,test,2024-07-12,2024-07-13,1720854000,57899.4609375,59231.9492188,57471.1953125,136952,output/seed_runs/cmamba_v__seed23/epoch949-val-rmse572.6860.ckpt,afb28215d656ea54421efb00e3c60ec9d8a818fff186c194be9a98b55dcecdf0,672faa9fb7cb4499da17d6a3afbd65a9301f170f,output/evaluation/forecast_predictions.csv
s5_full,CMamba-T / S5-Full,test,2024-07-12,2024-07-13,1720854000,57899.4609375,59231.9492188,57709.3203125,57249,output/seed_runs/s5_full__seed23/epoch321-val-rmse527.3419.ckpt,a2f8b0f39411e199e73ee22a8ae3055d3fc4218fa9d670b31af93d2e190df291,672faa9fb7cb4499da17d6a3afbd65a9301f170f,output/seed_runs/s5_full__seed23/test_preds.csv
naive_persistence,Naive persistence,test,2024-07-12,2024-07-13,1720854000,57899.4609375,59231.9492188,57899.4609375,0,,,,derived: predicted_close=current_close
cmamba_v_reproduced,Reproduced CM-v,test,2024-07-13,2024-07-14,1720940400,59231.9492188,60787.7890625,58488.9414062,136952,output/seed_runs/cmamba_v__seed23/epoch949-val-rmse572.6860.ckpt,afb28215d656ea54421efb00e3c60ec9d8a818fff186c194be9a98b55dcecdf0,672faa9fb7cb4499da17d6a3afbd65a9301f170f,output/evaluation/forecast_predictions.csv
s5_full,CMamba-T / S5-Full,test,2024-07-13,2024-07-14,1720940400,59231.9492188,60787.7890625,58988.2382812,57249,output/seed_runs/s5_full__seed23/epoch321-val-rmse527.3419.ckpt,a2f8b0f39411e199e73ee22a8ae3055d3fc4218fa9d670b31af93d2e190df291,672faa9fb7cb4499da17d6a3afbd65a9301f170f,output/seed_runs/s5_full__seed23/test_preds.csv
naive_persistence,Naive persistence,test,2024-07-13,2024-07-14,1720940400,59231.9492188,60787.7890625,59231.9492188,0,,,,derived: predicted_close=current_close
cmamba_v_reproduced,Reproduced CM-v,test,2024-07-14,2024-07-15,1721026800,60787.7890625,64870.1484375,61036.4101562,136952,output/seed_runs/cmamba_v__seed23/epoch949-val-rmse572.6860.ckpt,afb28215d656ea54421efb00e3c60ec9d8a818fff186c194be9a98b55dcecdf0,672faa9fb7cb4499da17d6a3afbd65a9301f170f,output/evaluation/forecast_predictions.csv
s5_full,CMamba-T / S5-Full,test,2024-07-14,2024-07-15,1721026800,60787.7890625,64870.1484375,60586.5546875,57249,output/seed_runs/s5_full__seed23/epoch321-val-rmse527.3419.ckpt,a2f8b0f39411e199e73ee22a8ae3055d3fc4218fa9d670b31af93d2e190df291,672faa9fb7cb4499da17d6a3afbd65a9301f170f,output/seed_runs/s5_full__seed23/test_preds.csv
naive_persistence,Naive persistence,test,2024-07-14,2024-07-15,1721026800,60787.7890625,64870.1484375,60787.7890625,0,,,,derived: predicted_close=current_close
cmamba_v_reproduced,Reproduced CM-v,test,2024-07-15,2024-07-16,1721113200,64870.1484375,65097.1484375,63737.9960938,136952,output/seed_runs/cmamba_v__seed23/epoch949-val-rmse572.6860.ckpt,afb28215d656ea54421efb00e3c60ec9d8a818fff186c194be9a98b55dcecdf0,672faa9fb7cb4499da17d6a3afbd65a9301f170f,output/evaluation/forecast_predictions.csv
s5_full,CMamba-T / S5-Full,test,2024-07-15,2024-07-16,1721113200,64870.1484375,65097.1484375,64826.3242188,57249,output/seed_runs/s5_full__seed23/epoch321-val-rmse527.3419.ckpt,a2f8b0f39411e199e73ee22a8ae3055d3fc4218fa9d670b31af93d2e190df291,672faa9fb7cb4499da17d6a3afbd65a9301f170f,output/seed_runs/s5_full__seed23/test_preds.csv
naive_persistence,Naive persistence,test,2024-07-15,2024-07-16,1721113200,64870.1484375,65097.1484375,64870.1484375,0,,,,derived: predicted_close=current_close
cmamba_v_reproduced,Reproduced CM-v,test,2024-07-16,2024-07-17,1721199600,65097.1484375,64118.7890625,64504.0664062,136952,output/seed_runs/cmamba_v__seed23/epoch949-val-rmse572.6860.ckpt,afb28215d656ea54421efb00e3c60ec9d8a818fff186c194be9a98b55dcecdf0,672faa9fb7cb4499da17d6a3afbd65a9301f170f,output/evaluation/forecast_predictions.csv
s5_full,CMamba-T / S5-Full,test,2024-07-16,2024-07-17,1721199600,65097.1484375,64118.7890625,65046.5859375,57249,output/seed_runs/s5_full__seed23/epoch321-val-rmse527.3419.ckpt,a2f8b0f39411e199e73ee22a8ae3055d3fc4218fa9d670b31af93d2e190df291,672faa9fb7cb4499da17d6a3afbd65a9301f170f,output/seed_runs/s5_full__seed23/test_preds.csv
naive_persistence,Naive persistence,test,2024-07-16,2024-07-17,1721199600,65097.1484375,64118.7890625,65097.1484375,0,,,,derived: predicted_close=current_close
cmamba_v_reproduced,Reproduced CM-v,test,2024-07-17,2024-07-18,1721286000,64118.7890625,63974.0703125,65070.4375,136952,output/seed_runs/cmamba_v__seed23/epoch949-val-rmse572.6860.ckpt,afb28215d656ea54421efb00e3c60ec9d8a818fff186c194be9a98b55dcecdf0,672faa9fb7cb4499da17d6a3afbd65a9301f170f,output/evaluation/forecast_predictions.csv
s5_full,CMamba-T / S5-Full,test,2024-07-17,2024-07-18,1721286000,64118.7890625,63974.0703125,64002.4960938,57249,output/seed_runs/s5_full__seed23/epoch321-val-rmse527.3419.ckpt,a2f8b0f39411e199e73ee22a8ae3055d3fc4218fa9d670b31af93d2e190df291,672faa9fb7cb4499da17d6a3afbd65a9301f170f,output/seed_runs/s5_full__seed23/test_preds.csv
naive_persistence,Naive persistence,test,2024-07-17,2024-07-18,1721286000,64118.7890625,63974.0703125,64118.7890625,0,,,,derived: predicted_close=current_close
cmamba_v_reproduced,Reproduced CM-v,test,2024-07-18,2024-07-19,1721372400,63974.0703125,66710.15625,64301.4765625,136952,output/seed_runs/cmamba_v__seed23/epoch949-val-rmse572.6860.ckpt,afb28215d656ea54421efb00e3c60ec9d8a818fff186c194be9a98b55dcecdf0,672faa9fb7cb4499da17d6a3afbd65a9301f170f,output/evaluation/forecast_predictions.csv
s5_full,CMamba-T / S5-Full,test,2024-07-18,2024-07-19,1721372400,63974.0703125,66710.15625,63788.4765625,57249,output/seed_runs/s5_full__seed23/epoch321-val-rmse527.3419.ckpt,a2f8b0f39411e199e73ee22a8ae3055d3fc4218fa9d670b31af93d2e190df291,672faa9fb7cb4499da17d6a3afbd65a9301f170f,output/seed_runs/s5_full__seed23/test_preds.csv
naive_persistence,Naive persistence,test,2024-07-18,2024-07-19,1721372400,63974.0703125,66710.15625,63974.0703125,0,,,,derived: predicted_close=current_close
cmamba_v_reproduced,Reproduced CM-v,test,2024-07-19,2024-07-20,1721458800,66710.15625,67163.6484375,65982.21875,136952,output/seed_runs/cmamba_v__seed23/epoch949-val-rmse572.6860.ckpt,afb28215d656ea54421efb00e3c60ec9d8a818fff186c194be9a98b55dcecdf0,672faa9fb7cb4499da17d6a3afbd65a9301f170f,output/evaluation/forecast_predictions.csv
s5_full,CMamba-T / S5-Full,test,2024-07-19,2024-07-20,1721458800,66710.15625,67163.6484375,66548.0390625,57249,output/seed_runs/s5_full__seed23/epoch321-val-rmse527.3419.ckpt,a2f8b0f39411e199e73ee22a8ae3055d3fc4218fa9d670b31af93d2e190df291,672faa9fb7cb4499da17d6a3afbd65a9301f170f,output/seed_runs/s5_full__seed23/test_preds.csv
naive_persistence,Naive persistence,test,2024-07-19,2024-07-20,1721458800,66710.15625,67163.6484375,66710.15625,0,,,,derived: predicted_close=current_close
cmamba_v_reproduced,Reproduced CM-v,test,2024-07-20,2024-07-21,1721545200,67163.6484375,68154.5234375,67258,136952,output/seed_runs/cmamba_v__seed23/epoch949-val-rmse572.6860.ckpt,afb28215d656ea54421efb00e3c60ec9d8a818fff186c194be9a98b55dcecdf0,672faa9fb7cb4499da17d6a3afbd65a9301f170f,output/evaluation/forecast_predictions.csv
s5_full,CMamba-T / S5-Full,test,2024-07-20,2024-07-21,1721545200,67163.6484375,68154.5234375,67053.5078125,57249,output/seed_runs/s5_full__seed23/epoch321-val-rmse527.3419.ckpt,a2f8b0f39411e199e73ee22a8ae3055d3fc4218fa9d670b31af93d2e190df291,672faa9fb7cb4499da17d6a3afbd65a9301f170f,output/seed_runs/s5_full__seed23/test_preds.csv
naive_persistence,Naive persistence,test,2024-07-20,2024-07-21,1721545200,67163.6484375,68154.5234375,67163.6484375,0,,,,derived: predicted_close=current_close
cmamba_v_reproduced,Reproduced CM-v,test,2024-07-21,2024-07-22,1721631600,68154.5234375,67585.25,67373.2578125,136952,output/seed_runs/cmamba_v__seed23/epoch949-val-rmse572.6860.ckpt,afb28215d656ea54421efb00e3c60ec9d8a818fff186c194be9a98b55dcecdf0,672faa9fb7cb4499da17d6a3afbd65a9301f170f,output/evaluation/forecast_predictions.csv
s5_full,CMamba-T / S5-Full,test,2024-07-21,2024-07-22,1721631600,68154.5234375,67585.25,68173.96875,57249,output/seed_runs/s5_full__seed23/epoch321-val-rmse527.3419.ckpt,a2f8b0f39411e199e73ee22a8ae3055d3fc4218fa9d670b31af93d2e190df291,672faa9fb7cb4499da17d6a3afbd65a9301f170f,output/seed_runs/s5_full__seed23/test_preds.csv
naive_persistence,Naive persistence,test,2024-07-21,2024-07-22,1721631600,68154.5234375,67585.25,68154.5234375,0,,,,derived: predicted_close=current_close
cmamba_v_reproduced,Reproduced CM-v,test,2024-07-22,2024-07-23,1721718000,67585.25,65927.671875,67942.6875,136952,output/seed_runs/cmamba_v__seed23/epoch949-val-rmse572.6860.ckpt,afb28215d656ea54421efb00e3c60ec9d8a818fff186c194be9a98b55dcecdf0,672faa9fb7cb4499da17d6a3afbd65a9301f170f,output/evaluation/forecast_predictions.csv
s5_full,CMamba-T / S5-Full,test,2024-07-22,2024-07-23,1721718000,67585.25,65927.671875,67614.90625,57249,output/seed_runs/s5_full__seed23/epoch321-val-rmse527.3419.ckpt,a2f8b0f39411e199e73ee22a8ae3055d3fc4218fa9d670b31af93d2e190df291,672faa9fb7cb4499da17d6a3afbd65a9301f170f,output/seed_runs/s5_full__seed23/test_preds.csv
naive_persistence,Naive persistence,test,2024-07-22,2024-07-23,1721718000,67585.25,65927.671875,67585.25,0,,,,derived: predicted_close=current_close
cmamba_v_reproduced,Reproduced CM-v,test,2024-07-23,2024-07-24,1721804400,65927.671875,65372.1289062,66620.71875,136952,output/seed_runs/cmamba_v__seed23/epoch949-val-rmse572.6860.ckpt,afb28215d656ea54421efb00e3c60ec9d8a818fff186c194be9a98b55dcecdf0,672faa9fb7cb4499da17d6a3afbd65a9301f170f,output/evaluation/forecast_predictions.csv
s5_full,CMamba-T / S5-Full,test,2024-07-23,2024-07-24,1721804400,65927.671875,65372.1289062,65905.546875,57249,output/seed_runs/s5_full__seed23/epoch321-val-rmse527.3419.ckpt,a2f8b0f39411e199e73ee22a8ae3055d3fc4218fa9d670b31af93d2e190df291,672faa9fb7cb4499da17d6a3afbd65a9301f170f,output/seed_runs/s5_full__seed23/test_preds.csv
naive_persistence,Naive persistence,test,2024-07-23,2024-07-24,1721804400,65927.671875,65372.1289062,65927.671875,0,,,,derived: predicted_close=current_close
cmamba_v_reproduced,Reproduced CM-v,test,2024-07-24,2024-07-25,1721890800,65372.1289062,65777.2265625,65979.578125,136952,output/seed_runs/cmamba_v__seed23/epoch949-val-rmse572.6860.ckpt,afb28215d656ea54421efb00e3c60ec9d8a818fff186c194be9a98b55dcecdf0,672faa9fb7cb4499da17d6a3afbd65a9301f170f,output/evaluation/forecast_predictions.csv
s5_full,CMamba-T / S5-Full,test,2024-07-24,2024-07-25,1721890800,65372.1289062,65777.2265625,65216.6914062,57249,output/seed_runs/s5_full__seed23/epoch321-val-rmse527.3419.ckpt,a2f8b0f39411e199e73ee22a8ae3055d3fc4218fa9d670b31af93d2e190df291,672faa9fb7cb4499da17d6a3afbd65a9301f170f,output/seed_runs/s5_full__seed23/test_preds.csv
naive_persistence,Naive persistence,test,2024-07-24,2024-07-25,1721890800,65372.1289062,65777.2265625,65372.1289062,0,,,,derived: predicted_close=current_close
cmamba_v_reproduced,Reproduced CM-v,test,2024-07-25,2024-07-26,1721977200,65777.2265625,67912.0625,65137.7070312,136952,output/seed_runs/cmamba_v__seed23/epoch949-val-rmse572.6860.ckpt,afb28215d656ea54421efb00e3c60ec9d8a818fff186c194be9a98b55dcecdf0,672faa9fb7cb4499da17d6a3afbd65a9301f170f,output/evaluation/forecast_predictions.csv
s5_full,CMamba-T / S5-Full,test,2024-07-25,2024-07-26,1721977200,65777.2265625,67912.0625,65623.75,57249,output/seed_runs/s5_full__seed23/epoch321-val-rmse527.3419.ckpt,a2f8b0f39411e199e73ee22a8ae3055d3fc4218fa9d670b31af93d2e190df291,672faa9fb7cb4499da17d6a3afbd65a9301f170f,output/seed_runs/s5_full__seed23/test_preds.csv
naive_persistence,Naive persistence,test,2024-07-25,2024-07-26,1721977200,65777.2265625,67912.0625,65777.2265625,0,,,,derived: predicted_close=current_close
cmamba_v_reproduced,Reproduced CM-v,test,2024-07-26,2024-07-27,1722063600,67912.0625,67813.34375,67113.25,136952,output/seed_runs/cmamba_v__seed23/epoch949-val-rmse572.6860.ckpt,afb28215d656ea54421efb00e3c60ec9d8a818fff186c194be9a98b55dcecdf0,672faa9fb7cb4499da17d6a3afbd65a9301f170f,output/evaluation/forecast_predictions.csv
s5_full,CMamba-T / S5-Full,test,2024-07-26,2024-07-27,1722063600,67912.0625,67813.34375,67889.484375,57249,output/seed_runs/s5_full__seed23/epoch321-val-rmse527.3419.ckpt,a2f8b0f39411e199e73ee22a8ae3055d3fc4218fa9d670b31af93d2e190df291,672faa9fb7cb4499da17d6a3afbd65a9301f170f,output/seed_runs/s5_full__seed23/test_preds.csv
naive_persistence,Naive persistence,test,2024-07-26,2024-07-27,1722063600,67912.0625,67813.34375,67912.0625,0,,,,derived: predicted_close=current_close
cmamba_v_reproduced,Reproduced CM-v,test,2024-07-27,2024-07-28,1722150000,67813.34375,68255.8671875,68188.6875,136952,output/seed_runs/cmamba_v__seed23/epoch949-val-rmse572.6860.ckpt,afb28215d656ea54421efb00e3c60ec9d8a818fff186c194be9a98b55dcecdf0,672faa9fb7cb4499da17d6a3afbd65a9301f170f,output/evaluation/forecast_predictions.csv
s5_full,CMamba-T / S5-Full,test,2024-07-27,2024-07-28,1722150000,67813.34375,68255.8671875,67828.5234375,57249,output/seed_runs/s5_full__seed23/epoch321-val-rmse527.3419.ckpt,a2f8b0f39411e199e73ee22a8ae3055d3fc4218fa9d670b31af93d2e190df291,672faa9fb7cb4499da17d6a3afbd65a9301f170f,output/seed_runs/s5_full__seed23/test_preds.csv
naive_persistence,Naive persistence,test,2024-07-27,2024-07-28,1722150000,67813.34375,68255.8671875,67813.34375,0,,,,derived: predicted_close=current_close
cmamba_v_reproduced,Reproduced CM-v,test,2024-07-28,2024-07-29,1722236400,68255.8671875,66819.90625,67858.7109375,136952,output/seed_runs/cmamba_v__seed23/epoch949-val-rmse572.6860.ckpt,afb28215d656ea54421efb00e3c60ec9d8a818fff186c194be9a98b55dcecdf0,672faa9fb7cb4499da17d6a3afbd65a9301f170f,output/evaluation/forecast_predictions.csv
s5_full,CMamba-T / S5-Full,test,2024-07-28,2024-07-29,1722236400,68255.8671875,66819.90625,68268.2578125,57249,output/seed_runs/s5_full__seed23/epoch321-val-rmse527.3419.ckpt,a2f8b0f39411e199e73ee22a8ae3055d3fc4218fa9d670b31af93d2e190df291,672faa9fb7cb4499da17d6a3afbd65a9301f170f,output/seed_runs/s5_full__seed23/test_preds.csv
naive_persistence,Naive persistence,test,2024-07-28,2024-07-29,1722236400,68255.8671875,66819.90625,68255.8671875,0,,,,derived: predicted_close=current_close
cmamba_v_reproduced,Reproduced CM-v,test,2024-07-29,2024-07-30,1722322800,66819.90625,66201.0234375,68144.171875,136952,output/seed_runs/cmamba_v__seed23/epoch949-val-rmse572.6860.ckpt,afb28215d656ea54421efb00e3c60ec9d8a818fff186c194be9a98b55dcecdf0,672faa9fb7cb4499da17d6a3afbd65a9301f170f,output/evaluation/forecast_predictions.csv
s5_full,CMamba-T / S5-Full,test,2024-07-29,2024-07-30,1722322800,66819.90625,66201.0234375,66820.8828125,57249,output/seed_runs/s5_full__seed23/epoch321-val-rmse527.3419.ckpt,a2f8b0f39411e199e73ee22a8ae3055d3fc4218fa9d670b31af93d2e190df291,672faa9fb7cb4499da17d6a3afbd65a9301f170f,output/seed_runs/s5_full__seed23/test_preds.csv
naive_persistence,Naive persistence,test,2024-07-29,2024-07-30,1722322800,66819.90625,66201.0234375,66819.90625,0,,,,derived: predicted_close=current_close
cmamba_v_reproduced,Reproduced CM-v,test,2024-07-30,2024-07-31,1722409200,66201.0234375,64619.25,65820.4140625,136952,output/seed_runs/cmamba_v__seed23/epoch949-val-rmse572.6860.ckpt,afb28215d656ea54421efb00e3c60ec9d8a818fff186c194be9a98b55dcecdf0,672faa9fb7cb4499da17d6a3afbd65a9301f170f,output/evaluation/forecast_predictions.csv
s5_full,CMamba-T / S5-Full,test,2024-07-30,2024-07-31,1722409200,66201.0234375,64619.25,66138.9375,57249,output/seed_runs/s5_full__seed23/epoch321-val-rmse527.3419.ckpt,a2f8b0f39411e199e73ee22a8ae3055d3fc4218fa9d670b31af93d2e190df291,672faa9fb7cb4499da17d6a3afbd65a9301f170f,output/seed_runs/s5_full__seed23/test_preds.csv
naive_persistence,Naive persistence,test,2024-07-30,2024-07-31,1722409200,66201.0234375,64619.25,66201.0234375,0,,,,derived: predicted_close=current_close
cmamba_v_reproduced,Reproduced CM-v,test,2024-07-31,2024-08-01,1722495600,64619.25,65357.5,65365.5664062,136952,output/seed_runs/cmamba_v__seed23/epoch949-val-rmse572.6860.ckpt,afb28215d656ea54421efb00e3c60ec9d8a818fff186c194be9a98b55dcecdf0,672faa9fb7cb4499da17d6a3afbd65a9301f170f,output/evaluation/forecast_predictions.csv
s5_full,CMamba-T / S5-Full,test,2024-07-31,2024-08-01,1722495600,64619.25,65357.5,64463.2695312,57249,output/seed_runs/s5_full__seed23/epoch321-val-rmse527.3419.ckpt,a2f8b0f39411e199e73ee22a8ae3055d3fc4218fa9d670b31af93d2e190df291,672faa9fb7cb4499da17d6a3afbd65a9301f170f,output/seed_runs/s5_full__seed23/test_preds.csv
naive_persistence,Naive persistence,test,2024-07-31,2024-08-01,1722495600,64619.25,65357.5,64619.25,0,,,,derived: predicted_close=current_close
cmamba_v_reproduced,Reproduced CM-v,test,2024-08-01,2024-08-02,1722582000,65357.5,61415.0703125,64040.234375,136952,output/seed_runs/cmamba_v__seed23/epoch949-val-rmse572.6860.ckpt,afb28215d656ea54421efb00e3c60ec9d8a818fff186c194be9a98b55dcecdf0,672faa9fb7cb4499da17d6a3afbd65a9301f170f,output/evaluation/forecast_predictions.csv
s5_full,CMamba-T / S5-Full,test,2024-08-01,2024-08-02,1722582000,65357.5,61415.0703125,65162.9453125,57249,output/seed_runs/s5_full__seed23/epoch321-val-rmse527.3419.ckpt,a2f8b0f39411e199e73ee22a8ae3055d3fc4218fa9d670b31af93d2e190df291,672faa9fb7cb4499da17d6a3afbd65a9301f170f,output/seed_runs/s5_full__seed23/test_preds.csv
naive_persistence,Naive persistence,test,2024-08-01,2024-08-02,1722582000,65357.5,61415.0703125,65357.5,0,,,,derived: predicted_close=current_close
cmamba_v_reproduced,Reproduced CM-v,test,2024-08-02,2024-08-03,1722668400,61415.0703125,60680.0898438,62510.5742188,136952,output/seed_runs/cmamba_v__seed23/epoch949-val-rmse572.6860.ckpt,afb28215d656ea54421efb00e3c60ec9d8a818fff186c194be9a98b55dcecdf0,672faa9fb7cb4499da17d6a3afbd65a9301f170f,output/evaluation/forecast_predictions.csv
s5_full,CMamba-T / S5-Full,test,2024-08-02,2024-08-03,1722668400,61415.0703125,60680.0898438,61193.0117188,57249,output/seed_runs/s5_full__seed23/epoch321-val-rmse527.3419.ckpt,a2f8b0f39411e199e73ee22a8ae3055d3fc4218fa9d670b31af93d2e190df291,672faa9fb7cb4499da17d6a3afbd65a9301f170f,output/seed_runs/s5_full__seed23/test_preds.csv
naive_persistence,Naive persistence,test,2024-08-02,2024-08-03,1722668400,61415.0703125,60680.0898438,61415.0703125,0,,,,derived: predicted_close=current_close
cmamba_v_reproduced,Reproduced CM-v,test,2024-08-03,2024-08-04,1722754800,60680.0898438,58116.9804688,60511.8007812,136952,output/seed_runs/cmamba_v__seed23/epoch949-val-rmse572.6860.ckpt,afb28215d656ea54421efb00e3c60ec9d8a818fff186c194be9a98b55dcecdf0,672faa9fb7cb4499da17d6a3afbd65a9301f170f,output/evaluation/forecast_predictions.csv
s5_full,CMamba-T / S5-Full,test,2024-08-03,2024-08-04,1722754800,60680.0898438,58116.9804688,60354.921875,57249,output/seed_runs/s5_full__seed23/epoch321-val-rmse527.3419.ckpt,a2f8b0f39411e199e73ee22a8ae3055d3fc4218fa9d670b31af93d2e190df291,672faa9fb7cb4499da17d6a3afbd65a9301f170f,output/seed_runs/s5_full__seed23/test_preds.csv
naive_persistence,Naive persistence,test,2024-08-03,2024-08-04,1722754800,60680.0898438,58116.9804688,60680.0898438,0,,,,derived: predicted_close=current_close
cmamba_v_reproduced,Reproduced CM-v,test,2024-08-04,2024-08-05,1722841200,58116.9804688,53991.4609375,58889.3632812,136952,output/seed_runs/cmamba_v__seed23/epoch949-val-rmse572.6860.ckpt,afb28215d656ea54421efb00e3c60ec9d8a818fff186c194be9a98b55dcecdf0,672faa9fb7cb4499da17d6a3afbd65a9301f170f,output/evaluation/forecast_predictions.csv
s5_full,CMamba-T / S5-Full,test,2024-08-04,2024-08-05,1722841200,58116.9804688,53991.4609375,57550.7539062,57249,output/seed_runs/s5_full__seed23/epoch321-val-rmse527.3419.ckpt,a2f8b0f39411e199e73ee22a8ae3055d3fc4218fa9d670b31af93d2e190df291,672faa9fb7cb4499da17d6a3afbd65a9301f170f,output/seed_runs/s5_full__seed23/test_preds.csv
naive_persistence,Naive persistence,test,2024-08-04,2024-08-05,1722841200,58116.9804688,53991.4609375,58116.9804688,0,,,,derived: predicted_close=current_close
cmamba_v_reproduced,Reproduced CM-v,test,2024-08-05,2024-08-06,1722927600,53991.4609375,56034.3203125,53146.7109375,136952,output/seed_runs/cmamba_v__seed23/epoch949-val-rmse572.6860.ckpt,afb28215d656ea54421efb00e3c60ec9d8a818fff186c194be9a98b55dcecdf0,672faa9fb7cb4499da17d6a3afbd65a9301f170f,output/evaluation/forecast_predictions.csv
s5_full,CMamba-T / S5-Full,test,2024-08-05,2024-08-06,1722927600,53991.4609375,56034.3203125,53467.0703125,57249,output/seed_runs/s5_full__seed23/epoch321-val-rmse527.3419.ckpt,a2f8b0f39411e199e73ee22a8ae3055d3fc4218fa9d670b31af93d2e190df291,672faa9fb7cb4499da17d6a3afbd65a9301f170f,output/seed_runs/s5_full__seed23/test_preds.csv
naive_persistence,Naive persistence,test,2024-08-05,2024-08-06,1722927600,53991.4609375,56034.3203125,53991.4609375,0,,,,derived: predicted_close=current_close
cmamba_v_reproduced,Reproduced CM-v,test,2024-08-06,2024-08-07,1723014000,56034.3203125,55027.4609375,55921.7382812,136952,output/seed_runs/cmamba_v__seed23/epoch949-val-rmse572.6860.ckpt,afb28215d656ea54421efb00e3c60ec9d8a818fff186c194be9a98b55dcecdf0,672faa9fb7cb4499da17d6a3afbd65a9301f170f,output/evaluation/forecast_predictions.csv
s5_full,CMamba-T / S5-Full,test,2024-08-06,2024-08-07,1723014000,56034.3203125,55027.4609375,55311.8867188,57249,output/seed_runs/s5_full__seed23/epoch321-val-rmse527.3419.ckpt,a2f8b0f39411e199e73ee22a8ae3055d3fc4218fa9d670b31af93d2e190df291,672faa9fb7cb4499da17d6a3afbd65a9301f170f,output/seed_runs/s5_full__seed23/test_preds.csv
naive_persistence,Naive persistence,test,2024-08-06,2024-08-07,1723014000,56034.3203125,55027.4609375,56034.3203125,0,,,,derived: predicted_close=current_close
cmamba_v_reproduced,Reproduced CM-v,test,2024-08-07,2024-08-08,1723100400,55027.4609375,61710.140625,55550.3320312,136952,output/seed_runs/cmamba_v__seed23/epoch949-val-rmse572.6860.ckpt,afb28215d656ea54421efb00e3c60ec9d8a818fff186c194be9a98b55dcecdf0,672faa9fb7cb4499da17d6a3afbd65a9301f170f,output/evaluation/forecast_predictions.csv
s5_full,CMamba-T / S5-Full,test,2024-08-07,2024-08-08,1723100400,55027.4609375,61710.140625,54268.9960938,57249,output/seed_runs/s5_full__seed23/epoch321-val-rmse527.3419.ckpt,a2f8b0f39411e199e73ee22a8ae3055d3fc4218fa9d670b31af93d2e190df291,672faa9fb7cb4499da17d6a3afbd65a9301f170f,output/seed_runs/s5_full__seed23/test_preds.csv
naive_persistence,Naive persistence,test,2024-08-07,2024-08-08,1723100400,55027.4609375,61710.140625,55027.4609375,0,,,,derived: predicted_close=current_close
cmamba_v_reproduced,Reproduced CM-v,test,2024-08-08,2024-08-09,1723186800,61710.140625,60880.109375,58959.7617188,136952,output/seed_runs/cmamba_v__seed23/epoch949-val-rmse572.6860.ckpt,afb28215d656ea54421efb00e3c60ec9d8a818fff186c194be9a98b55dcecdf0,672faa9fb7cb4499da17d6a3afbd65a9301f170f,output/evaluation/forecast_predictions.csv
s5_full,CMamba-T / S5-Full,test,2024-08-08,2024-08-09,1723186800,61710.140625,60880.109375,61423.4726562,57249,output/seed_runs/s5_full__seed23/epoch321-val-rmse527.3419.ckpt,a2f8b0f39411e199e73ee22a8ae3055d3fc4218fa9d670b31af93d2e190df291,672faa9fb7cb4499da17d6a3afbd65a9301f170f,output/seed_runs/s5_full__seed23/test_preds.csv
naive_persistence,Naive persistence,test,2024-08-08,2024-08-09,1723186800,61710.140625,60880.109375,61710.140625,0,,,,derived: predicted_close=current_close
cmamba_v_reproduced,Reproduced CM-v,test,2024-08-09,2024-08-10,1723273200,60880.109375,60945.8085938,61829.421875,136952,output/seed_runs/cmamba_v__seed23/epoch949-val-rmse572.6860.ckpt,afb28215d656ea54421efb00e3c60ec9d8a818fff186c194be9a98b55dcecdf0,672faa9fb7cb4499da17d6a3afbd65a9301f170f,output/evaluation/forecast_predictions.csv
s5_full,CMamba-T / S5-Full,test,2024-08-09,2024-08-10,1723273200,60880.109375,60945.8085938,60720.5546875,57249,output/seed_runs/s5_full__seed23/epoch321-val-rmse527.3419.ckpt,a2f8b0f39411e199e73ee22a8ae3055d3fc4218fa9d670b31af93d2e190df291,672faa9fb7cb4499da17d6a3afbd65a9301f170f,output/seed_runs/s5_full__seed23/test_preds.csv
naive_persistence,Naive persistence,test,2024-08-09,2024-08-10,1723273200,60880.109375,60945.8085938,60880.109375,0,,,,derived: predicted_close=current_close
cmamba_v_reproduced,Reproduced CM-v,test,2024-08-10,2024-08-11,1723359600,60945.8085938,58719.4804688,60441.4492188,136952,output/seed_runs/cmamba_v__seed23/epoch949-val-rmse572.6860.ckpt,afb28215d656ea54421efb00e3c60ec9d8a818fff186c194be9a98b55dcecdf0,672faa9fb7cb4499da17d6a3afbd65a9301f170f,output/evaluation/forecast_predictions.csv
s5_full,CMamba-T / S5-Full,test,2024-08-10,2024-08-11,1723359600,60945.8085938,58719.4804688,60784.6054688,57249,output/seed_runs/s5_full__seed23/epoch321-val-rmse527.3419.ckpt,a2f8b0f39411e199e73ee22a8ae3055d3fc4218fa9d670b31af93d2e190df291,672faa9fb7cb4499da17d6a3afbd65a9301f170f,output/seed_runs/s5_full__seed23/test_preds.csv
naive_persistence,Naive persistence,test,2024-08-10,2024-08-11,1723359600,60945.8085938,58719.4804688,60945.8085938,0,,,,derived: predicted_close=current_close
cmamba_v_reproduced,Reproduced CM-v,test,2024-08-11,2024-08-12,1723446000,58719.4804688,59354.5195312,59819.515625,136952,output/seed_runs/cmamba_v__seed23/epoch949-val-rmse572.6860.ckpt,afb28215d656ea54421efb00e3c60ec9d8a818fff186c194be9a98b55dcecdf0,672faa9fb7cb4499da17d6a3afbd65a9301f170f,output/evaluation/forecast_predictions.csv
s5_full,CMamba-T / S5-Full,test,2024-08-11,2024-08-12,1723446000,58719.4804688,59354.5195312,58562.8789062,57249,output/seed_runs/s5_full__seed23/epoch321-val-rmse527.3419.ckpt,a2f8b0f39411e199e73ee22a8ae3055d3fc4218fa9d670b31af93d2e190df291,672faa9fb7cb4499da17d6a3afbd65a9301f170f,output/seed_runs/s5_full__seed23/test_preds.csv
naive_persistence,Naive persistence,test,2024-08-11,2024-08-12,1723446000,58719.4804688,59354.5195312,58719.4804688,0,,,,derived: predicted_close=current_close
cmamba_v_reproduced,Reproduced CM-v,test,2024-08-12,2024-08-13,1723532400,59354.5195312,60609.5703125,59341.0585938,136952,output/seed_runs/cmamba_v__seed23/epoch949-val-rmse572.6860.ckpt,afb28215d656ea54421efb00e3c60ec9d8a818fff186c194be9a98b55dcecdf0,672faa9fb7cb4499da17d6a3afbd65a9301f170f,output/evaluation/forecast_predictions.csv
s5_full,CMamba-T / S5-Full,test,2024-08-12,2024-08-13,1723532400,59354.5195312,60609.5703125,59225.3632812,57249,output/seed_runs/s5_full__seed23/epoch321-val-rmse527.3419.ckpt,a2f8b0f39411e199e73ee22a8ae3055d3fc4218fa9d670b31af93d2e190df291,672faa9fb7cb4499da17d6a3afbd65a9301f170f,output/seed_runs/s5_full__seed23/test_preds.csv
naive_persistence,Naive persistence,test,2024-08-12,2024-08-13,1723532400,59354.5195312,60609.5703125,59354.5195312,0,,,,derived: predicted_close=current_close
cmamba_v_reproduced,Reproduced CM-v,test,2024-08-13,2024-08-14,1723618800,60609.5703125,58737.2695312,59478.9179688,136952,output/seed_runs/cmamba_v__seed23/epoch949-val-rmse572.6860.ckpt,afb28215d656ea54421efb00e3c60ec9d8a818fff186c194be9a98b55dcecdf0,672faa9fb7cb4499da17d6a3afbd65a9301f170f,output/evaluation/forecast_predictions.csv
s5_full,CMamba-T / S5-Full,test,2024-08-13,2024-08-14,1723618800,60609.5703125,58737.2695312,60483.0585938,57249,output/seed_runs/s5_full__seed23/epoch321-val-rmse527.3419.ckpt,a2f8b0f39411e199e73ee22a8ae3055d3fc4218fa9d670b31af93d2e190df291,672faa9fb7cb4499da17d6a3afbd65a9301f170f,output/seed_runs/s5_full__seed23/test_preds.csv
naive_persistence,Naive persistence,test,2024-08-13,2024-08-14,1723618800,60609.5703125,58737.2695312,60609.5703125,0,,,,derived: predicted_close=current_close
cmamba_v_reproduced,Reproduced CM-v,test,2024-08-14,2024-08-15,1723705200,58737.2695312,57560.1015625,59936.4765625,136952,output/seed_runs/cmamba_v__seed23/epoch949-val-rmse572.6860.ckpt,afb28215d656ea54421efb00e3c60ec9d8a818fff186c194be9a98b55dcecdf0,672faa9fb7cb4499da17d6a3afbd65a9301f170f,output/evaluation/forecast_predictions.csv
s5_full,CMamba-T / S5-Full,test,2024-08-14,2024-08-15,1723705200,58737.2695312,57560.1015625,58570.3007812,57249,output/seed_runs/s5_full__seed23/epoch321-val-rmse527.3419.ckpt,a2f8b0f39411e199e73ee22a8ae3055d3fc4218fa9d670b31af93d2e190df291,672faa9fb7cb4499da17d6a3afbd65a9301f170f,output/seed_runs/s5_full__seed23/test_preds.csv
naive_persistence,Naive persistence,test,2024-08-14,2024-08-15,1723705200,58737.2695312,57560.1015625,58737.2695312,0,,,,derived: predicted_close=current_close
cmamba_v_reproduced,Reproduced CM-v,test,2024-08-15,2024-08-16,1723791600,57560.1015625,58894.109375,57139.2148438,136952,output/seed_runs/cmamba_v__seed23/epoch949-val-rmse572.6860.ckpt,afb28215d656ea54421efb00e3c60ec9d8a818fff186c194be9a98b55dcecdf0,672faa9fb7cb4499da17d6a3afbd65a9301f170f,output/evaluation/forecast_predictions.csv
s5_full,CMamba-T / S5-Full,test,2024-08-15,2024-08-16,1723791600,57560.1015625,58894.109375,57392.921875,57249,output/seed_runs/s5_full__seed23/epoch321-val-rmse527.3419.ckpt,a2f8b0f39411e199e73ee22a8ae3055d3fc4218fa9d670b31af93d2e190df291,672faa9fb7cb4499da17d6a3afbd65a9301f170f,output/seed_runs/s5_full__seed23/test_preds.csv
naive_persistence,Naive persistence,test,2024-08-15,2024-08-16,1723791600,57560.1015625,58894.109375,57560.1015625,0,,,,derived: predicted_close=current_close
cmamba_v_reproduced,Reproduced CM-v,test,2024-08-16,2024-08-17,1723878000,58894.109375,59478.96875,59058.3320312,136952,output/seed_runs/cmamba_v__seed23/epoch949-val-rmse572.6860.ckpt,afb28215d656ea54421efb00e3c60ec9d8a818fff186c194be9a98b55dcecdf0,672faa9fb7cb4499da17d6a3afbd65a9301f170f,output/evaluation/forecast_predictions.csv
s5_full,CMamba-T / S5-Full,test,2024-08-16,2024-08-17,1723878000,58894.109375,59478.96875,58678.1601562,57249,output/seed_runs/s5_full__seed23/epoch321-val-rmse527.3419.ckpt,a2f8b0f39411e199e73ee22a8ae3055d3fc4218fa9d670b31af93d2e190df291,672faa9fb7cb4499da17d6a3afbd65a9301f170f,output/seed_runs/s5_full__seed23/test_preds.csv
naive_persistence,Naive persistence,test,2024-08-16,2024-08-17,1723878000,58894.109375,59478.96875,58894.109375,0,,,,derived: predicted_close=current_close
cmamba_v_reproduced,Reproduced CM-v,test,2024-08-17,2024-08-18,1723964400,59478.96875,58483.9609375,59860.3007812,136952,output/seed_runs/cmamba_v__seed23/epoch949-val-rmse572.6860.ckpt,afb28215d656ea54421efb00e3c60ec9d8a818fff186c194be9a98b55dcecdf0,672faa9fb7cb4499da17d6a3afbd65a9301f170f,output/evaluation/forecast_predictions.csv
s5_full,CMamba-T / S5-Full,test,2024-08-17,2024-08-18,1723964400,59478.96875,58483.9609375,59211.7265625,57249,output/seed_runs/s5_full__seed23/epoch321-val-rmse527.3419.ckpt,a2f8b0f39411e199e73ee22a8ae3055d3fc4218fa9d670b31af93d2e190df291,672faa9fb7cb4499da17d6a3afbd65a9301f170f,output/seed_runs/s5_full__seed23/test_preds.csv
naive_persistence,Naive persistence,test,2024-08-17,2024-08-18,1723964400,59478.96875,58483.9609375,59478.96875,0,,,,derived: predicted_close=current_close
cmamba_v_reproduced,Reproduced CM-v,test,2024-08-18,2024-08-19,1724050800,58483.9609375,59493.4492188,58884.1289062,136952,output/seed_runs/cmamba_v__seed23/epoch949-val-rmse572.6860.ckpt,afb28215d656ea54421efb00e3c60ec9d8a818fff186c194be9a98b55dcecdf0,672faa9fb7cb4499da17d6a3afbd65a9301f170f,output/evaluation/forecast_predictions.csv
s5_full,CMamba-T / S5-Full,test,2024-08-18,2024-08-19,1724050800,58483.9609375,59493.4492188,58281.6054688,57249,output/seed_runs/s5_full__seed23/epoch321-val-rmse527.3419.ckpt,a2f8b0f39411e199e73ee22a8ae3055d3fc4218fa9d670b31af93d2e190df291,672faa9fb7cb4499da17d6a3afbd65a9301f170f,output/seed_runs/s5_full__seed23/test_preds.csv
naive_persistence,Naive persistence,test,2024-08-18,2024-08-19,1724050800,58483.9609375,59493.4492188,58483.9609375,0,,,,derived: predicted_close=current_close
cmamba_v_reproduced,Reproduced CM-v,test,2024-08-19,2024-08-20,1724137200,59493.4492188,59012.7890625,58734.6367188,136952,output/seed_runs/cmamba_v__seed23/epoch949-val-rmse572.6860.ckpt,afb28215d656ea54421efb00e3c60ec9d8a818fff186c194be9a98b55dcecdf0,672faa9fb7cb4499da17d6a3afbd65a9301f170f,output/evaluation/forecast_predictions.csv
s5_full,CMamba-T / S5-Full,test,2024-08-19,2024-08-20,1724137200,59493.4492188,59012.7890625,59475.0078125,57249,output/seed_runs/s5_full__seed23/epoch321-val-rmse527.3419.ckpt,a2f8b0f39411e199e73ee22a8ae3055d3fc4218fa9d670b31af93d2e190df291,672faa9fb7cb4499da17d6a3afbd65a9301f170f,output/seed_runs/s5_full__seed23/test_preds.csv
naive_persistence,Naive persistence,test,2024-08-19,2024-08-20,1724137200,59493.4492188,59012.7890625,59493.4492188,0,,,,derived: predicted_close=current_close
cmamba_v_reproduced,Reproduced CM-v,test,2024-08-20,2024-08-21,1724223600,59012.7890625,61175.1914062,59633.1601562,136952,output/seed_runs/cmamba_v__seed23/epoch949-val-rmse572.6860.ckpt,afb28215d656ea54421efb00e3c60ec9d8a818fff186c194be9a98b55dcecdf0,672faa9fb7cb4499da17d6a3afbd65a9301f170f,output/evaluation/forecast_predictions.csv
s5_full,CMamba-T / S5-Full,test,2024-08-20,2024-08-21,1724223600,59012.7890625,61175.1914062,59002.3984375,57249,output/seed_runs/s5_full__seed23/epoch321-val-rmse527.3419.ckpt,a2f8b0f39411e199e73ee22a8ae3055d3fc4218fa9d670b31af93d2e190df291,672faa9fb7cb4499da17d6a3afbd65a9301f170f,output/seed_runs/s5_full__seed23/test_preds.csv
naive_persistence,Naive persistence,test,2024-08-20,2024-08-21,1724223600,59012.7890625,61175.1914062,59012.7890625,0,,,,derived: predicted_close=current_close
cmamba_v_reproduced,Reproduced CM-v,test,2024-08-21,2024-08-22,1724310000,61175.1914062,60381.9101562,60581.2265625,136952,output/seed_runs/cmamba_v__seed23/epoch949-val-rmse572.6860.ckpt,afb28215d656ea54421efb00e3c60ec9d8a818fff186c194be9a98b55dcecdf0,672faa9fb7cb4499da17d6a3afbd65a9301f170f,output/evaluation/forecast_predictions.csv
s5_full,CMamba-T / S5-Full,test,2024-08-21,2024-08-22,1724310000,61175.1914062,60381.9101562,61156.8828125,57249,output/seed_runs/s5_full__seed23/epoch321-val-rmse527.3419.ckpt,a2f8b0f39411e199e73ee22a8ae3055d3fc4218fa9d670b31af93d2e190df291,672faa9fb7cb4499da17d6a3afbd65a9301f170f,output/seed_runs/s5_full__seed23/test_preds.csv
naive_persistence,Naive persistence,test,2024-08-21,2024-08-22,1724310000,61175.1914062,60381.9101562,61175.1914062,0,,,,derived: predicted_close=current_close
cmamba_v_reproduced,Reproduced CM-v,test,2024-08-22,2024-08-23,1724396400,60381.9101562,64094.359375,61066.8320312,136952,output/seed_runs/cmamba_v__seed23/epoch949-val-rmse572.6860.ckpt,afb28215d656ea54421efb00e3c60ec9d8a818fff186c194be9a98b55dcecdf0,672faa9fb7cb4499da17d6a3afbd65a9301f170f,output/evaluation/forecast_predictions.csv
s5_full,CMamba-T / S5-Full,test,2024-08-22,2024-08-23,1724396400,60381.9101562,64094.359375,60354.7460938,57249,output/seed_runs/s5_full__seed23/epoch321-val-rmse527.3419.ckpt,a2f8b0f39411e199e73ee22a8ae3055d3fc4218fa9d670b31af93d2e190df291,672faa9fb7cb4499da17d6a3afbd65a9301f170f,output/seed_runs/s5_full__seed23/test_preds.csv
naive_persistence,Naive persistence,test,2024-08-22,2024-08-23,1724396400,60381.9101562,64094.359375,60381.9101562,0,,,,derived: predicted_close=current_close
cmamba_v_reproduced,Reproduced CM-v,test,2024-08-23,2024-08-24,1724482800,64094.359375,64178.9882812,62669.0625,136952,output/seed_runs/cmamba_v__seed23/epoch949-val-rmse572.6860.ckpt,afb28215d656ea54421efb00e3c60ec9d8a818fff186c194be9a98b55dcecdf0,672faa9fb7cb4499da17d6a3afbd65a9301f170f,output/evaluation/forecast_predictions.csv
s5_full,CMamba-T / S5-Full,test,2024-08-23,2024-08-24,1724482800,64094.359375,64178.9882812,64128.6289062,57249,output/seed_runs/s5_full__seed23/epoch321-val-rmse527.3419.ckpt,a2f8b0f39411e199e73ee22a8ae3055d3fc4218fa9d670b31af93d2e190df291,672faa9fb7cb4499da17d6a3afbd65a9301f170f,output/seed_runs/s5_full__seed23/test_preds.csv
naive_persistence,Naive persistence,test,2024-08-23,2024-08-24,1724482800,64094.359375,64178.9882812,64094.359375,0,,,,derived: predicted_close=current_close
cmamba_v_reproduced,Reproduced CM-v,test,2024-08-24,2024-08-25,1724569200,64178.9882812,64333.5390625,64548.0742188,136952,output/seed_runs/cmamba_v__seed23/epoch949-val-rmse572.6860.ckpt,afb28215d656ea54421efb00e3c60ec9d8a818fff186c194be9a98b55dcecdf0,672faa9fb7cb4499da17d6a3afbd65a9301f170f,output/evaluation/forecast_predictions.csv
s5_full,CMamba-T / S5-Full,test,2024-08-24,2024-08-25,1724569200,64178.9882812,64333.5390625,64201.5664062,57249,output/seed_runs/s5_full__seed23/epoch321-val-rmse527.3419.ckpt,a2f8b0f39411e199e73ee22a8ae3055d3fc4218fa9d670b31af93d2e190df291,672faa9fb7cb4499da17d6a3afbd65a9301f170f,output/seed_runs/s5_full__seed23/test_preds.csv
naive_persistence,Naive persistence,test,2024-08-24,2024-08-25,1724569200,64178.9882812,64333.5390625,64178.9882812,0,,,,derived: predicted_close=current_close
cmamba_v_reproduced,Reproduced CM-v,test,2024-08-25,2024-08-26,1724655600,64333.5390625,62880.6601562,64555.3476562,136952,output/seed_runs/cmamba_v__seed23/epoch949-val-rmse572.6860.ckpt,afb28215d656ea54421efb00e3c60ec9d8a818fff186c194be9a98b55dcecdf0,672faa9fb7cb4499da17d6a3afbd65a9301f170f,output/evaluation/forecast_predictions.csv
s5_full,CMamba-T / S5-Full,test,2024-08-25,2024-08-26,1724655600,64333.5390625,62880.6601562,64359.359375,57249,output/seed_runs/s5_full__seed23/epoch321-val-rmse527.3419.ckpt,a2f8b0f39411e199e73ee22a8ae3055d3fc4218fa9d670b31af93d2e190df291,672faa9fb7cb4499da17d6a3afbd65a9301f170f,output/seed_runs/s5_full__seed23/test_preds.csv
naive_persistence,Naive persistence,test,2024-08-25,2024-08-26,1724655600,64333.5390625,62880.6601562,64333.5390625,0,,,,derived: predicted_close=current_close
cmamba_v_reproduced,Reproduced CM-v,test,2024-08-26,2024-08-27,1724742000,62880.6601562,59504.1289062,63567.4804688,136952,output/seed_runs/cmamba_v__seed23/epoch949-val-rmse572.6860.ckpt,afb28215d656ea54421efb00e3c60ec9d8a818fff186c194be9a98b55dcecdf0,672faa9fb7cb4499da17d6a3afbd65a9301f170f,output/evaluation/forecast_predictions.csv
s5_full,CMamba-T / S5-Full,test,2024-08-26,2024-08-27,1724742000,62880.6601562,59504.1289062,62908.7265625,57249,output/seed_runs/s5_full__seed23/epoch321-val-rmse527.3419.ckpt,a2f8b0f39411e199e73ee22a8ae3055d3fc4218fa9d670b31af93d2e190df291,672faa9fb7cb4499da17d6a3afbd65a9301f170f,output/seed_runs/s5_full__seed23/test_preds.csv
naive_persistence,Naive persistence,test,2024-08-26,2024-08-27,1724742000,62880.6601562,59504.1289062,62880.6601562,0,,,,derived: predicted_close=current_close
cmamba_v_reproduced,Reproduced CM-v,test,2024-08-27,2024-08-28,1724828400,59504.1289062,59027.6289062,59869.5039062,136952,output/seed_runs/cmamba_v__seed23/epoch949-val-rmse572.6860.ckpt,afb28215d656ea54421efb00e3c60ec9d8a818fff186c194be9a98b55dcecdf0,672faa9fb7cb4499da17d6a3afbd65a9301f170f,output/evaluation/forecast_predictions.csv
s5_full,CMamba-T / S5-Full,test,2024-08-27,2024-08-28,1724828400,59504.1289062,59027.6289062,59552.2226562,57249,output/seed_runs/s5_full__seed23/epoch321-val-rmse527.3419.ckpt,a2f8b0f39411e199e73ee22a8ae3055d3fc4218fa9d670b31af93d2e190df291,672faa9fb7cb4499da17d6a3afbd65a9301f170f,output/seed_runs/s5_full__seed23/test_preds.csv
naive_persistence,Naive persistence,test,2024-08-27,2024-08-28,1724828400,59504.1289062,59027.6289062,59504.1289062,0,,,,derived: predicted_close=current_close
cmamba_v_reproduced,Reproduced CM-v,test,2024-08-28,2024-08-29,1724914800,59027.6289062,59388.1796875,58980.40625,136952,output/seed_runs/cmamba_v__seed23/epoch949-val-rmse572.6860.ckpt,afb28215d656ea54421efb00e3c60ec9d8a818fff186c194be9a98b55dcecdf0,672faa9fb7cb4499da17d6a3afbd65a9301f170f,output/evaluation/forecast_predictions.csv
s5_full,CMamba-T / S5-Full,test,2024-08-28,2024-08-29,1724914800,59027.6289062,59388.1796875,58927.4492188,57249,output/seed_runs/s5_full__seed23/epoch321-val-rmse527.3419.ckpt,a2f8b0f39411e199e73ee22a8ae3055d3fc4218fa9d670b31af93d2e190df291,672faa9fb7cb4499da17d6a3afbd65a9301f170f,output/seed_runs/s5_full__seed23/test_preds.csv
naive_persistence,Naive persistence,test,2024-08-28,2024-08-29,1724914800,59027.6289062,59388.1796875,59027.6289062,0,,,,derived: predicted_close=current_close
cmamba_v_reproduced,Reproduced CM-v,test,2024-08-29,2024-08-30,1725001200,59388.1796875,59119.4804688,59968.3476562,136952,output/seed_runs/cmamba_v__seed23/epoch949-val-rmse572.6860.ckpt,afb28215d656ea54421efb00e3c60ec9d8a818fff186c194be9a98b55dcecdf0,672faa9fb7cb4499da17d6a3afbd65a9301f170f,output/evaluation/forecast_predictions.csv
s5_full,CMamba-T / S5-Full,test,2024-08-29,2024-08-30,1725001200,59388.1796875,59119.4804688,59189.3164062,57249,output/seed_runs/s5_full__seed23/epoch321-val-rmse527.3419.ckpt,a2f8b0f39411e199e73ee22a8ae3055d3fc4218fa9d670b31af93d2e190df291,672faa9fb7cb4499da17d6a3afbd65a9301f170f,output/seed_runs/s5_full__seed23/test_preds.csv
naive_persistence,Naive persistence,test,2024-08-29,2024-08-30,1725001200,59388.1796875,59119.4804688,59388.1796875,0,,,,derived: predicted_close=current_close
cmamba_v_reproduced,Reproduced CM-v,test,2024-08-30,2024-08-31,1725087600,59119.4804688,58969.8984375,58253.7539062,136952,output/seed_runs/cmamba_v__seed23/epoch949-val-rmse572.6860.ckpt,afb28215d656ea54421efb00e3c60ec9d8a818fff186c194be9a98b55dcecdf0,672faa9fb7cb4499da17d6a3afbd65a9301f170f,output/evaluation/forecast_predictions.csv
s5_full,CMamba-T / S5-Full,test,2024-08-30,2024-08-31,1725087600,59119.4804688,58969.8984375,58906.6132812,57249,output/seed_runs/s5_full__seed23/epoch321-val-rmse527.3419.ckpt,a2f8b0f39411e199e73ee22a8ae3055d3fc4218fa9d670b31af93d2e190df291,672faa9fb7cb4499da17d6a3afbd65a9301f170f,output/seed_runs/s5_full__seed23/test_preds.csv
naive_persistence,Naive persistence,test,2024-08-30,2024-08-31,1725087600,59119.4804688,58969.8984375,59119.4804688,0,,,,derived: predicted_close=current_close
cmamba_v_reproduced,Reproduced CM-v,test,2024-08-31,2024-09-01,1725174000,58969.8984375,57325.4882812,59246.6757812,136952,output/seed_runs/cmamba_v__seed23/epoch949-val-rmse572.6860.ckpt,afb28215d656ea54421efb00e3c60ec9d8a818fff186c194be9a98b55dcecdf0,672faa9fb7cb4499da17d6a3afbd65a9301f170f,output/evaluation/forecast_predictions.csv
s5_full,CMamba-T / S5-Full,test,2024-08-31,2024-09-01,1725174000,58969.8984375,57325.4882812,58794.5820312,57249,output/seed_runs/s5_full__seed23/epoch321-val-rmse527.3419.ckpt,a2f8b0f39411e199e73ee22a8ae3055d3fc4218fa9d670b31af93d2e190df291,672faa9fb7cb4499da17d6a3afbd65a9301f170f,output/seed_runs/s5_full__seed23/test_preds.csv
naive_persistence,Naive persistence,test,2024-08-31,2024-09-01,1725174000,58969.8984375,57325.4882812,58969.8984375,0,,,,derived: predicted_close=current_close
cmamba_v_reproduced,Reproduced CM-v,test,2024-09-01,2024-09-02,1725260400,57325.4882812,59112.4804688,58020.9453125,136952,output/seed_runs/cmamba_v__seed23/epoch949-val-rmse572.6860.ckpt,afb28215d656ea54421efb00e3c60ec9d8a818fff186c194be9a98b55dcecdf0,672faa9fb7cb4499da17d6a3afbd65a9301f170f,output/evaluation/forecast_predictions.csv
s5_full,CMamba-T / S5-Full,test,2024-09-01,2024-09-02,1725260400,57325.4882812,59112.4804688,57235.3125,57249,output/seed_runs/s5_full__seed23/epoch321-val-rmse527.3419.ckpt,a2f8b0f39411e199e73ee22a8ae3055d3fc4218fa9d670b31af93d2e190df291,672faa9fb7cb4499da17d6a3afbd65a9301f170f,output/seed_runs/s5_full__seed23/test_preds.csv
naive_persistence,Naive persistence,test,2024-09-01,2024-09-02,1725260400,57325.4882812,59112.4804688,57325.4882812,0,,,,derived: predicted_close=current_close
cmamba_v_reproduced,Reproduced CM-v,test,2024-09-02,2024-09-03,1725346800,59112.4804688,57431.0195312,58276.5351562,136952,output/seed_runs/cmamba_v__seed23/epoch949-val-rmse572.6860.ckpt,afb28215d656ea54421efb00e3c60ec9d8a818fff186c194be9a98b55dcecdf0,672faa9fb7cb4499da17d6a3afbd65a9301f170f,output/evaluation/forecast_predictions.csv
s5_full,CMamba-T / S5-Full,test,2024-09-02,2024-09-03,1725346800,59112.4804688,57431.0195312,59145.375,57249,output/seed_runs/s5_full__seed23/epoch321-val-rmse527.3419.ckpt,a2f8b0f39411e199e73ee22a8ae3055d3fc4218fa9d670b31af93d2e190df291,672faa9fb7cb4499da17d6a3afbd65a9301f170f,output/seed_runs/s5_full__seed23/test_preds.csv
naive_persistence,Naive persistence,test,2024-09-02,2024-09-03,1725346800,59112.4804688,57431.0195312,59112.4804688,0,,,,derived: predicted_close=current_close
cmamba_v_reproduced,Reproduced CM-v,test,2024-09-03,2024-09-04,1725433200,57431.0195312,57971.5390625,58797.0859375,136952,output/seed_runs/cmamba_v__seed23/epoch949-val-rmse572.6860.ckpt,afb28215d656ea54421efb00e3c60ec9d8a818fff186c194be9a98b55dcecdf0,672faa9fb7cb4499da17d6a3afbd65a9301f170f,output/evaluation/forecast_predictions.csv
s5_full,CMamba-T / S5-Full,test,2024-09-03,2024-09-04,1725433200,57431.0195312,57971.5390625,57497.0664062,57249,output/seed_runs/s5_full__seed23/epoch321-val-rmse527.3419.ckpt,a2f8b0f39411e199e73ee22a8ae3055d3fc4218fa9d670b31af93d2e190df291,672faa9fb7cb4499da17d6a3afbd65a9301f170f,output/seed_runs/s5_full__seed23/test_preds.csv
naive_persistence,Naive persistence,test,2024-09-03,2024-09-04,1725433200,57431.0195312,57971.5390625,57431.0195312,0,,,,derived: predicted_close=current_close
cmamba_v_reproduced,Reproduced CM-v,test,2024-09-04,2024-09-05,1725519600,57971.5390625,56160.4882812,56380.7382812,136952,output/seed_runs/cmamba_v__seed23/epoch949-val-rmse572.6860.ckpt,afb28215d656ea54421efb00e3c60ec9d8a818fff186c194be9a98b55dcecdf0,672faa9fb7cb4499da17d6a3afbd65a9301f170f,output/evaluation/forecast_predictions.csv
s5_full,CMamba-T / S5-Full,test,2024-09-04,2024-09-05,1725519600,57971.5390625,56160.4882812,57996.6054688,57249,output/seed_runs/s5_full__seed23/epoch321-val-rmse527.3419.ckpt,a2f8b0f39411e199e73ee22a8ae3055d3fc4218fa9d670b31af93d2e190df291,672faa9fb7cb4499da17d6a3afbd65a9301f170f,output/seed_runs/s5_full__seed23/test_preds.csv
naive_persistence,Naive persistence,test,2024-09-04,2024-09-05,1725519600,57971.5390625,56160.4882812,57971.5390625,0,,,,derived: predicted_close=current_close
cmamba_v_reproduced,Reproduced CM-v,test,2024-09-05,2024-09-06,1725606000,56160.4882812,53948.75,56787.2070312,136952,output/seed_runs/cmamba_v__seed23/epoch949-val-rmse572.6860.ckpt,afb28215d656ea54421efb00e3c60ec9d8a818fff186c194be9a98b55dcecdf0,672faa9fb7cb4499da17d6a3afbd65a9301f170f,output/evaluation/forecast_predictions.csv
s5_full,CMamba-T / S5-Full,test,2024-09-05,2024-09-06,1725606000,56160.4882812,53948.75,56068.515625,57249,output/seed_runs/s5_full__seed23/epoch321-val-rmse527.3419.ckpt,a2f8b0f39411e199e73ee22a8ae3055d3fc4218fa9d670b31af93d2e190df291,672faa9fb7cb4499da17d6a3afbd65a9301f170f,output/seed_runs/s5_full__seed23/test_preds.csv
naive_persistence,Naive persistence,test,2024-09-05,2024-09-06,1725606000,56160.4882812,53948.75,56160.4882812,0,,,,derived: predicted_close=current_close
cmamba_v_reproduced,Reproduced CM-v,test,2024-09-06,2024-09-07,1725692400,53948.75,54139.6914062,54354.0507812,136952,output/seed_runs/cmamba_v__seed23/epoch949-val-rmse572.6860.ckpt,afb28215d656ea54421efb00e3c60ec9d8a818fff186c194be9a98b55dcecdf0,672faa9fb7cb4499da17d6a3afbd65a9301f170f,output/evaluation/forecast_predictions.csv
s5_full,CMamba-T / S5-Full,test,2024-09-06,2024-09-07,1725692400,53948.75,54139.6914062,53736.5039062,57249,output/seed_runs/s5_full__seed23/epoch321-val-rmse527.3419.ckpt,a2f8b0f39411e199e73ee22a8ae3055d3fc4218fa9d670b31af93d2e190df291,672faa9fb7cb4499da17d6a3afbd65a9301f170f,output/seed_runs/s5_full__seed23/test_preds.csv
naive_persistence,Naive persistence,test,2024-09-06,2024-09-07,1725692400,53948.75,54139.6914062,53948.75,0,,,,derived: predicted_close=current_close
cmamba_v_reproduced,Reproduced CM-v,test,2024-09-07,2024-09-08,1725778800,54139.6914062,54841.5703125,53915.3789062,136952,output/seed_runs/cmamba_v__seed23/epoch949-val-rmse572.6860.ckpt,afb28215d656ea54421efb00e3c60ec9d8a818fff186c194be9a98b55dcecdf0,672faa9fb7cb4499da17d6a3afbd65a9301f170f,output/evaluation/forecast_predictions.csv
s5_full,CMamba-T / S5-Full,test,2024-09-07,2024-09-08,1725778800,54139.6914062,54841.5703125,53651.5898438,57249,output/seed_runs/s5_full__seed23/epoch321-val-rmse527.3419.ckpt,a2f8b0f39411e199e73ee22a8ae3055d3fc4218fa9d670b31af93d2e190df291,672faa9fb7cb4499da17d6a3afbd65a9301f170f,output/seed_runs/s5_full__seed23/test_preds.csv
naive_persistence,Naive persistence,test,2024-09-07,2024-09-08,1725778800,54139.6914062,54841.5703125,54139.6914062,0,,,,derived: predicted_close=current_close
cmamba_v_reproduced,Reproduced CM-v,test,2024-09-08,2024-09-09,1725865200,54841.5703125,57019.5390625,54860.9335938,136952,output/seed_runs/cmamba_v__seed23/epoch949-val-rmse572.6860.ckpt,afb28215d656ea54421efb00e3c60ec9d8a818fff186c194be9a98b55dcecdf0,672faa9fb7cb4499da17d6a3afbd65a9301f170f,output/evaluation/forecast_predictions.csv
s5_full,CMamba-T / S5-Full,test,2024-09-08,2024-09-09,1725865200,54841.5703125,57019.5390625,54426.75,57249,output/seed_runs/s5_full__seed23/epoch321-val-rmse527.3419.ckpt,a2f8b0f39411e199e73ee22a8ae3055d3fc4218fa9d670b31af93d2e190df291,672faa9fb7cb4499da17d6a3afbd65a9301f170f,output/seed_runs/s5_full__seed23/test_preds.csv
naive_persistence,Naive persistence,test,2024-09-08,2024-09-09,1725865200,54841.5703125,57019.5390625,54841.5703125,0,,,,derived: predicted_close=current_close
cmamba_v_reproduced,Reproduced CM-v,test,2024-09-09,2024-09-10,1725951600,57019.5390625,57648.7109375,56181.1210938,136952,output/seed_runs/cmamba_v__seed23/epoch949-val-rmse572.6860.ckpt,afb28215d656ea54421efb00e3c60ec9d8a818fff186c194be9a98b55dcecdf0,672faa9fb7cb4499da17d6a3afbd65a9301f170f,output/evaluation/forecast_predictions.csv
s5_full,CMamba-T / S5-Full,test,2024-09-09,2024-09-10,1725951600,57019.5390625,57648.7109375,56867.796875,57249,output/seed_runs/s5_full__seed23/epoch321-val-rmse527.3419.ckpt,a2f8b0f39411e199e73ee22a8ae3055d3fc4218fa9d670b31af93d2e190df291,672faa9fb7cb4499da17d6a3afbd65a9301f170f,output/seed_runs/s5_full__seed23/test_preds.csv
naive_persistence,Naive persistence,test,2024-09-09,2024-09-10,1725951600,57019.5390625,57648.7109375,57019.5390625,0,,,,derived: predicted_close=current_close
cmamba_v_reproduced,Reproduced CM-v,test,2024-09-10,2024-09-11,1726038000,57648.7109375,57343.171875,57599.8789062,136952,output/seed_runs/cmamba_v__seed23/epoch949-val-rmse572.6860.ckpt,afb28215d656ea54421efb00e3c60ec9d8a818fff186c194be9a98b55dcecdf0,672faa9fb7cb4499da17d6a3afbd65a9301f170f,output/evaluation/forecast_predictions.csv
s5_full,CMamba-T / S5-Full,test,2024-09-10,2024-09-11,1726038000,57648.7109375,57343.171875,57593.6171875,57249,output/seed_runs/s5_full__seed23/epoch321-val-rmse527.3419.ckpt,a2f8b0f39411e199e73ee22a8ae3055d3fc4218fa9d670b31af93d2e190df291,672faa9fb7cb4499da17d6a3afbd65a9301f170f,output/seed_runs/s5_full__seed23/test_preds.csv
naive_persistence,Naive persistence,test,2024-09-10,2024-09-11,1726038000,57648.7109375,57343.171875,57648.7109375,0,,,,derived: predicted_close=current_close
cmamba_v_reproduced,Reproduced CM-v,test,2024-09-11,2024-09-12,1726124400,57343.171875,58127.0117188,57114.4140625,136952,output/seed_runs/cmamba_v__seed23/epoch949-val-rmse572.6860.ckpt,afb28215d656ea54421efb00e3c60ec9d8a818fff186c194be9a98b55dcecdf0,672faa9fb7cb4499da17d6a3afbd65a9301f170f,output/evaluation/forecast_predictions.csv
s5_full,CMamba-T / S5-Full,test,2024-09-11,2024-09-12,1726124400,57343.171875,58127.0117188,57309.78125,57249,output/seed_runs/s5_full__seed23/epoch321-val-rmse527.3419.ckpt,a2f8b0f39411e199e73ee22a8ae3055d3fc4218fa9d670b31af93d2e190df291,672faa9fb7cb4499da17d6a3afbd65a9301f170f,output/seed_runs/s5_full__seed23/test_preds.csv
naive_persistence,Naive persistence,test,2024-09-11,2024-09-12,1726124400,57343.171875,58127.0117188,57343.171875,0,,,,derived: predicted_close=current_close
cmamba_v_reproduced,Reproduced CM-v,test,2024-09-12,2024-09-13,1726210800,58127.0117188,60571.3007812,58107.1679688,136952,output/seed_runs/cmamba_v__seed23/epoch949-val-rmse572.6860.ckpt,afb28215d656ea54421efb00e3c60ec9d8a818fff186c194be9a98b55dcecdf0,672faa9fb7cb4499da17d6a3afbd65a9301f170f,output/evaluation/forecast_predictions.csv
s5_full,CMamba-T / S5-Full,test,2024-09-12,2024-09-13,1726210800,58127.0117188,60571.3007812,57968.265625,57249,output/seed_runs/s5_full__seed23/epoch321-val-rmse527.3419.ckpt,a2f8b0f39411e199e73ee22a8ae3055d3fc4218fa9d670b31af93d2e190df291,672faa9fb7cb4499da17d6a3afbd65a9301f170f,output/seed_runs/s5_full__seed23/test_preds.csv
naive_persistence,Naive persistence,test,2024-09-12,2024-09-13,1726210800,58127.0117188,60571.3007812,58127.0117188,0,,,,derived: predicted_close=current_close
cmamba_v_reproduced,Reproduced CM-v,test,2024-09-13,2024-09-14,1726297200,60571.3007812,60005.1210938,60014.3632812,136952,output/seed_runs/cmamba_v__seed23/epoch949-val-rmse572.6860.ckpt,afb28215d656ea54421efb00e3c60ec9d8a818fff186c194be9a98b55dcecdf0,672faa9fb7cb4499da17d6a3afbd65a9301f170f,output/evaluation/forecast_predictions.csv
s5_full,CMamba-T / S5-Full,test,2024-09-13,2024-09-14,1726297200,60571.3007812,60005.1210938,60380.0585938,57249,output/seed_runs/s5_full__seed23/epoch321-val-rmse527.3419.ckpt,a2f8b0f39411e199e73ee22a8ae3055d3fc4218fa9d670b31af93d2e190df291,672faa9fb7cb4499da17d6a3afbd65a9301f170f,output/seed_runs/s5_full__seed23/test_preds.csv
naive_persistence,Naive persistence,test,2024-09-13,2024-09-14,1726297200,60571.3007812,60005.1210938,60571.3007812,0,,,,derived: predicted_close=current_close
