model,period,execution,strategy,cost_pct,borrow_bps_day,final_equity,roi_pct,mdd_pct,sharpe,sortino,calmar,ann_return_pct,trades,turnover,fees,borrow_cost,reconciliation_error
cmv_official,holdout_full,close,buy_hold,0.0,0.0,106.04986255847625,6.04986255847626,53.05998300134691,0.29297133355010935,0.42749717454185726,0.059920775094170035,3.1793953079241932,1,100.0,0.0,0.0,0.0
cmv_official,holdout_full,close,buy_hold,0.1,0.0,105.94391863983641,5.94391863983641,53.05998300134692,0.29178409987922665,0.4257433973967949,0.05888540536206441,3.1244586075385605,1,99.90009990009989,0.09990009990009989,0.0,0.0
cmv_official,holdout_full,close,buy_hold,0.2,0.0,105.83818618610405,5.838186186104055,53.05998300134692,0.29059859825136586,0.423991136078972,0.05785161989472568,3.0696059682145282,1,99.8003992015968,0.1996007984031936,0.0,0.0
cmv_official,holdout_full,close,buy_hold,0.3,0.0,105.7326645647819,5.7326645647818975,53.05998300134691,0.28941483470066626,0.42224042196538236,0.05681941469052337,3.014837177625651,1,99.70089730807575,0.2991026919242273,0.0,0.0
cmv_official,holdout_full,close,buy_hold,0.5,0.0,105.52225130196643,5.522251301966441,53.05998300134692,0.2870525454973252,0.4187437593052541,0.054759729135365615,2.905550297080861,1,99.50248756218906,0.4975124378109453,0.0,0.0
cmv_official,holdout_full,close,vanilla,0.0,0.0,148.91776267694962,48.91776267694963,23.50532821762778,0.9201011443580831,1.5288285169647626,1.0056686088859783,23.63857073003006,94,13057.553510000575,0.0,0.0,0.0
cmv_official,holdout_full,close,vanilla,0.1,0.0,135.55726810882499,35.55726810882498,24.4177789295094,0.7353276967967793,1.2108348414817527,0.7207184376956586,17.598343482073986,94,12442.29098594602,12.44229098594602,0.0,0.0
cmv_official,holdout_full,close,vanilla,0.2,0.0,123.39541739111039,23.395417391110396,25.31934745603509,0.5495743540652578,0.8962625408980734,0.46814767839351035,11.85319372998146,94,11864.56348081587,23.729126961631742,0.0,0.0
cmv_official,holdout_full,close,vanilla,0.3,0.0,112.32465451955572,12.324654519555711,26.63427437071914,0.36317171775074475,0.5862398747902848,0.2398674780249891,6.388696222330004,94,11321.813739239347,33.965441217718045,0.0,0.0
cmv_official,holdout_full,close,vanilla,0.5,0.0,93.07357491632796,-6.926425083672038,30.896032687533932,-0.010235954197541676,-0.01616394222150263,-0.1214572335122039,-3.7525466567304933,94,10331.931368686888,51.65965684343444,0.0,0.0
cmv_official,holdout_full,close,smart,0.0,0.0,135.4141122007896,35.41411220078958,10.474493461809155,1.0939391182729232,2.5076540163577663,1.6737948065456634,17.53215275757267,497,19718.036201981253,0.0,0.0,0.0
cmv_official,holdout_full,close,smart,0.1,0.0,115.87779145907825,15.87779145907826,12.621913456454259,0.57291180960485,1.262150591666156,0.6471976013316043,8.168872113232295,497,18175.721899714954,18.17572189971495,0.0,0.0
cmv_official,holdout_full,close,smart,0.2,0.0,99.16000411976847,-0.8399958802315255,17.022515483018015,0.047469600424895494,0.1002738332178968,-0.026345745287387798,-0.4484708570662077,497,16786.692403310342,33.57338480662068,0.0,0.0
cmv_official,holdout_full,close,smart,0.3,0.0,84.85410480390391,-15.145895196096093,24.36981419668043,-0.4809010275020548,-0.9725895335414879,-0.343839651324525,-8.379308416230058,497,15534.08618448707,46.60225855346121,0.0,0.0
cmv_official,holdout_full,close,smart,0.5,0.0,62.13628304175178,-37.86371695824822,38.76407229498753,-1.5402591138932513,-2.8505827855584185,-0.5777487145107372,-22.395892937630325,497,13380.284380873813,66.90142190436907,0.0,0.0
cmv_official,holdout_full,close,smart_w_short,0.0,0.0,159.87897959378807,59.878979593788074,14.70322669645349,1.255660059090825,2.451479805050495,1.9320422149941219,28.407254674176706,685,49655.95826712137,0.0,0.0,0.0
cmv_official,holdout_full,close,smart_w_short,0.1,0.0,111.38823548133874,11.388235481338738,20.71270838307697,0.37115089901871356,0.685641183927871,0.28558182403224186,5.915173040687027,685,40885.52968027939,40.88552968027939,0.0,0.0
cmv_official,holdout_full,close,smart_w_short,0.2,0.0,77.60463043625788,-22.39536956374212,33.597152081157375,-0.5216975670686972,-0.9124087487333317,-0.37613637055153853,-12.637110844674604,685,34014.201961467246,68.0284039229345,0.0,0.0
cmv_official,holdout_full,close,smart_w_short,0.2,1.0,76.58349168268083,-23.416508317319174,34.18161168109323,-0.5545061551035093,-0.9676566027606024,-0.3876802067263045,-13.251534282764489,685,33793.886168425495,67.587772336851,1.2363809537734376,0.0
cmv_official,holdout_full,close,smart_w_short,0.2,2.0,75.57573490017344,-24.42426509982656,34.760957388074445,-0.5873175603724254,-1.022663536165982,-0.3987712237174509,-13.861669515232611,685,33575.456754257924,67.15091350851586,2.456723680773276,0.0
cmv_official,holdout_full,close,smart_w_short,0.2,5.0,72.63102111511188,-27.36897888488812,36.4687540375372,-0.6857634496353409,-1.1862405866833963,-0.42959081988443865,-15.66664194714954,685,32931.3066008061,65.86261320161219,6.023566985820178,0.0
cmv_official,holdout_full,close,smart_w_short,0.3,0.0,54.067485036916864,-45.932514963083136,47.563895951944374,-1.4190993455969645,-2.351421951082601,-0.5874145612853803,-27.93972507363488,685,28593.234026951,85.77970208085301,0.0,0.0
cmv_official,holdout_full,close,smart_w_short,0.5,0.0,26.244202407566544,-73.75579759243345,73.92165060696202,-3.21191620560651,-4.792232496237943,-0.6895566605035839,-50.97316653144945,685,20836.393933247746,104.18196966623873,0.0,0.0
cmv_official,holdout_full,next_open,buy_hold,0.0,0.0,106.0457989265227,6.045798926522705,53.05695758004633,0.2928014658215764,0.42659313100561164,0.059884485453942246,3.1772886044327153,1,100.0,0.0,0.0,0.0
cmv_official,holdout_full,next_open,buy_hold,0.1,0.0,105.93985906745525,5.939859067455244,53.05695758004633,0.2916130302832663,0.42484034152380284,0.058849077824088145,3.12235302573749,1,99.90009990009989,0.09990009990009989,0.0,0.0
cmv_official,holdout_full,next_open,buy_hold,0.2,0.0,105.83413066519232,5.834130665192316,53.05695758004633,0.29042632874245683,0.4230890736524298,0.057815254516990114,3.0675015063875266,1,99.8003992015968,0.1996007984031936,0.0,0.0
cmv_official,holdout_full,next_open,buy_hold,0.3,0.0,105.7286130872609,5.728613087260892,53.056957580046316,0.28924136725688543,0.42133935867655004,0.05678301153087071,3.012733834060688,1,99.70089730807575,0.2991026919242273,0.0,0.0
cmv_official,holdout_full,next_open,buy_hold,0.5,0.0,105.51820788708727,5.518207887087279,53.05695758004633,0.2868766882109035,0.4178447109998851,0.054723250584823906,2.9034491849212474,1,99.50248756218906,0.4975124378109453,0.0,0.0
cmv_official,holdout_full,next_open,vanilla,0.0,0.0,148.19106113706846,48.19106113706846,23.419394804444483,0.9107597957084188,1.5087947266683714,0.9956155915506537,23.3167146119853,94,12990.901854534633,0.0,0.0,0.0
cmv_official,holdout_full,next_open,vanilla,0.1,0.0,134.8957642445043,34.89576424450431,24.33287055509291,0.725864917817515,1.1917851048883974,0.7106523356447625,17.292211292918445,94,12378.970285032849,12.37897028503285,0.0,0.0
cmv_official,holdout_full,next_open,vanilla,0.2,0.0,122.7932619583366,22.793261958336597,25.235451895438153,0.5400050428614276,0.8781792008265905,0.45816565407385706,11.562017323522777,94,11804.372727422517,23.608745454845035,0.0,0.0
cmv_official,holdout_full,next_open,vanilla,0.3,0.0,111.77652313523554,11.77652313523554,26.562981096592875,0.35351142650588546,0.5690936302966578,0.2300850564169791,6.111745004212721,94,11264.565425869041,33.793696277607125,0.0,0.0
cmv_official,holdout_full,next_open,vanilla,0.5,0.0,92.61938658447198,-7.380613415528014,30.889142447160495,-0.02002960754296065,-0.0315496533261908,-0.12959563971675075,-4.003098175741604,94,10280.054645919741,51.40027322959871,0.0,0.0
cmv_official,holdout_full,next_open,smart,0.0,0.0,134.946039931957,34.946039931956996,10.47724702675373,1.0843992119597075,2.4779916367488153,1.6526767508134532,17.31550257364527,497,19648.110788365495,0.0,0.0,0.0
cmv_official,holdout_full,next_open,smart,0.1,0.0,115.47733826061102,15.477338260611017,12.624607051129699,0.5621508001100266,1.2346683117580268,0.6312692542494318,7.969526278358763,497,18111.54851850411,18.111548518504108,0.0,0.0
cmv_official,holdout_full,next_open,smart,0.2,0.0,98.8174016530566,-1.1825983469433976,16.950241148530317,0.035510193647161965,0.07478961587653235,-0.03727937610242478,-0.6318944148028582,497,16727.707146799225,33.455414293598444,0.0,0.0
cmv_official,holdout_full,next_open,smart,0.3,0.0,84.56099589656313,-15.43900410343687,24.303962764738134,-0.4940251088621342,-0.9962826315692977,-0.35171553964398666,-8.54808137928723,497,15479.786355962113,46.43935906788634,0.0,0.0
cmv_official,holdout_full,next_open,smart,0.5,0.0,61.92174450788558,-38.07825549211442,38.978658503866285,-1.5555689070205243,-2.8713070948317956,-0.5782338965277588,-22.538781588115462,497,13334.057651348357,66.6702882567418,0.0,0.0
cmv_official,holdout_full,next_open,smart_w_short,0.0,0.0,158.80450993153423,58.804509931534234,14.737018434725291,1.2414872943984565,2.423167136701777,1.89636074715667,27.946703289737272,685,49328.26605636082,0.0,0.0,0.0
cmv_official,holdout_full,next_open,smart_w_short,0.1,0.0,110.63913102312198,10.639131023121973,20.70179689823103,0.3548525528807056,0.6552426304531864,0.26736952688731497,5.5350296423973155,685,40617.598361787765,40.617598361787756,0.0,0.0
cmv_official,holdout_full,next_open,smart_w_short,0.2,0.0,77.08236493608119,-22.917635063918805,33.53613095166261,-0.5400844881418028,-0.9439736709971106,-0.3861770808276428,-12.950885153166624,685,33793.26352421812,67.58652704843624,0.0,0.0
cmv_official,holdout_full,next_open,smart_w_short,0.2,1.0,76.06805190159706,-23.931948098402945,34.121128261497496,-0.5729687756504147,-0.9992429501339565,-0.3974994550219465,-13.563129888679192,685,33574.44395409578,67.14888790819157,1.2283361803921744,0.0
cmv_official,holdout_full,next_open,smart_w_short,0.2,2.0,75.06703199228203,-24.93296800771797,34.70100696851933,-0.6058556943709469,-1.0542701485392243,-0.408377239395553,-14.17110143004977,685,33357.498219812245,66.71499643962449,2.440743521159302,0.0
cmv_official,holdout_full,next_open,smart_w_short,0.2,5.0,72.14200719464341,-27.85799280535659,36.410374767247774,-0.7045269707169348,-1.217901128785126,-0.4386022373237993,-15.969671834712884,685,32717.725024005504,65.435450048011,5.984423333572238,0.0
cmv_official,holdout_full,next_open,smart_w_short,0.3,0.0,53.7033680870807,-46.29663191291931,47.515724556835956,-1.4395095828575002,-2.3833918870915314,-0.5934607586514911,-28.19871794337515,685,28409.503616204413,85.22851084861324,0.0,0.0
cmv_official,holdout_full,next_open,smart_w_short,0.5,0.0,26.06721543814685,-73.93278456185315,74.10038875926007,-3.2360691688652268,-4.823523053973346,-0.6902746493760137,-51.14961986942455,685,20706.165762725817,103.53082881362909,0.0,0.0
cmv_thesis,holdout_full,close,buy_hold,0.0,0.0,106.04986255847625,6.04986255847626,53.05998300134691,0.29297133355010935,0.42749717454185726,0.059920775094170035,3.1793953079241932,1,100.0,0.0,0.0,0.0
cmv_thesis,holdout_full,close,buy_hold,0.1,0.0,105.94391863983641,5.94391863983641,53.05998300134692,0.29178409987922665,0.4257433973967949,0.05888540536206441,3.1244586075385605,1,99.90009990009989,0.09990009990009989,0.0,0.0
cmv_thesis,holdout_full,close,buy_hold,0.2,0.0,105.83818618610405,5.838186186104055,53.05998300134692,0.29059859825136586,0.423991136078972,0.05785161989472568,3.0696059682145282,1,99.8003992015968,0.1996007984031936,0.0,0.0
cmv_thesis,holdout_full,close,buy_hold,0.3,0.0,105.7326645647819,5.7326645647818975,53.05998300134691,0.28941483470066626,0.42224042196538236,0.05681941469052337,3.014837177625651,1,99.70089730807575,0.2991026919242273,0.0,0.0
cmv_thesis,holdout_full,close,buy_hold,0.5,0.0,105.52225130196643,5.522251301966441,53.05998300134692,0.2870525454973252,0.4187437593052541,0.054759729135365615,2.905550297080861,1,99.50248756218906,0.4975124378109453,0.0,0.0
cmv_thesis,holdout_full,close,vanilla,0.0,0.0,165.75083125388653,65.75083125388652,11.24241336113254,1.4443541804485687,3.061425405256448,2.7484293059125435,30.898978350919414,66,8941.026906524668,0.0,0.0,0.0
cmv_thesis,holdout_full,close,vanilla,0.1,0.0,155.16446550513467,55.16446550513467,11.77336461134557,1.2707060597970021,2.6395596778449972,2.2402723226680554,26.37554288347703,66,8627.004267846132,8.627004267846132,0.0,0.0
cmv_thesis,holdout_full,close,vanilla,0.2,0.0,145.25422283145718,45.25422283145719,12.301140743428144,1.0956073684580903,2.227634851639842,1.7891360039243334,22.008413793407833,66,8327.028771641297,16.654057543282597,0.0,0.0
cmv_thesis,holdout_full,close,vanilla,0.3,0.0,135.97690432248305,35.97690432248306,13.40698380331531,0.9194742134281402,1.8281607845040804,1.327083124632334,17.792181957598775,66,8040.407034772639,24.121221104317918,0.0,0.0
cmv_thesis,holdout_full,close,vanilla,0.5,0.0,119.16187872395683,19.161878723956825,15.797996913182926,0.5658066393861296,1.073586621461479,0.6198067901305998,9.791705757253034,66,7504.6302205163365,37.52315110258168,0.0,0.0
cmv_thesis,holdout_full,close,smart,0.0,0.0,128.9896347816998,28.989634781699802,10.728166792847665,0.9984551946375451,2.3686845112228383,1.3541207455747242,14.527233216180878,412,13681.00209022496,0.0,0.0,0.0
cmv_thesis,holdout_full,close,smart,0.1,0.0,115.21685143355515,15.216851433555156,12.43811616475658,0.5887428611358237,1.3430233490185342,0.630294997081512,7.839682391764757,412,12901.469683342124,12.901469683342125,0.0,0.0
cmv_thesis,holdout_full,close,smart,0.2,0.0,102.91465349249097,2.9146534924909595,14.414566076163526,0.17531531973827857,0.38393642290509994,0.10701941417603454,1.5426384170727614,412,12178.87078346995,24.3577415669399,0.0,0.0
cmv_thesis,holdout_full,close,smart,0.3,0.0,91.9260121452649,-8.073987854735098,18.688529098301217,-0.240736208013174,-0.5056580782227466,-0.23472717164252965,-4.38670557740336,412,11508.588120317005,34.52576436095101,0.0,0.0
cmv_thesis,holdout_full,close,smart,0.5,0.0,73.34333812877375,-26.65666187122625,29.209974657751175,-1.0761597830495713,-2.0780474513065537,-0.5212923642332515,-15.226936748532472,412,10308.45357139276,51.5422678569638,0.0,0.0
cmv_thesis,holdout_full,close,smart_w_short,0.0,0.0,142.58702233555704,42.587022335557045,14.995894248712293,0.9592097431068736,1.7320967377305427,1.3876786223185071,20.8094818714871,685,42316.95260879735,0.0,0.0,0.0
cmv_thesis,holdout_full,close,smart_w_short,0.1,0.0,101.40809863480403,1.4080986348040447,21.373719035584543,0.14201071939225085,0.2449255190595339,0.03498922425982435,0.7478498486025442,685,35326.12568894909,35.32612568894909,0.0,0.0
cmv_thesis,holdout_full,close,smart_w_short,0.2,0.0,72.1216295465388,-27.878370453461198,35.59586447104526,-0.6803875766358601,-1.1211527695008536,-0.44899373543109516,-15.982320154753616,685,29766.320193043965,59.53264038608793,0.0,0.0
cmv_thesis,holdout_full,close,smart_w_short,0.2,1.0,70.93592793195265,-29.064072068047352,36.30144368876478,-0.7204123845383421,-1.1842610446004354,-0.4606201926202018,-16.72117798431024,685,29528.21867219614,59.05643734439228,1.4315276647976232,0.0
cmv_thesis,holdout_full,close,smart_w_short,0.2,2.0,69.76965568990212,-30.230344310097877,36.99932997734898,-0.7604365580193763,-1.2470629417614465,-0.4717268813333674,-17.453578541639004,685,29292.662178044906,58.585324356089814,2.840136882417183,0.0
cmv_thesis,holdout_full,close,smart_w_short,0.2,5.0,66.38426763068995,-33.615732369310045,39.047661501388106,-0.8804985247262712,-1.4336366669308587,-0.502273227981412,-19.612594987427713,685,28600.958411406093,57.201916822812194,6.9320897598745885,0.0
cmv_thesis,holdout_full,close,smart_w_short,0.3,0.0,51.29305218456823,-48.70694781543177,49.184072858933845,-1.5048737170214201,-2.3702376411651755,-0.6086171596341245,-29.934270722642154,685,25316.721879147364,75.9501656374421,0.0,0.0
cmv_thesis,holdout_full,close,smart_w_short,0.5,0.0,25.944446441607255,-74.05555355839275,74.17582025664925,-3.1474781519191444,-4.538031200470546,-0.6912272419632043,-51.27234765636204,685,18825.24897395636,94.1262448697818,0.0,0.0
cmv_thesis,holdout_full,next_open,buy_hold,0.0,0.0,106.0457989265227,6.045798926522705,53.05695758004633,0.2928014658215764,0.42659313100561164,0.059884485453942246,3.1772886044327153,1,100.0,0.0,0.0,0.0
cmv_thesis,holdout_full,next_open,buy_hold,0.1,0.0,105.93985906745525,5.939859067455244,53.05695758004633,0.2916130302832663,0.42484034152380284,0.058849077824088145,3.12235302573749,1,99.90009990009989,0.09990009990009989,0.0,0.0
cmv_thesis,holdout_full,next_open,buy_hold,0.2,0.0,105.83413066519232,5.834130665192316,53.05695758004633,0.29042632874245683,0.4230890736524298,0.057815254516990114,3.0675015063875266,1,99.8003992015968,0.1996007984031936,0.0,0.0
cmv_thesis,holdout_full,next_open,buy_hold,0.3,0.0,105.7286130872609,5.728613087260892,53.056957580046316,0.28924136725688543,0.42133935867655004,0.05678301153087071,3.012733834060688,1,99.70089730807575,0.2991026919242273,0.0,0.0
cmv_thesis,holdout_full,next_open,buy_hold,0.5,0.0,105.51820788708727,5.518207887087279,53.05695758004633,0.2868766882109035,0.4178447109998851,0.054723250584823906,2.9034491849212474,1,99.50248756218906,0.4975124378109453,0.0,0.0
cmv_thesis,holdout_full,next_open,vanilla,0.0,0.0,164.98889419657488,64.98889419657488,11.259524254389696,1.4333988493506264,3.0132936864414113,2.715745733062633,30.57800495017404,66,8899.17583078959,0.0,0.0,0.0
cmv_thesis,holdout_full,next_open,vanilla,0.1,0.0,154.4511927248296,54.45119272482961,11.790373146590207,1.2594736205486712,2.5955984526330944,2.210757957961943,26.065661261165097,66,8586.712124274203,8.586712124274204,0.0,0.0
cmv_thesis,holdout_full,next_open,vanilla,0.2,0.0,144.58650626998326,44.58650626998326,12.318047532766885,1.084127205260016,2.18764886847629,1.762392994317542,21.70924067541884,66,8288.226481622007,16.576452963244016,0.0,0.0
cmv_thesis,holdout_full,next_open,vanilla,0.3,0.0,135.3518345019696,35.35183450196959,13.453129997960769,0.9077776213514698,1.7919039435033497,1.3010613393330335,17.503347333368247,66,8003.0288929202525,24.00908667876076,0.0,0.0
cmv_thesis,holdout_full,next_open,vanilla,0.5,0.0,118.61410559647483,18.61410559647483,15.84286891550647,0.5537767889134103,1.0439423632769742,0.6010583631029623,9.522488857209122,66,7469.915887661569,37.34957943830785,0.0,0.0
cmv_thesis,holdout_full,next_open,smart,0.0,0.0,128.6569022515633,28.6569022515633,10.633214677003842,0.9909323368433677,2.3444792567194668,1.3513995277889579,14.369721293381609,412,13643.031672391124,0.0,0.0,0.0
cmv_thesis,holdout_full,next_open,smart,0.1,0.0,114.91971580503537,14.919715805035372,12.34499868794949,0.5802566232351543,1.3201897161071228,0.6230379573773349,7.691402766365929,412,12865.759676740054,12.865759676740055,0.0,0.0
cmv_thesis,holdout_full,next_open,smart,0.2,0.0,102.6493066130632,2.649306613063196,14.318313061756605,0.16588206828944457,0.3623536869701481,0.09798989721739312,1.4030500252479872,412,12145.260355181392,24.29052071036278,0.0,0.0
cmv_thesis,holdout_full,next_open,smart,0.3,0.0,91.6890532621887,-8.310946737811308,18.60589727142461,-0.2510918816178969,-0.5261108853832953,-0.24283226028070015,-4.5181120889705495,412,11476.929186900401,34.430787560701205,0.0,0.0
cmv_thesis,holdout_full,next_open,smart,0.5,0.0,73.1543693110853,-26.845630688914703,29.136703162381274,-1.0882545759867328,-2.096567544600109,-0.5266000692424714,-15.343389902807314,412,10280.299065574369,51.40149532787184,0.0,0.0
cmv_thesis,holdout_full,next_open,smart_w_short,0.0,0.0,141.8930750881382,41.8930750881382,14.984109581426416,0.9489317568113879,1.7142338483503015,1.3678378704318743,20.495832540176153,685,42100.00166691796,0.0,0.0,0.0
cmv_thesis,holdout_full,next_open,smart_w_short,0.1,0.0,100.91418528972628,0.9141852897262659,21.19469083501858,0.13008620866196463,0.22441935130676807,0.02293428561476163,0.48608509312688675,685,35145.51877708541,35.145518777085414,0.0,0.0
cmv_thesis,holdout_full,next_open,smart_w_short,0.2,0.0,71.77008857254565,-28.229911427454358,35.49008808358699,-0.6939387455302334,-1.1436138488246732,-0.45648755639757593,-16.200783585611354,685,29614.869787428674,59.22973957485735,0.0,0.0
cmv_thesis,holdout_full,next_open,smart_w_short,0.2,1.0,70.5901303788788,-29.4098696211212,36.19682109622465,-0.7340409913496632,-1.2067957658287043,-0.4679345396241434,-16.937742815519364,685,29378.011315969692,58.75602263193939,1.4242500204957909,0.0
cmv_thesis,holdout_full,next_open,smart_w_short,0.2,2.0,69.42950803011819,-30.570491969881818,36.89584865512602,-0.7741423877225874,-1.269669782303386,-0.47886853982777566,-17.668261171186796,685,29143.68516478583,58.287370329571665,2.8257025621443685,0.0
cmv_thesis,holdout_full,next_open,smart_w_short,0.2,5.0,66.06052354292783,-33.93947645707217,38.94753018823005,-0.8944346930134077,-1.4564507756901242,-0.508934145570688,-19.821727998435435,685,28455.597656374433,56.91119531274887,6.8968928343337454,0.0
cmv_thesis,holdout_full,next_open,smart_w_short,0.3,0.0,51.04284377513804,-48.95715622486196,49.431430725854256,-1.5200129090397858,-2.394046368989981,-0.6092600521604709,-30.116596062400667,685,25188.80953461921,75.56642860385763,0.0,0.0
cmv_thesis,holdout_full,next_open,smart_w_short,0.5,0.0,25.81769422400892,-74.18230577599107,74.30181582711884,-3.1656053691375257,-4.563094876597278,-0.6917642824324216,-51.399342309072814,685,18732.100987942576,93.66050493971288,0.0,0.0
cmv_s23,holdout_full,close,buy_hold,0.0,0.0,106.04986255847625,6.04986255847626,53.05998300134691,0.29297133355010935,0.42749717454185726,0.059920775094170035,3.1793953079241932,1,100.0,0.0,0.0,0.0
cmv_s23,holdout_full,close,buy_hold,0.1,0.0,105.94391863983641,5.94391863983641,53.05998300134692,0.29178409987922665,0.4257433973967949,0.05888540536206441,3.1244586075385605,1,99.90009990009989,0.09990009990009989,0.0,0.0
cmv_s23,holdout_full,close,buy_hold,0.2,0.0,105.83818618610405,5.838186186104055,53.05998300134692,0.29059859825136586,0.423991136078972,0.05785161989472568,3.0696059682145282,1,99.8003992015968,0.1996007984031936,0.0,0.0
cmv_s23,holdout_full,close,buy_hold,0.3,0.0,105.7326645647819,5.7326645647818975,53.05998300134691,0.28941483470066626,0.42224042196538236,0.05681941469052337,3.014837177625651,1,99.70089730807575,0.2991026919242273,0.0,0.0
cmv_s23,holdout_full,close,buy_hold,0.5,0.0,105.52225130196643,5.522251301966441,53.05998300134692,0.2870525454973252,0.4187437593052541,0.054759729135365615,2.905550297080861,1,99.50248756218906,0.4975124378109453,0.0,0.0
cmv_s23,holdout_full,close,vanilla,0.0,0.0,159.88496005740097,59.88496005740098,28.70405284775336,1.002478789882408,1.6102843338574568,0.9897492241196811,28.409814035154213,101,15360.26164898594,0.0,0.0,0.0
cmv_s23,holdout_full,close,vanilla,0.1,0.0,144.52536425453397,44.52536425453397,29.41345961021731,0.8191697482232518,1.3063065022316829,0.7371391808137321,21.681813521973382,101,14573.017247993954,14.573017247993954,0.0,0.0
cmv_s23,holdout_full,close,vanilla,0.2,0.0,130.64141601413587,30.64141601413588,30.115809052802227,0.6346941604189187,1.004259497754853,0.5082504653310586,15.306373964908037,101,13837.219447221174,27.674438894442343,0.0,0.0
cmv_s23,holdout_full,close,vanilla,0.3,0.0,118.09131108857545,18.091311088575445,32.10307321564388,0.4493472847758969,0.7051099392050855,0.28860184379545784,9.265006121535402,101,13149.127499845205,39.447382499535614,0.0,0.0
cmv_s23,holdout_full,close,vanilla,0.5,0.0,96.49226490893662,-3.5077350910633798,37.449049468804425,0.07725240180132908,0.11906527396804573,-0.05032617807498704,-1.8846675323060502,101,11902.521005988541,59.512605029942705,0.0,0.0
cmv_s23,holdout_full,close,smart,0.0,0.0,136.4315966581615,36.43159665816151,11.070480328409309,1.0796334572019832,2.3071791873187095,1.6261171922094337,18.001898388042715,525,22148.275806275287,0.0,0.0,0.0
cmv_s23,holdout_full,close,smart,0.1,0.0,114.87714233359023,14.877142333590232,13.59700131428379,0.5277461688184076,1.0871267144939314,0.5641054584543778,7.670142659998835,525,20244.550973637924,20.244550973637928,0.0,0.0
cmv_s23,holdout_full,close,smart,0.2,0.0,96.72802898156012,-3.27197101843989,19.98923704319811,-0.028126759389917686,-0.0557291445740906,-0.08789735758522044,-1.7570011162417187,525,18548.089693633287,37.096179387266574,0.0,0.0
cmv_s23,holdout_full,close,smart,0.3,0.0,81.44624111010256,-18.55375888989744,27.9108865621102,-0.586406072287436,-1.115902523262858,-0.37113635607652373,-10.358744733526793,525,17033.93504098594,51.10180512295782,0.0,0.0
cmv_s23,holdout_full,close,smart,0.5,0.0,57.74417723676779,-42.25582276323221,43.16059485318856,-1.7036884338276055,-2.9847928791683525,-0.5877768779121869,-25.368799691639975,525,14468.211341706843,72.34105670853421,0.0,0.0
cmv_s23,holdout_full,close,smart_w_short,0.0,0.0,157.72685073781324,57.72685073781323,14.613116673496032,1.2062757038271281,2.284409132988677,1.8807295436540141,27.483320252707056,685,51924.056607270795,0.0,0.0,0.0
cmv_s23,holdout_full,close,smart_w_short,0.1,0.0,108.21236630106935,8.212366301069363,20.855371008303262,0.29862498612572586,0.535888028010228,0.20595184718997073,4.295202182992219,685,42443.67510576188,42.44367510576188,0.0,0.0
cmv_s23,holdout_full,close,smart_w_short,0.2,0.0,74.24179815679432,-25.758201843205686,36.349358157058674,-0.6168037145098163,-1.0493581890680683,-0.4037254988396641,-14.675162754460125,685,35084.44510725526,70.16889021451053,0.0,0.0
cmv_s23,holdout_full,close,smart_w_short,0.2,1.0,73.29659424103158,-26.70340575896841,36.886929572118845,-0.6479932326468866,-1.1002352919695408,-0.4135809096390292,-15.25572988622772,685,34862.53785715028,69.72507571430056,1.1858189119251645,0.0
cmv_s23,holdout_full,close,smart_w_short,0.2,2.0,72.36337314897105,-27.636626851028943,37.419989053220895,-0.6791832947750678,-1.150908455634526,-0.4230994907732763,-15.832378313159335,685,34642.4783965668,69.2849567931336,2.3568636125261797,0.0
cmv_s23,holdout_full,close,smart_w_short,0.2,5.0,69.63410362382805,-30.365896376171943,38.99247067011135,-0.7727519264137911,-1.3017040270403795,-0.4498066568767779,-17.539072875488603,685,33993.21544211164,67.98643088422327,5.783164443007401,0.0
cmv_s23,holdout_full,close,smart_w_short,0.3,0.0,50.93546278994812,-49.06453721005188,50.30557802938366,-1.5360582327895451,-2.4790860941304054,-0.6002310902043633,-30.19497194393762,685,29328.327102349438,87.98498130704832,0.0,0.0
cmv_s23,holdout_full,close,smart_w_short,0.5,0.0,23.97528640639134,-76.02471359360867,76.20893819818735,-3.3698157195655316,-4.908625688268418,-0.6991216327585228,-53.2793173039101,685,21183.48813613579,105.91744068067895,0.0,0.0
cmv_s23,holdout_full,next_open,buy_hold,0.0,0.0,106.0457989265227,6.045798926522705,53.05695758004633,0.2928014658215764,0.42659313100561164,0.059884485453942246,3.1772886044327153,1,100.0,0.0,0.0,0.0
cmv_s23,holdout_full,next_open,buy_hold,0.1,0.0,105.93985906745525,5.939859067455244,53.05695758004633,0.2916130302832663,0.42484034152380284,0.058849077824088145,3.12235302573749,1,99.90009990009989,0.09990009990009989,0.0,0.0
cmv_s23,holdout_full,next_open,buy_hold,0.2,0.0,105.83413066519232,5.834130665192316,53.05695758004633,0.29042632874245683,0.4230890736524298,0.057815254516990114,3.0675015063875266,1,99.8003992015968,0.1996007984031936,0.0,0.0
cmv_s23,holdout_full,next_open,buy_hold,0.3,0.0,105.7286130872609,5.728613087260892,53.056957580046316,0.28924136725688543,0.42133935867655004,0.05678301153087071,3.012733834060688,1,99.70089730807575,0.2991026919242273,0.0,0.0
cmv_s23,holdout_full,next_open,buy_hold,0.5,0.0,105.51820788708727,5.518207887087279,53.05695758004633,0.2868766882109035,0.4178447109998851,0.054723250584823906,2.9034491849212474,1,99.50248756218906,0.4975124378109453,0.0,0.0
cmv_s23,holdout_full,next_open,vanilla,0.0,0.0,158.90155077411129,58.90155077411128,28.70683873946994,0.9905238269516534,1.585745810084431,0.9749717817762548,27.988357714984623,101,15277.403554915876,0.0,0.0,0.0
cmv_s23,holdout_full,next_open,vanilla,0.1,0.0,143.6364277039809,43.63642770398091,29.41621778183898,0.8073470269444294,1.2832291135132683,0.7234933960414724,21.282439301678235,101,14494.848239260162,14.494848239260163,0.0,0.0
cmv_s23,holdout_full,next_open,vanilla,0.2,0.0,129.83787588600694,29.837875886006948,30.118539780093943,0.6230257483704592,0.9826435049117295,0.4956390584134232,14.927924697392992,101,13763.426696395796,27.526853392791594,0.0,0.0
cmv_s23,holdout_full,next_open,vanilla,0.3,0.0,117.36496327225392,17.36496327225392,32.11638450475416,0.4378546923363081,0.6849395453658746,0.27731593954125855,8.906385343604217,101,13079.421103911607,39.238263311734826,0.0,0.0
cmv_s23,holdout_full,next_open,vanilla,0.5,0.0,95.898767002423,-4.101232997576998,37.461312671663094,0.06617281928605734,0.10169209085611093,-0.0589059377404357,-2.206693751911981,101,11840.200555640662,59.20100277820332,0.0,0.0
cmv_s23,holdout_full,next_open,smart,0.0,0.0,135.90731657549992,35.90731657549993,11.0779672924249,1.0694831120066537,2.2779884335239315,1.6031873759739503,17.76005731466792,525,22062.185602303187,0.0,0.0,0.0
cmv_s23,holdout_full,next_open,smart,0.1,0.0,114.43577909086079,14.435779090860802,13.53707958713691,0.5161820489109175,1.0599012640512924,0.5503047978831239,7.4495198461271395,525,20166.20928168244,20.16620928168244,0.0,0.0
cmv_s23,holdout_full,next_open,smart,0.2,0.0,96.3564690453816,-3.6435309546184014,19.92371104453322,-0.041071069892250824,-0.08112341732212364,-0.09828827715465688,-1.9582672330943796,525,18476.663482830027,36.953326965660054,0.0,0.0
cmv_s23,holdout_full,next_open,smart,0.3,0.0,81.13344492177957,-18.866555078220426,27.85186357193321,-0.6006843450650559,-1.1396295697173557,-0.3785151523892916,-10.54235238425606,525,16968.690446651024,50.90607133995307,0.0,0.0
cmv_s23,holdout_full,next_open,smart,0.5,0.0,57.52249753980767,-42.477502460192326,43.382387859663666,-1.7204481504385047,-3.005696650381145,-0.5882940852371568,-25.52160218130437,525,14413.4639046254,72.067319523127,0.0,0.0
cmv_s23,holdout_full,next_open,smart_w_short,0.0,0.0,156.6360668152056,56.63606681520559,14.651697214977858,1.1921525967163145,2.256671583286949,1.843662524340131,27.012785073233346,685,51568.87106208438,0.0,0.0,0.0
cmv_s23,holdout_full,next_open,smart_w_short,0.1,0.0,107.46384816744032,7.463848167440323,20.84697071307544,0.28198451456740137,0.5057116725501408,0.1875654438255484,3.9101713142162042,685,42155.30398578602,42.15530398578602,0.0,0.0
cmv_s23,holdout_full,next_open,smart_w_short,0.2,0.0,73.72814871354888,-26.27185128645112,36.288019705805716,-0.6359063441030437,-1.0809886322289415,-0.41309025884972106,-14.990227453415061,685,34848.14270722309,69.6962854144462,0.0,0.0
cmv_s23,holdout_full,next_open,smart_w_short,0.2,1.0,72.78944158619348,-27.21055841380653,36.82610809155067,-0.6671788043919582,-1.1318964462661603,-0.42276194856148214,-15.568677214719727,685,34627.79251319751,69.25558502639504,1.1778428493621567,0.0
cmv_s23,holdout_full,next_open,smart_w_short,0.2,2.0,71.86263545792664,-28.137364542073364,37.359680213450766,-0.6984516192504179,-1.1825993792981617,-0.43210279891163017,-16.143222386675525,685,34409.27743785739,68.81855487571477,2.3410156506845428,0.0
cmv_s23,holdout_full,next_open,smart_w_short,0.2,5.0,69.15213007425334,-30.847869925746664,38.93367413230479,-0.7922673334190338,-1.3334782737018465,-0.4583099680237737,-17.843690946624633,685,33764.57276622525,67.52914553245049,5.7443132711183775,0.0
cmv_s23,holdout_full,next_open,smart_w_short,0.3,0.0,50.5829847408143,-49.4170152591857,50.35603687916106,-1.5575336113981744,-2.5113530549043923,-0.6047494345100398,-30.452784826839363,685,29132.910049133632,87.3987301474009,0.0,0.0
cmv_s23,holdout_full,next_open,smart_w_short,0.5,0.0,23.809303140655125,-76.19069685934488,76.3766240781996,-3.3956397373400513,-4.940589475379415,-0.6998469475750795,-53.45194722721731,685,21046.23478064403,105.23117390322017,0.0,0.0
cmv_s24,holdout_full,close,buy_hold,0.0,0.0,106.04986255847625,6.04986255847626,53.05998300134691,0.29297133355010935,0.42749717454185726,0.059920775094170035,3.1793953079241932,1,100.0,0.0,0.0,0.0
cmv_s24,holdout_full,close,buy_hold,0.1,0.0,105.94391863983641,5.94391863983641,53.05998300134692,0.29178409987922665,0.4257433973967949,0.05888540536206441,3.1244586075385605,1,99.90009990009989,0.09990009990009989,0.0,0.0
cmv_s24,holdout_full,close,buy_hold,0.2,0.0,105.83818618610405,5.838186186104055,53.05998300134692,0.29059859825136586,0.423991136078972,0.05785161989472568,3.0696059682145282,1,99.8003992015968,0.1996007984031936,0.0,0.0
cmv_s24,holdout_full,close,buy_hold,0.3,0.0,105.7326645647819,5.7326645647818975,53.05998300134691,0.28941483470066626,0.42224042196538236,0.05681941469052337,3.014837177625651,1,99.70089730807575,0.2991026919242273,0.0,0.0
cmv_s24,holdout_full,close,buy_hold,0.5,0.0,105.52225130196643,5.522251301966441,53.05998300134692,0.2870525454973252,0.4187437593052541,0.054759729135365615,2.905550297080861,1,99.50248756218906,0.4975124378109453,0.0,0.0
cmv_s24,holdout_full,close,vanilla,0.0,0.0,142.3826667735382,42.38266677353821,11.28529897368218,1.1008495478367555,2.1928242602206653,1.8357680902814901,20.717191745172194,77,9005.178194807624,0.0,0.0,0.0
cmv_s24,holdout_full,close,vanilla,0.1,0.0,131.830729026779,31.830729026779014,11.99218550135222,0.8820032361402677,1.7177186858027,1.3229051077314413,15.864523452601787,77,8638.672162743242,8.63867216274324,0.0,0.0
cmv_s24,holdout_full,close,vanilla,0.2,0.0,122.06089556080425,22.060895560804262,13.502027289411492,0.6618887473011641,1.2585448038589846,0.8300217271956812,11.206976011400549,77,8291.280163811092,16.582560327622183,0.0,0.0
cmv_s24,holdout_full,close,vanilla,0.3,0.0,113.01517214730916,13.015172147309162,15.045071510595212,0.4412011355309039,0.818235284303092,0.4477674322234999,6.736693037918151,77,7961.902505492777,23.885707516478327,0.0,0.0
cmv_s24,holdout_full,close,vanilla,0.5,0.0,96.88527642254692,-3.1147235774530824,18.201564058593405,0.0008969247551709739,0.001579481819078038,-0.09185651869267274,-1.6719323091840654,77,7353.121170836864,36.76560585418432,0.0,0.0
cmv_s24,holdout_full,close,smart,0.0,0.0,113.47554038197713,13.475540381977137,12.766568468951691,0.5355228303132114,1.12186621979182,0.54581236698542,6.968150954319952,407,13655.030147119143,0.0,0.0,0.0
cmv_s24,holdout_full,close,smart,0.1,0.0,100.59920831482718,0.5992083148271821,14.56466230469234,0.09160967114268305,0.1852092428368711,0.021891383683329997,0.31884061073015335,407,12837.442662500063,12.837442662500061,0.0,0.0
cmv_s24,holdout_full,close,smart,0.2,0.0,89.18400917010291,-10.815990829897093,17.65689154635949,-0.3538455656255963,-0.6894710816603984,-0.3351169455354427,-5.917123562666571,407,12083.04664899165,24.166093297983302,0.0,0.0
cmv_s24,holdout_full,close,smart,0.3,0.0,79.06413183992309,-20.935868160076907,23.074647537715308,-0.7994757763477189,-1.5002196828534724,-0.5098860922088732,-11.765441862102755,407,11386.412305250204,34.15923691575061,0.0,0.0
cmv_s24,holdout_full,close,smart,0.5,0.0,62.139054087271205,-37.860945912728795,38.123092507327215,-1.6857884628171542,-2.9327334759798305,-0.5874142778061752,-22.394048852929625,407,10147.1384252092,50.735692126046004,0.0,0.0
cmv_s24,holdout_full,close,smart_w_short,0.0,0.0,124.92883696556487,24.92883696556487,21.59916962631253,0.6294655232566118,1.0885522000897465,0.5829717737700314,12.591706229011201,685,42193.326607664276,0.0,0.0,0.0
cmv_s24,holdout_full,close,smart_w_short,0.1,0.0,86.51287476241697,-13.487125237583031,27.46525741632694,-0.22555888877758193,-0.37321745651447347,-0.27049706903957005,-7.4292716315337515,685,34773.45434459906,34.77345434459906,0.0,0.0
cmv_s24,holdout_full,close,smart_w_short,0.2,0.0,59.90997984607027,-40.09002015392973,41.00240930758891,-1.085062968452857,-1.718004666087086,-0.5826510668653552,-23.890097527116648,685,28972.009387459806,57.94401877491962,0.0,0.0
cmv_s24,holdout_full,close,smart_w_short,0.2,1.0,58.82452669498748,-41.175473305012524,42.06346016997327,-1.1279071566664225,-1.781532435240541,-0.5854965693046192,-24.628011622600845,685,28724.170890371068,57.44834178074213,1.4240196091365684,0.0
cmv_s24,holdout_full,close,smart_w_short,0.2,2.0,57.75867814133932,-42.24132185866068,43.10548884262222,-1.1707536498417217,-1.844752359240949,-0.5882966309643943,-25.358813862187944,685,28479.198509617334,56.95839701923467,2.8233183792767997,0.0
cmv_s24,holdout_full,close,smart_w_short,0.2,5.0,54.67526193229018,-45.32473806770982,46.12081096887735,-1.2992993264686852,-2.032570685382007,-0.5964601872540307,-27.50922754680434,685,27761.105325898592,55.52221065179718,6.877180480913141,0.0
cmv_s24,holdout_full,close,smart_w_short,0.3,0.0,41.48755394195116,-58.51244605804884,58.98568195853584,-1.9457754238852265,-2.948753849889087,-0.634456679672293,-37.42385992361853,685,24402.92220591291,73.20876661773873,0.0,0.0
cmv_s24,holdout_full,close,smart_w_short,0.5,0.0,19.895515521376357,-80.10448447862363,80.19818574884323,-3.6576263384463985,-5.085069696601143,-0.7194632231623544,-57.69964521063595,685,17877.06527836727,89.38532639183636,0.0,0.0
cmv_s24,holdout_full,next_open,buy_hold,0.0,0.0,106.0457989265227,6.045798926522705,53.05695758004633,0.2928014658215764,0.42659313100561164,0.059884485453942246,3.1772886044327153,1,100.0,0.0,0.0,0.0
cmv_s24,holdout_full,next_open,buy_hold,0.1,0.0,105.93985906745525,5.939859067455244,53.05695758004633,0.2916130302832663,0.42484034152380284,0.058849077824088145,3.12235302573749,1,99.90009990009989,0.09990009990009989,0.0,0.0
cmv_s24,holdout_full,next_open,buy_hold,0.2,0.0,105.83413066519232,5.834130665192316,53.05695758004633,0.29042632874245683,0.4230890736524298,0.057815254516990114,3.0675015063875266,1,99.8003992015968,0.1996007984031936,0.0,0.0
cmv_s24,holdout_full,next_open,buy_hold,0.3,0.0,105.7286130872609,5.728613087260892,53.056957580046316,0.28924136725688543,0.42133935867655004,0.05678301153087071,3.012733834060688,1,99.70089730807575,0.2991026919242273,0.0,0.0
cmv_s24,holdout_full,next_open,buy_hold,0.5,0.0,105.51820788708727,5.518207887087279,53.05695758004633,0.2868766882109035,0.4178447109998851,0.054723250584823906,2.9034491849212474,1,99.50248756218906,0.4975124378109453,0.0,0.0
cmv_s24,holdout_full,next_open,vanilla,0.0,0.0,142.51726498790225,42.51726498790225,11.307280516997917,1.1027105906842625,2.1845563947149365,1.837575825209466,20.777985326897365,77,9010.208298587653,0.0,0.0,0.0
cmv_s24,holdout_full,next_open,vanilla,0.1,0.0,131.95535220688504,31.955352206885035,12.013991893800647,0.8840757667027619,1.71288288556975,1.3253607422985203,15.92287321433603,77,8643.44022765047,8.64344022765047,0.0,0.0
cmv_s24,holdout_full,next_open,vanilla,0.2,0.0,122.17628305113855,22.176283051138547,13.46189133979045,0.6641720527269186,1.2567747677667915,0.8366565984206481,11.262980216657459,77,8295.801314053737,16.591602628107474,0.0,0.0
cmv_s24,holdout_full,next_open,vanilla,0.3,0.0,113.12200846883461,13.1220084688346,15.005651549374596,0.4436925172108743,0.8191352907659898,0.45252590141570165,6.790445993710659,77,7966.190947693545,23.898572843080636,0.0,0.0
cmv_s24,holdout_full,next_open,vanilla,0.5,0.0,96.97686471415655,-3.023135285843448,18.17086533745514,0.0037886343733976764,0.006645816378851288,-0.08928655488467223,-1.6224139652546765,77,7356.983429383712,36.78491714691856,0.0,0.0
cmv_s24,holdout_full,next_open,smart,0.0,0.0,113.31802962406448,13.318029624064476,12.75734469403428,0.5311175742764972,1.1115764040930614,0.5400033764433954,6.889009209230745,407,13629.209079598535,0.0,0.0,0.0
cmv_s24,holdout_full,next_open,smart,0.1,0.0,100.4596801366826,0.4596801366826053,14.55484409098824,0.08638532533416166,0.17448636449966948,0.0168106677453454,0.2446766480989071,407,12813.218775430487,12.813218775430489,0.0,0.0
cmv_s24,holdout_full,next_open,smart,0.2,0.0,89.06041070514175,-10.939589294858255,17.53457820566855,-0.3598876093562,-0.7006187434158705,-0.34141812042701686,-5.98662273345989,407,12060.303006800816,24.12060601360163,0.0,0.0
cmv_s24,holdout_full,next_open,smart,0.3,0.0,78.9546445665295,-21.045355433470505,22.96040058150051,-0.8063265157913181,-1.5117592207118247,-0.5152597191107429,-11.83056955429409,407,11365.041526549046,34.095124579647134,0.0,0.0
cmv_s24,holdout_full,next_open,smart,0.5,0.0,62.05314030622504,-37.94685969377496,38.21028275306557,-1.6941997433305218,-2.944901257508028,-0.5875706565975911,-22.45124092599835,407,10128.225325507286,50.64112662753643,0.0,0.0
cmv_s24,holdout_full,next_open,smart_w_short,0.0,0.0,123.92189457711473,23.921894577114735,21.583330217132556,0.6110998553228004,1.0561916908461257,0.5609529133240441,12.10723196453538,685,41867.2338835601,0.0,0.0,0.0
cmv_s24,holdout_full,next_open,smart_w_short,0.1,0.0,85.81427796662092,-14.185722033379077,27.45065155628611,-0.24498681018724247,-0.40512318329691804,-0.2851785294834446,-7.828336444184103,685,34508.390351358044,34.508390351358045,0.0,0.0
cmv_s24,holdout_full,next_open,smart_w_short,0.2,0.0,59.425307198851534,-40.57469280114847,41.480171871901845,-1.1055254865564523,-1.749297125120129,-0.5838647411792002,-24.21880981405671,685,28754.79527119532,57.50959054239064,0.0,0.0
cmv_s24,holdout_full,next_open,smart_w_short,0.2,1.0,58.34856102960405,-41.65143897039595,42.53270355664915,-1.1484171260965135,-1.8127738934069566,-0.5866917874663266,-24.953587875425875,685,28508.985130166755,57.01797026033351,1.4134091140789977,0.0
cmv_s24,holdout_full,next_open,smart_w_short,0.2,2.0,57.291263538445435,-42.708736461554565,43.566364471789754,-1.1913106240271802,-1.8759418302973465,-0.5894750257019987,-25.68128381675091,685,28266.017962982798,56.53203592596559,2.8023005907472225,0.0
cmv_s24,holdout_full,next_open,smart_w_short,0.2,5.0,54.23259258595359,-45.76740741404641,46.55746525564663,-1.319994607021976,-2.0635983495566528,-0.5975959833679305,-27.82255423256641,685,27553.804516797765,55.10760903359554,6.82612518178073,0.0
cmv_s24,holdout_full,next_open,smart_w_short,0.3,0.0,41.15129779428809,-58.84870220571191,59.318429632932926,-1.9672332066444338,-2.979296697938933,-0.6354622403370586,-37.69462218781972,685,24223.479728293772,72.67043918488132,0.0,0.0
cmv_s24,holdout_full,next_open,smart_w_short,0.5,0.0,19.7336656110104,-80.2663343889896,80.35915796208144,-3.680912789263582,-5.113832694063158,-0.7203081272393427,-57.8833545781974,685,17751.682036848862,88.75841018424433,0.0,0.0
cmv_s25,holdout_full,close,buy_hold,0.0,0.0,106.04986255847625,6.04986255847626,53.05998300134691,0.29297133355010935,0.42749717454185726,0.059920775094170035,3.1793953079241932,1,100.0,0.0,0.0,0.0
cmv_s25,holdout_full,close,buy_hold,0.1,0.0,105.94391863983641,5.94391863983641,53.05998300134692,0.29178409987922665,0.4257433973967949,0.05888540536206441,3.1244586075385605,1,99.90009990009989,0.09990009990009989,0.0,0.0
cmv_s25,holdout_full,close,buy_hold,0.2,0.0,105.83818618610405,5.838186186104055,53.05998300134692,0.29059859825136586,0.423991136078972,0.05785161989472568,3.0696059682145282,1,99.8003992015968,0.1996007984031936,0.0,0.0
cmv_s25,holdout_full,close,buy_hold,0.3,0.0,105.7326645647819,5.7326645647818975,53.05998300134691,0.28941483470066626,0.42224042196538236,0.05681941469052337,3.014837177625651,1,99.70089730807575,0.2991026919242273,0.0,0.0
cmv_s25,holdout_full,close,buy_hold,0.5,0.0,105.52225130196643,5.522251301966441,53.05998300134692,0.2870525454973252,0.4187437593052541,0.054759729135365615,2.905550297080861,1,99.50248756218906,0.4975124378109453,0.0,0.0
cmv_s25,holdout_full,close,vanilla,0.0,0.0,152.43393148328977,52.43393148328976,12.381782376020643,1.1430197119463283,2.1042908613778946,2.034087065007749,25.1856233728045,79,9487.35401168477,0.0,0.0,0.0
cmv_s25,holdout_full,close,vanilla,0.1,0.0,140.85510524907193,40.85510524907192,13.079932027660476,0.9495101939424695,1.722349971916645,1.530998147461361,20.02535170326871,79,9093.040213869604,9.093040213869605,0.0,0.0
cmv_s25,holdout_full,close,vanilla,0.2,0.0,130.15591205416368,30.15591205416368,13.77252014121651,0.7551668714418792,1.3482938877472135,1.0947773440017547,15.077843020411684,79,8719.773101595936,17.439546203191878,0.0,0.0
cmv_s25,holdout_full,close,vanilla,0.3,0.0,120.26949964083336,20.269499640833356,14.459592378193218,0.5604551113512334,0.9840797258069083,0.714702960783133,10.334313484411917,79,8366.310032138748,25.098930096416247,0.0,0.0
cmv_s25,holdout_full,close,vanilla,0.5,0.0,102.69264257922705,2.692642579227056,15.817369890833028,0.1717869957189507,0.29115557726882274,0.09014512920293942,1.425858852459827,79,7714.20819049184,38.5710409524592,0.0,0.0
cmv_s25,holdout_full,close,smart,0.0,0.0,123.0056401704982,23.005640170498197,13.097492313591488,0.7915585959865131,1.711410766418413,0.8906124909079163,11.664790254055003,446,16719.90354718034,0.0,0.0,0.0
cmv_s25,holdout_full,close,smart,0.1,0.0,107.08745562245088,7.087455622450878,15.156674688801242,0.31196062139593916,0.650781334457878,0.2451781247044996,3.7160850769564435,446,15564.810752653182,15.564810752653184,0.0,0.0
cmv_s25,holdout_full,close,smart,0.2,0.0,93.22926441863692,-6.770735581363086,20.116450466734786,-0.17040791985334156,-0.3423447944413051,-0.18227830812253812,-3.666792556507259,446,14511.771480142677,29.023542960285354,0.0,0.0
cmv_s25,holdout_full,close,smart,0.3,0.0,81.16446912337622,-18.835530876623775,26.261662995113415,-0.6541273973373857,-1.2640005381597297,-0.40074106474892135,-10.524126790739096,446,13550.779027905282,40.65233708371586,0.0,0.0
cmv_s25,holdout_full,close,smart,0.5,0.0,61.516733662397115,-38.483266337602885,38.831744830793,-1.6198416988943618,-2.891783437751047,-0.5873844218210146,-22.809161985736516,446,11870.001098809369,59.35000549404685,0.0,0.0
cmv_s25,holdout_full,close,smart_w_short,0.0,0.0,139.71309519143918,39.71309519143917,17.536656807349786,0.9096851267121167,1.6497559934376076,1.1122893918648948,19.50583733559046,685,44919.15674509889,0.0,0.0,0.0
cmv_s25,holdout_full,close,smart_w_short,0.1,0.0,97.90068355512508,-2.09931644487491,23.694815221673192,0.057391011976941,0.09923248646077854,-0.047443124306701764,-1.1241560639861703,685,37202.32769665189,37.20232769665189,0.0,0.0
cmv_s25,holdout_full,close,smart_w_short,0.2,0.0,68.60165955628113,-31.398340443718865,38.812611660505574,-0.8004449772568607,-1.319802852441101,-0.4687346639691053,-18.192816484450457,685,31121.53891841906,62.243077836838125,0.0,0.0
cmv_s25,holdout_full,close,smart_w_short,0.2,1.0,67.58727641855374,-32.41272358144626,39.40656838452018,-0.8363992508041003,-1.3760658439395943,-0.4780831313249438,-18.83961560804194,685,30898.410569450043,61.79682113890009,1.2925641506674959,0.0
cmv_s25,holdout_full,close,smart_w_short,0.2,2.0,66.58783865111971,-33.41216134888029,39.994790289569124,-0.8723523886660197,-1.432077349219421,-0.48709683087795835,-19.481335601677664,685,30677.408936476724,61.35481787295345,2.566570666351435,0.0
cmv_s25,holdout_full,close,smart_w_short,0.2,5.0,63.677019524451275,-36.322980475548725,41.72559521091379,-0.9801992890493224,-1.5986058728794577,-0.5123094181420839,-21.37641540413536,685,30026.93740319382,60.05387480638764,6.279881235661179,0.0
cmv_s25,holdout_full,close,smart_w_short,0.3,0.0,48.07105714014345,-51.92894285985654,52.354298441815175,-1.6603694109982678,-2.6116466883718332,-0.6172358342368822,-32.31494907462049,685,26297.40713680162,78.89222141040486,0.0,0.0
cmv_s25,holdout_full,close,smart_w_short,0.5,0.0,23.603787468268003,-76.396212531732,76.50264059987305,-3.3724681486965262,-4.83732288141512,-0.701498315503537,-53.66647351238344,685,19341.462603873137,96.70731301936569,0.0,0.0
cmv_s25,holdout_full,next_open,buy_hold,0.0,0.0,106.0457989265227,6.045798926522705,53.05695758004633,0.2928014658215764,0.42659313100561164,0.059884485453942246,3.1772886044327153,1,100.0,0.0,0.0,0.0
cmv_s25,holdout_full,next_open,buy_hold,0.1,0.0,105.93985906745525,5.939859067455244,53.05695758004633,0.2916130302832663,0.42484034152380284,0.058849077824088145,3.12235302573749,1,99.90009990009989,0.09990009990009989,0.0,0.0
cmv_s25,holdout_full,next_open,buy_hold,0.2,0.0,105.83413066519232,5.834130665192316,53.05695758004633,0.29042632874245683,0.4230890736524298,0.057815254516990114,3.0675015063875266,1,99.8003992015968,0.1996007984031936,0.0,0.0
cmv_s25,holdout_full,next_open,buy_hold,0.3,0.0,105.7286130872609,5.728613087260892,53.056957580046316,0.28924136725688543,0.42133935867655004,0.05678301153087071,3.012733834060688,1,99.70089730807575,0.2991026919242273,0.0,0.0
cmv_s25,holdout_full,next_open,buy_hold,0.5,0.0,105.51820788708727,5.518207887087279,53.05695758004633,0.2868766882109035,0.4178447109998851,0.054723250584823906,2.9034491849212474,1,99.50248756218906,0.4975124378109453,0.0,0.0
cmv_s25,holdout_full,next_open,vanilla,0.0,0.0,152.862659463921,52.86265946392101,12.408577210673897,1.1481964577582253,2.1084200114971576,2.0448041922029896,25.37311069966046,79,9507.66442460455,0.0,0.0,0.0
cmv_s25,holdout_full,next_open,vanilla,0.1,0.0,141.2512672075506,41.25126720755059,13.106513358718386,0.955054121618449,1.728228663413396,1.5416083644350627,20.20511062238015,79,9112.37890765545,9.112378907655449,0.0,0.0
cmv_s25,holdout_full,next_open,vanilla,0.2,0.0,130.52198200197125,30.52198200197125,13.798889669472528,0.7610770272503563,1.3557770757468788,1.1051753109697804,15.250192181496992,79,8738.194179833494,17.476388359666988,0.0,0.0
cmv_s25,holdout_full,next_open,vanilla,0.3,0.0,120.60776356416595,20.60776356416596,14.485751790477,0.5667279366862316,0.9930034372509131,0.7248197079255634,10.499558381855746,79,8383.864340257229,25.151593020771685,0.0,0.0
cmv_s25,holdout_full,next_open,vanilla,0.5,0.0,102.98147072169029,2.9814707216902825,15.843114076410124,0.1787642636398015,0.30244246160037414,0.09958659491924027,1.5777617837867686,79,7730.169475739924,38.650847378699616,0.0,0.0
cmv_s25,holdout_full,next_open,smart,0.0,0.0,122.7808618830662,22.780861883066184,12.994436672055365,0.7862562946963247,1.6979686951926232,0.8893047441972421,11.55601418062946,446,16682.154578664165,0.0,0.0,0.0
cmv_s25,holdout_full,next_open,smart,0.1,0.0,106.89188452640207,6.891884526402059,15.056075592273027,0.3058633439410831,0.6373400396003625,0.24010993498651337,3.615113331612707,446,15529.715978013533,15.529715978013533,0.0,0.0
cmv_s25,holdout_full,next_open,smart,0.2,0.0,93.0591055221092,-6.940894477890791,20.01306209876881,-0.177301063182889,-0.35580056642288654,-0.18790327100358095,-3.7605198311564503,446,14479.106241996513,28.95821248399303,0.0,0.0
cmv_s25,holdout_full,next_open,smart,0.3,0.0,81.0164205307299,-18.983579469270097,26.166711307214214,-0.6618101953640655,-1.277468229305873,-0.40552017277179564,-10.611129290171206,446,13520.339928675441,40.56101978602632,0.0,0.0
cmv_s25,holdout_full,next_open,smart,0.5,0.0,61.40466034271341,-38.59533965728659,38.945099542543865,-1.6290567871229777,-2.9052157891166694,-0.587599668314861,-22.88412757368802,446,11843.478556912229,59.21739278456115,0.0,0.0
cmv_s25,holdout_full,next_open,smart_w_short,0.0,0.0,138.96537804896016,38.96537804896016,17.516369808857828,0.8977407696845859,1.628372523878518,1.0940975015600571,19.164616444273364,685,44676.81220959494,0.0,0.0,0.0
cmv_s25,holdout_full,next_open,smart_w_short,0.1,0.0,97.37561136185536,-2.624388638144637,23.676126277689942,0.04422607568872439,0.0764756421788366,-0.059430364492707506,-1.4070808144584834,685,37002.509968597675,37.002509968597664,0.0,0.0
cmv_s25,holdout_full,next_open,smart_w_short,0.2,0.0,68.23293703058297,-31.767062969417026,38.72978405264846,-0.8148065131247398,-1.343446747594578,-0.47579413528028147,-18.42740411292191,685,30955.461262053508,61.91092252410702,0.0,0.0
cmv_s25,holdout_full,next_open,smart_w_short,0.2,1.0,67.22396338814517,-32.77603661185483,39.32454604117685,-0.850808663523231,-1.399727558403325,-0.48499926310940644,-19.0723758520827,685,30733.568793832386,61.46713758766478,1.2856799616083199,0.0
cmv_s25,holdout_full,next_open,smart_w_short,0.2,2.0,66.22985604197493,-33.77014395802508,39.91356542438283,-0.8868094762086368,-1.4557557284644356,-0.4938742602415049,-19.712282597567977,685,30513.79162225224,61.027583244504484,2.5529058380629572,0.0
cmv_s25,holdout_full,next_open,smart_w_short,0.2,5.0,63.334565168321866,-36.665434831678134,41.646716807267126,-0.9947981655934551,-1.6223277386169175,-0.5186965035301817,-21.60200639144111,685,29866.926143736215,59.73385228747243,6.246481515927743,0.0
cmv_s25,holdout_full,next_open,smart_w_short,0.3,0.0,47.81212905450194,-52.18787094549806,52.610665251377476,-1.6758890442300962,-2.6357502123395484,-0.617925228168556,-32.509457329556945,685,26158.27746087965,78.47483238263897,0.0,0.0
cmv_s25,holdout_full,next_open,smart_w_short,0.5,0.0,23.476104153849953,-76.52389584615005,76.62980110387012,-3.3901335200414446,-4.861314551080885,-0.7020792673340026,-53.80019461495548,685,19241.5517287449,96.2077586437245,0.0,0.0
cmt_thesis,holdout_full,close,buy_hold,0.0,0.0,106.04986255847625,6.04986255847626,53.05998300134691,0.29297133355010935,0.42749717454185726,0.059920775094170035,3.1793953079241932,1,100.0,0.0,0.0,0.0
cmt_thesis,holdout_full,close,buy_hold,0.1,0.0,105.94391863983641,5.94391863983641,53.05998300134692,0.29178409987922665,0.4257433973967949,0.05888540536206441,3.1244586075385605,1,99.90009990009989,0.09990009990009989,0.0,0.0
cmt_thesis,holdout_full,close,buy_hold,0.2,0.0,105.83818618610405,5.838186186104055,53.05998300134692,0.29059859825136586,0.423991136078972,0.05785161989472568,3.0696059682145282,1,99.8003992015968,0.1996007984031936,0.0,0.0
cmt_thesis,holdout_full,close,buy_hold,0.3,0.0,105.7326645647819,5.7326645647818975,53.05998300134691,0.28941483470066626,0.42224042196538236,0.05681941469052337,3.014837177625651,1,99.70089730807575,0.2991026919242273,0.0,0.0
cmt_thesis,holdout_full,close,buy_hold,0.5,0.0,105.52225130196643,5.522251301966441,53.05998300134692,0.2870525454973252,0.4187437593052541,0.054759729135365615,2.905550297080861,1,99.50248756218906,0.4975124378109453,0.0,0.0
cmt_thesis,holdout_full,close,vanilla,0.0,0.0,112.52476211610232,12.524762116102316,-0.0,0.730496906902522,0.0,,6.489646069397348,2,212.52476211610232,0.0,0.0,0.0
cmt_thesis,holdout_full,close,vanilla,0.1,0.0,112.29993741656965,12.299937416569652,0.09999999999999515,0.7245796152960791,89.87565962361481,63.76221164163141,6.376221164162832,2,212.31244966643587,0.21231244966643587,0.0,0.0
cmt_thesis,holdout_full,close,vanilla,0.2,0.0,112.07556146893225,12.07556146893225,0.20000000000000187,0.7185070115758178,44.163382428767704,31.314584221356174,6.2629168442712935,2,212.1005609941141,0.4242011219882282,0.0,0.0
cmt_thesis,holdout_full,close,vanilla,0.3,0.0,111.8516329309611,11.851632930961099,0.300000000000001,0.7122751179138109,28.92650101836577,20.49910918505675,6.149732755517046,2,211.88909483160745,0.6356672844948223,0.0,0.0
cmt_thesis,holdout_full,close,vanilla,0.5,0.0,111.40511274181276,11.40511274181275,0.49999999999999556,0.6993173117978304,16.73797176861115,11.847447720125464,5.92372386006268,2,211.4674249911466,1.057337124955733,0.0,0.0
cmt_thesis,holdout_full,close,smart,0.0,0.0,114.2892641094337,14.289264109433697,0.7693742523451684,0.8143361748001179,9.115130547820787,9.587263943216913,7.376194028348304,152,343.15657617680813,0.0,0.0,0.0
cmt_thesis,holdout_full,close,smart,0.1,0.0,113.92545021168863,13.925450211688627,0.8488956429474271,0.8021698671273347,8.775851538202582,8.474454239162924,7.193927279982759,152,342.5999797441813,0.3425999797441813,0.0,0.0
cmt_thesis,holdout_full,close,smart,0.2,0.0,113.56279381073352,13.562793810733531,0.9863594882432248,0.7897313261103639,8.382152118264456,7.108939178144505,7.011969609706825,152,342.0447187832141,0.6840894375664283,0.0,0.0
cmt_thesis,holdout_full,close,smart,0.3,0.0,113.20129076978189,13.201290769781892,1.1237318457669583,0.7770152512980109,7.949753235920612,6.078247484308376,6.830320264570222,152,341.4907890456744,1.024472367137023,0.0,0.0
cmt_thesis,holdout_full,close,smart,0.5,0.0,112.48172830812759,12.481728308127593,1.3982023073887642,0.7507294531750928,7.03037756058114,4.625899639782486,6.467943550092725,152,340.38690633400904,1.7019345316700452,0.0,0.0
cmt_thesis,holdout_full,close,smart_w_short,0.0,0.0,126.76891749078477,26.768917490784784,7.062796394328191,0.8863374701198442,2.4840125816250658,1.9075083387134955,13.472343016816634,685,1944.3753187497753,0.0,0.0,0.0
cmt_thesis,holdout_full,close,smart_w_short,0.1,0.0,124.64014117829666,24.64014117829665,7.380381508959549,0.8345486833986817,2.31237982750971,1.6873100623035804,12.45299198370673,685,1926.952775241104,1.9269527752411042,0.0,0.0
cmt_thesis,holdout_full,close,smart_w_short,0.2,0.0,122.54714397804258,22.547143978042584,7.696898283612073,0.7817118416343097,2.1415020363030344,1.4866785130660993,11.44281329550141,685,1909.7324729063978,3.8194649458127956,0.0,0.0
cmt_thesis,holdout_full,close,smart_w_short,0.2,1.0,121.6754899184972,21.675489918497213,7.831551949870148,0.756848548695927,2.066642438136006,1.4070949147962788,11.019736923625167,685,1902.894051835849,3.8057881036716976,0.7918816324123857,0.0
cmt_thesis,holdout_full,close,smart_w_short,0.2,2.0,120.81001232719171,20.810012327191707,7.966013927522623,0.7319780522382243,1.9922369687376862,1.330433936302597,10.598255266235235,685,1896.0867303487105,3.792173460697421,1.5778282001231216,0.0
cmt_thesis,holdout_full,close,smart_w_short,0.2,5.0,118.250203886431,18.250203886430995,8.442183283705107,0.6573253580375653,1.7717213553126154,1.1067420232962568,9.343319008445627,685,1875.849840034109,3.751699680068219,3.9004871367406944,0.0
cmt_thesis,holdout_full,close,smart_w_short,0.3,0.0,120.48932188623614,20.489321886236134,8.012350698304815,0.7278221776426503,1.9711578303712716,1.3032034713415748,10.441723243636925,685,1892.7117908741063,5.67813537262232,0.0,0.0
cmt_thesis,holdout_full,close,smart_w_short,0.5,0.0,116.47683821889811,16.476838218898116,8.640078281131911,0.6168733909445315,1.6322585291241882,0.9799075714539063,8.466478125635613,685,1859.25898548332,9.2962949274166,0.0,0.0
cmt_thesis,holdout_full,next_open,buy_hold,0.0,0.0,106.0457989265227,6.045798926522705,53.05695758004633,0.2928014658215764,0.42659313100561164,0.059884485453942246,3.1772886044327153,1,100.0,0.0,0.0,0.0
cmt_thesis,holdout_full,next_open,buy_hold,0.1,0.0,105.93985906745525,5.939859067455244,53.05695758004633,0.2916130302832663,0.42484034152380284,0.058849077824088145,3.12235302573749,1,99.90009990009989,0.09990009990009989,0.0,0.0
cmt_thesis,holdout_full,next_open,buy_hold,0.2,0.0,105.83413066519232,5.834130665192316,53.05695758004633,0.29042632874245683,0.4230890736524298,0.057815254516990114,3.0675015063875266,1,99.8003992015968,0.1996007984031936,0.0,0.0
cmt_thesis,holdout_full,next_open,buy_hold,0.3,0.0,105.7286130872609,5.728613087260892,53.056957580046316,0.28924136725688543,0.42133935867655004,0.05678301153087071,3.012733834060688,1,99.70089730807575,0.2991026919242273,0.0,0.0
cmt_thesis,holdout_full,next_open,buy_hold,0.5,0.0,105.51820788708727,5.518207887087279,53.05695758004633,0.2868766882109035,0.4178447109998851,0.054723250584823906,2.9034491849212474,1,99.50248756218906,0.4975124378109453,0.0,0.0
cmt_thesis,holdout_full,next_open,vanilla,0.0,0.0,112.51801108214809,12.518011082148096,-0.0,0.7304969069025219,0.0,,6.486241690015948,2,212.5180110821481,0.0,0.0,0.0
cmt_thesis,holdout_full,next_open,vanilla,0.1,0.0,112.29319987119473,12.293199871194727,0.099999999999996,0.7245763857219607,89.82642877054373,63.72820410875135,6.37282041087488,2,212.3057053767713,0.2123057053767713,0.0,0.0
cmt_thesis,holdout_full,next_open,vanilla,0.2,0.0,112.06883738521336,12.06883738521336,0.20000000000000573,0.7185003893320436,44.138791568525654,31.29759856610802,6.259519713221784,2,212.09382343527753,0.4241876468705551,0.0,0.0
cmt_thesis,holdout_full,next_open,vanilla,0.3,0.0,111.84492228205545,11.844922282055448,0.30000000000000165,0.712264933737326,28.91012345641047,20.487797476207547,6.146339242862298,2,211.8823639901775,0.6356470919705326,0.0,0.0
cmt_thesis,holdout_full,next_open,vanilla,0.5,0.0,111.39842888232573,11.398428882325739,0.4999999999999963,0.699299470849211,16.728164786735846,11.840675145423196,5.920337572711554,2,211.460707544426,1.0573035377221298,0.0,0.0
cmt_thesis,holdout_full,next_open,smart,0.0,0.0,114.28426009327153,14.284260093271527,0.771025235946486,0.8145476456032023,9.162871334242082,9.563485820709152,7.373688911383147,152,343.0898520788251,0.0,0.0,0.0
cmt_thesis,holdout_full,next_open,smart,0.1,0.0,113.92052095332458,13.920520953324589,0.845167908514923,0.8023792540297572,8.820950283873001,8.508907919917345,7.191455910422606,152,342.53346205038974,0.3425334620503897,0.0,0.0
cmt_thesis,holdout_full,next_open,smart,0.2,0.0,113.55793888492583,13.557938884925825,0.9826401145862947,0.7899383597392297,8.423732024499758,7.133366301800174,7.009531880186937,152,341.9784068459011,0.6839568136918022,0.0,0.0
cmt_thesis,holdout_full,next_open,smart,0.3,0.0,113.19650975325743,13.196509753257434,1.12002082159321,0.7772196507763429,7.987271717201957,6.096240298716734,6.827916067998352,152,341.42468221942977,1.0242740466582894,0.0,0.0
cmt_thesis,holdout_full,next_open,smart,0.5,0.0,112.47709384817914,12.477093848179145,1.3945079483325857,0.7509276950114238,7.059384539298232,4.636478484727776,6.465606099225907,152,340.3212078028348,1.7016060390141736,0.0,0.0
cmt_thesis,holdout_full,next_open,smart_w_short,0.0,0.0,126.76340406236032,26.76340406236033,7.061601269745725,0.8865034996955957,2.4854038848935085,1.9074587767612472,13.46971331996485,685,1944.091871044029,0.0,0.0,0.0
cmt_thesis,holdout_full,next_open,smart_w_short,0.1,0.0,124.63495298347928,24.634952983479288,7.379207310207684,0.8346984995061953,2.3136580444942427,1.687240544126138,12.450497757294388,685,1926.6738103544383,1.9266738103544383,0.0,0.0
cmt_thesis,holdout_full,next_open,smart_w_short,0.2,0.0,122.54227168653861,22.54227168653862,7.695744904472106,0.7818449895964944,2.1426755791325665,1.486594537425275,11.440452336406626,685,1909.4579168505632,3.8189158337011255,0.0,0.0
cmt_thesis,holdout_full,next_open,smart_w_short,0.2,1.0,121.67065294574758,21.67065294574757,7.83040098060864,0.7569713534223997,2.067759441277715,1.4070014137512805,11.017385249955769,685,1902.6201423513694,3.805240284702739,0.7918497049534968,0.0
cmt_thesis,holdout_full,next_open,smart_w_short,0.2,2.0,120.80521041858066,20.805210418580657,7.964865363841979,0.7320904994532244,1.9932975605289998,1.330331695253567,10.595912841946319,685,1895.81346520324,3.7916269304064807,1.5777645805483806,0.0
cmt_thesis,holdout_full,next_open,smart_w_short,0.2,5.0,118.24550566074754,18.24550566074754,8.441400681507288,0.6574066495010055,1.772609283938552,1.106570398663644,9.341004117415075,685,1875.5784945975975,3.751156989195195,3.9003298357285776,0.0
cmt_thesis,holdout_full,next_open,smart_w_short,0.3,0.0,120.48475638929108,20.484756389291082,8.011218033124868,0.7279382261652965,1.9722174189570691,1.3031093816516748,10.439493377422092,685,1892.4415708952147,5.677324712685644,0.0,0.0
cmt_thesis,holdout_full,next_open,smart_w_short,0.5,0.0,116.47285984691516,16.472859846915156,8.638986729165664,0.6169540588652805,1.6330345400134438,0.9798028750661903,8.464504034895182,685,1858.9972242305862,9.294986121152931,0.0,0.0
cmt_s23,holdout_full,close,buy_hold,0.0,0.0,106.04986255847625,6.04986255847626,53.05998300134691,0.29297133355010935,0.42749717454185726,0.059920775094170035,3.1793953079241932,1,100.0,0.0,0.0,0.0
cmt_s23,holdout_full,close,buy_hold,0.1,0.0,105.94391863983641,5.94391863983641,53.05998300134692,0.29178409987922665,0.4257433973967949,0.05888540536206441,3.1244586075385605,1,99.90009990009989,0.09990009990009989,0.0,0.0
cmt_s23,holdout_full,close,buy_hold,0.2,0.0,105.83818618610405,5.838186186104055,53.05998300134692,0.29059859825136586,0.423991136078972,0.05785161989472568,3.0696059682145282,1,99.8003992015968,0.1996007984031936,0.0,0.0
cmt_s23,holdout_full,close,buy_hold,0.3,0.0,105.7326645647819,5.7326645647818975,53.05998300134691,0.28941483470066626,0.42224042196538236,0.05681941469052337,3.014837177625651,1,99.70089730807575,0.2991026919242273,0.0,0.0
cmt_s23,holdout_full,close,buy_hold,0.5,0.0,105.52225130196643,5.522251301966441,53.05998300134692,0.2870525454973252,0.4187437593052541,0.054759729135365615,2.905550297080861,1,99.50248756218906,0.4975124378109453,0.0,0.0
cmt_s23,holdout_full,close,vanilla,0.0,0.0,112.52476211610232,12.524762116102316,-0.0,0.730496906902522,0.0,,6.489646069397348,2,212.52476211610232,0.0,0.0,0.0
cmt_s23,holdout_full,close,vanilla,0.1,0.0,112.29993741656965,12.299937416569652,0.09999999999999515,0.7245796152960791,89.87565962361481,63.76221164163141,6.376221164162832,2,212.31244966643587,0.21231244966643587,0.0,0.0
cmt_s23,holdout_full,close,vanilla,0.2,0.0,112.07556146893225,12.07556146893225,0.20000000000000187,0.7185070115758178,44.163382428767704,31.314584221356174,6.2629168442712935,2,212.1005609941141,0.4242011219882282,0.0,0.0
cmt_s23,holdout_full,close,vanilla,0.3,0.0,111.8516329309611,11.851632930961099,0.300000000000001,0.7122751179138109,28.92650101836577,20.49910918505675,6.149732755517046,2,211.88909483160745,0.6356672844948223,0.0,0.0
cmt_s23,holdout_full,close,vanilla,0.5,0.0,111.40511274181276,11.40511274181275,0.49999999999999556,0.6993173117978304,16.73797176861115,11.847447720125464,5.92372386006268,2,211.4674249911466,1.057337124955733,0.0,0.0
cmt_s23,holdout_full,close,smart,0.0,0.0,115.84022443172199,15.840224431721994,2.1196486908766343,0.8667222029224131,4.775399891530049,3.8450640211148857,8.150184918693014,278,863.0053360430611,0.0,0.0,0.0
cmt_s23,holdout_full,close,smart,0.1,0.0,114.91308372853752,14.913083728537524,2.191151628791991,0.8278966810368578,4.486239766630077,3.5086988127030603,7.688091118394835,278,859.4539761241822,0.8594539761241822,0.0,0.0
cmt_s23,holdout_full,close,smart,0.2,0.0,113.99336216549976,13.993362165499757,2.3050967633184376,0.7883612025901786,4.193929826987847,3.1356475583550405,7.227971037671566,278,855.9220210801152,1.7118440421602303,0.0,0.0
cmt_s23,holdout_full,close,smart,0.3,0.0,113.08099989233008,13.080999892330091,2.4189107416820512,0.7481077499317745,3.90042112724857,2.7987043445115214,6.769816001731144,278,852.4093503814381,2.557228051144314,0.0,0.0
cmt_s23,holdout_full,close,smart,0.5,0.0,111.27811626315165,11.278116263151649,2.6549514307295703,0.6654170027404964,3.3170612549915206,2.2069581002420318,5.859366565797797,278,845.4413839719655,4.227206919859826,0.0,0.0
cmt_s23,holdout_full,close,smart_w_short,0.0,0.0,123.81053224817285,23.810532248172844,8.98414666668091,0.8461384452644896,1.7743278923344847,1.3416453947627167,12.053539001225255,685,4025.9313174277395,0.0,0.0,0.0
cmt_s23,holdout_full,close,smart_w_short,0.1,0.0,119.37360318674313,19.373603186743125,9.81424633659485,0.7174518668688911,1.4859291301673465,1.0082901708312293,9.895608115304988,685,3949.2227654943244,3.9492227654943246,0.0,0.0
cmt_s23,holdout_full,close,smart_w_short,0.2,0.0,115.0956692661178,15.095669266117806,10.647631189221103,0.5869516983951799,1.2006849205667693,0.730606676717998,7.779230438075735,685,3874.4163848091193,7.7488327696182395,0.0,0.0
cmt_s23,holdout_full,close,smart_w_short,0.2,1.0,114.19088444092304,14.190884440923046,10.866121722792538,0.5578682390029183,1.1383591810402178,0.6742915142170903,7.326933670128999,685,3859.912881311097,7.719825762622195,0.8294239541107666,0.0
cmt_s23,holdout_full,close,smart_w_short,0.2,2.0,113.29318649085427,13.29318649085427,11.084085153291722,0.5287890718370621,1.076347451241614,0.6203959927969216,6.876522012922037,685,3845.486225433592,7.690972450867185,1.6520602404093592,0.0
cmt_s23,holdout_full,close,smart_w_short,0.2,5.0,110.64206295869621,10.642062958696208,11.734825358467079,0.4415803077328343,0.89218514929572,0.4718024908062565,5.53651983330119,685,3802.6628631901463,7.605325726380293,4.079785647840726,0.0
cmt_s23,holdout_full,close,smart_w_short,0.3,0.0,110.97103083136994,10.971030831369944,11.477583819525837,0.4546881722728594,0.9186142183785984,0.49693426309168875,5.703604657429162,685,3801.4598363693126,11.404379509107939,0.0,0.0
cmt_s23,holdout_full,close,smart_w_short,0.5,0.0,103.1598568822724,3.1598568822723827,13.837678423187661,0.18509909649649772,0.36470418489249884,0.120791991163595,1.6714807298183532,685,3660.894456091228,18.30447228045614,0.0,0.0
cmt_s23,holdout_full,next_open,buy_hold,0.0,0.0,106.0457989265227,6.045798926522705,53.05695758004633,0.2928014658215764,0.42659313100561164,0.059884485453942246,3.1772886044327153,1,100.0,0.0,0.0,0.0
cmt_s23,holdout_full,next_open,buy_hold,0.1,0.0,105.93985906745525,5.939859067455244,53.05695758004633,0.2916130302832663,0.42484034152380284,0.058849077824088145,3.12235302573749,1,99.90009990009989,0.09990009990009989,0.0,0.0
cmt_s23,holdout_full,next_open,buy_hold,0.2,0.0,105.83413066519232,5.834130665192316,53.05695758004633,0.29042632874245683,0.4230890736524298,0.057815254516990114,3.0675015063875266,1,99.8003992015968,0.1996007984031936,0.0,0.0
cmt_s23,holdout_full,next_open,buy_hold,0.3,0.0,105.7286130872609,5.728613087260892,53.056957580046316,0.28924136725688543,0.42133935867655004,0.05678301153087071,3.012733834060688,1,99.70089730807575,0.2991026919242273,0.0,0.0
cmt_s23,holdout_full,next_open,buy_hold,0.5,0.0,105.51820788708727,5.518207887087279,53.05695758004633,0.2868766882109035,0.4178447109998851,0.054723250584823906,2.9034491849212474,1,99.50248756218906,0.4975124378109453,0.0,0.0
cmt_s23,holdout_full,next_open,vanilla,0.0,0.0,112.51801108214809,12.518011082148096,-0.0,0.7304969069025219,0.0,,6.486241690015948,2,212.5180110821481,0.0,0.0,0.0
cmt_s23,holdout_full,next_open,vanilla,0.1,0.0,112.29319987119473,12.293199871194727,0.099999999999996,0.7245763857219607,89.82642877054373,63.72820410875135,6.37282041087488,2,212.3057053767713,0.2123057053767713,0.0,0.0
cmt_s23,holdout_full,next_open,vanilla,0.2,0.0,112.06883738521336,12.06883738521336,0.20000000000000573,0.7185003893320436,44.138791568525654,31.29759856610802,6.259519713221784,2,212.09382343527753,0.4241876468705551,0.0,0.0
cmt_s23,holdout_full,next_open,vanilla,0.3,0.0,111.84492228205545,11.844922282055448,0.30000000000000165,0.712264933737326,28.91012345641047,20.487797476207547,6.146339242862298,2,211.8823639901775,0.6356470919705326,0.0,0.0
cmt_s23,holdout_full,next_open,vanilla,0.5,0.0,111.39842888232573,11.398428882325739,0.4999999999999963,0.699299470849211,16.728164786735846,11.840675145423196,5.920337572711554,2,211.460707544426,1.0573035377221298,0.0,0.0
cmt_s23,holdout_full,next_open,smart,0.0,0.0,115.8790529400154,15.879052940015391,2.1259318742982063,0.8693425148706546,4.823889483539665,3.8427852129245363,8.169499570238091,278,863.4700685509624,0.0,0.0,0.0
cmt_s23,holdout_full,next_open,smart,0.1,0.0,114.951396352655,14.951396352654989,2.2051023218031363,0.8304929091526221,4.531884616879945,3.4951760562204828,7.707220836682516,278,859.9159607393256,0.8599159607393256,0.0,0.0
cmt_s23,holdout_full,next_open,smart,0.2,0.0,114.03116465141765,14.03116465141765,2.319005075764571,0.7909318527792553,4.236617181368559,3.125011287743869,7.2469170380996095,278,856.3812767658599,1.7127625535317197,0.0,0.0
cmt_s23,holdout_full,next_open,smart,0.3,0.0,113.11829792709639,13.1182979270964,2.432776750564392,0.7506512860889412,3.940091894845983,2.7904654593166103,6.788579492678437,278,852.8658959600817,2.558597687880245,0.0,0.0
cmt_s23,holdout_full,next_open,smart,0.5,0.0,111.31442222393845,11.314422223938458,2.667963059569055,0.6679015382930453,3.3507201308870416,2.2030922107250137,5.87776863503866,278,845.8925652445405,4.2294628262227025,0.0,0.0
cmt_s23,holdout_full,next_open,smart_w_short,0.0,0.0,123.86621220704524,23.866212207045233,8.969564728583077,0.8481792630335001,1.7790335324375985,1.3468198386439816,12.080387720457008,685,4027.9278921010623,0.0,0.0,0.0
cmt_s23,holdout_full,next_open,smart_w_short,0.1,0.0,119.42720322521163,19.42720322521163,9.799765681521125,0.7194269297917776,1.4903639643327642,1.0124628116228027,9.921898315157529,685,3951.180859640835,3.9511808596408353,0.0,0.0
cmt_s23,holdout_full,next_open,smart_w_short,0.2,0.0,115.14726698635185,15.147266986351848,10.633176523445103,0.5888598027505871,1.204844518097814,0.7340208896531805,7.804973691578487,685,3876.3369599660195,7.752673919932041,0.0,0.0
cmt_s23,holdout_full,next_open,smart_w_short,0.2,1.0,114.24207910305621,14.242079103056216,10.851699044092166,0.5597595893078244,1.1424591843683198,0.6775501369413971,7.3525701733714754,685,3861.826905890914,7.723653811781828,0.8298363630179311,0.0
cmt_s23,holdout_full,next_open,smart_w_short,0.2,2.0,113.34398123234115,13.34398123234115,11.06969439189075,0.5306636615135706,1.0803883727962824,0.6235088306306577,6.90205220572655,685,3847.393733002331,7.694787466004662,1.6528819315429382,0.0
cmt_s23,holdout_full,next_open,smart_w_short,0.2,5.0,110.69167652055162,10.69167652055163,11.720529931801629,0.44340458123894083,0.8960515147086756,0.4745292020175798,5.561733715760986,685,3804.5510191935355,7.609102038387073,4.081816665864312,0.0
cmt_s23,holdout_full,next_open,smart_w_short,0.3,0.0,111.02070094260357,11.020700942603568,11.463232775532354,0.45652824436747214,0.9225119061167811,0.4997553840750255,5.728812298477592,685,3803.3438269287367,11.410031480786209,0.0,0.0
cmt_s23,holdout_full,next_open,smart_w_short,0.5,0.0,103.20588486643443,3.2058848664344275,13.835765150924594,0.1868004548558051,0.3681160346522241,0.12255557948401816,1.6956502156763475,685,3662.7079761141895,18.31353988057095,0.0,0.0
cmt_s24,holdout_full,close,buy_hold,0.0,0.0,106.04986255847625,6.04986255847626,53.05998300134691,0.29297133355010935,0.42749717454185726,0.059920775094170035,3.1793953079241932,1,100.0,0.0,0.0,0.0
cmt_s24,holdout_full,close,buy_hold,0.1,0.0,105.94391863983641,5.94391863983641,53.05998300134692,0.29178409987922665,0.4257433973967949,0.05888540536206441,3.1244586075385605,1,99.90009990009989,0.09990009990009989,0.0,0.0
cmt_s24,holdout_full,close,buy_hold,0.2,0.0,105.83818618610405,5.838186186104055,53.05998300134692,0.29059859825136586,0.423991136078972,0.05785161989472568,3.0696059682145282,1,99.8003992015968,0.1996007984031936,0.0,0.0
cmt_s24,holdout_full,close,buy_hold,0.3,0.0,105.7326645647819,5.7326645647818975,53.05998300134691,0.28941483470066626,0.42224042196538236,0.05681941469052337,3.014837177625651,1,99.70089730807575,0.2991026919242273,0.0,0.0
cmt_s24,holdout_full,close,buy_hold,0.5,0.0,105.52225130196643,5.522251301966441,53.05998300134692,0.2870525454973252,0.4187437593052541,0.054759729135365615,2.905550297080861,1,99.50248756218906,0.4975124378109453,0.0,0.0
cmt_s24,holdout_full,close,vanilla,0.0,0.0,100.0,0.0,-0.0,0.0,0.0,,0.0,0,0.0,0.0,0.0,0.0
cmt_s24,holdout_full,close,vanilla,0.1,0.0,100.0,0.0,-0.0,0.0,0.0,,0.0,0,0.0,0.0,0.0,0.0
cmt_s24,holdout_full,close,vanilla,0.2,0.0,100.0,0.0,-0.0,0.0,0.0,,0.0,0,0.0,0.0,0.0,0.0
cmt_s24,holdout_full,close,vanilla,0.3,0.0,100.0,0.0,-0.0,0.0,0.0,,0.0,0,0.0,0.0,0.0,0.0
cmt_s24,holdout_full,close,vanilla,0.5,0.0,100.0,0.0,-0.0,0.0,0.0,,0.0,0,0.0,0.0,0.0,0.0
cmt_s24,holdout_full,close,smart,0.0,0.0,102.27412098130564,2.2741209813056384,1.2190534139960936,0.8721558162460005,1.4886554743359541,0.9887933081967144,1.2053918580936962,483,232.99512132394943,0.0,0.0,0.0
cmt_s24,holdout_full,close,smart,0.1,0.0,102.04126462735377,2.041264627353767,1.3097140785931318,0.7851531426267773,1.3345370185711676,0.8265516295434809,1.0825463058971918,483,232.72902746856585,0.23272902746856586,0.0,0.0
cmt_s24,holdout_full,close,smart,0.2,0.0,101.80893812051596,1.8089381205159683,1.4002919145630368,0.6979705411599095,1.1813614291611398,0.6854640015059924,0.9598496990328664,483,232.46333793046625,0.4649266758609325,0.0,0.0
cmt_s24,holdout_full,close,smart,0.3,0.0,101.57714025375489,1.5771402537548829,1.5001343685552286,0.6106154209623456,1.0291433841909268,0.5581512386736588,0.8373018559860279,483,232.19805201692822,0.6965941560507847,0.0,0.0
cmt_s24,holdout_full,close,smart,0.5,0.0,101.11512562609612,1.115125626096125,1.7409760229615108,0.4354176859464315,0.7276417487154422,0.3404134971347912,0.5926517364041484,483,231.66868829900417,1.1583434414950209,0.0,0.0
cmt_s24,holdout_full,close,smart_w_short,0.0,0.0,102.39540497966706,2.3954049796670596,1.519197530496302,0.742807131767178,1.1988474878626263,0.8355230918006985,1.269324617736256,685,363.312478341726,0.0,0.0,0.0
cmt_s24,holdout_full,close,smart_w_short,0.1,0.0,102.03127866232948,2.031278662329483,1.5862499672027524,0.6327241892270076,1.016854918686686,0.6791333092667056,1.0772751895506083,685,362.6647564167911,0.3626647564167911,0.0,0.0
cmt_s24,holdout_full,close,smart_w_short,0.2,0.0,101.66844687478019,1.6684468747801828,1.6800450244794067,0.5224797673142196,0.8361151455214928,0.527122654082539,0.885589792281749,685,362.0185717870662,0.7240371435741324,0.0,0.0
cmt_s24,holdout_full,close,smart_w_short,0.2,1.0,101.61461667683652,1.6146166768365111,1.7018920090083933,0.5059990296640606,0.8089454994605844,0.5036300108964302,0.8571238910414447,685,361.96168200936955,0.723923364018739,0.053893210158697746,0.0
cmt_s24,holdout_full,close,smart_w_short,0.2,2.0,101.56081477817976,1.5608147781797532,1.7237342030155547,0.48951905193969214,0.7818301852029613,0.48073880148846004,0.8286659148423636,685,361.9048093780274,0.7238096187560548,0.10775806272221142,0.0
cmt_s24,holdout_full,close,smart_w_short,0.2,5.0,101.39957873025367,1.39957873025367,1.7892320522696057,0.44008509053577305,0.7008108475562205,0.41545170945484267,0.743339514726804,685,361.73429429997196,0.7234685885999439,0.26918262288066314,0.0
cmt_s24,holdout_full,close,smart_w_short,0.3,0.0,101.30690501307066,1.3069050130706694,1.8776507472565847,0.4120823556859004,0.6566407029353941,0.36975339303049315,0.6942677347243631,685,361.3739203453136,1.0841217610359406,0.0,0.0
cmt_s24,holdout_full,close,smart_w_short,0.5,0.0,100.58767273327182,0.5876727332718268,2.271672961993323,0.19086285778835335,0.30153963223908703,0.1376566458912379,0.31271088050981444,685,360.08920065535744,1.8004460032767873,0.0,0.0
cmt_s24,holdout_full,next_open,buy_hold,0.0,0.0,106.0457989265227,6.045798926522705,53.05695758004633,0.2928014658215764,0.42659313100561164,0.059884485453942246,3.1772886044327153,1,100.0,0.0,0.0,0.0
cmt_s24,holdout_full,next_open,buy_hold,0.1,0.0,105.93985906745525,5.939859067455244,53.05695758004633,0.2916130302832663,0.42484034152380284,0.058849077824088145,3.12235302573749,1,99.90009990009989,0.09990009990009989,0.0,0.0
cmt_s24,holdout_full,next_open,buy_hold,0.2,0.0,105.83413066519232,5.834130665192316,53.05695758004633,0.29042632874245683,0.4230890736524298,0.057815254516990114,3.0675015063875266,1,99.8003992015968,0.1996007984031936,0.0,0.0
cmt_s24,holdout_full,next_open,buy_hold,0.3,0.0,105.7286130872609,5.728613087260892,53.056957580046316,0.28924136725688543,0.42133935867655004,0.05678301153087071,3.012733834060688,1,99.70089730807575,0.2991026919242273,0.0,0.0
cmt_s24,holdout_full,next_open,buy_hold,0.5,0.0,105.51820788708727,5.518207887087279,53.05695758004633,0.2868766882109035,0.4178447109998851,0.054723250584823906,2.9034491849212474,1,99.50248756218906,0.4975124378109453,0.0,0.0
cmt_s24,holdout_full,next_open,vanilla,0.0,0.0,100.0,0.0,-0.0,0.0,0.0,,0.0,0,0.0,0.0,0.0,0.0
cmt_s24,holdout_full,next_open,vanilla,0.1,0.0,100.0,0.0,-0.0,0.0,0.0,,0.0,0,0.0,0.0,0.0,0.0
cmt_s24,holdout_full,next_open,vanilla,0.2,0.0,100.0,0.0,-0.0,0.0,0.0,,0.0,0,0.0,0.0,0.0,0.0
cmt_s24,holdout_full,next_open,vanilla,0.3,0.0,100.0,0.0,-0.0,0.0,0.0,,0.0,0,0.0,0.0,0.0,0.0
cmt_s24,holdout_full,next_open,vanilla,0.5,0.0,100.0,0.0,-0.0,0.0,0.0,,0.0,0,0.0,0.0,0.0,0.0
cmt_s24,holdout_full,next_open,smart,0.0,0.0,102.27148727093561,2.2714872709356015,1.2191250367512185,0.8753548298546243,1.4925692698988402,0.9875961154041754,1.204003150487476,483,232.9817756093293,0.0,0.0,0.0
cmt_s24,holdout_full,next_open,smart,0.1,0.0,102.03864453150747,2.038644531507483,1.3097789644746622,0.787929148985213,1.337843224524822,0.8254547786046782,1.081163305141497,483,232.7157061837769,0.23271570618377685,0.0,0.0
cmt_s24,holdout_full,next_open,smart,0.2,0.0,101.80633159178282,1.8063315917828282,1.400350075951889,0.7003224709744307,1.184070888987716,0.6844519883059523,0.9584723938096618,483,232.45004102626774,0.4649000820525355,0.0,0.0
cmt_s24,holdout_full,next_open,smart,0.3,0.0,101.57454724486884,1.5745472448688291,1.5002961466926719,0.6125423140745885,1.0312664437442418,0.5571768192828138,0.8359302349964848,483,232.18477944418498,0.696554338332555,0.0,0.0
cmt_s24,holdout_full,next_open,smart,0.5,0.0,101.11255951567956,1.1125595156795676,1.7411279057843454,0.43649206788774925,0.7286210326053303,0.3396025347111705,0.5912914500607158,483,231.65546424218127,1.1582773212109063,0.0,0.0
cmt_s24,holdout_full,next_open,smart_w_short,0.0,0.0,102.38417691783384,2.3841769178338357,1.5268527695598082,0.7415849623574206,1.1959404489906538,0.8274585807942628,1.2634074257817485,685,363.2689752199202,0.0,0.0,0.0
cmt_s24,holdout_full,next_open,smart_w_short,0.1,0.0,102.02010274048803,2.020102740488028,1.5939109821986468,0.6311688044651593,1.0135451914263982,0.6721678172253722,1.0713756657560136,685,362.62136358848556,0.36262136358848557,0.0,0.0
cmt_s24,holdout_full,next_open,smart_w_short,0.2,0.0,101.6573228642269,1.6573228642269067,1.6863696054683894,0.5205916112919645,0.8324142039647965,0.5216578193333005,0.8797078909785983,685,361.9752889336216,0.7239505778672433,0.0,0.0
cmt_s24,holdout_full,next_open,smart_w_short,0.2,1.0,101.60349766417849,1.6034976641784882,1.7082159516922713,0.5040607704467457,0.8051854919244825,0.4983229297204712,0.8512431776425355,685,361.91840208414,0.7238368041682799,0.0538883075016154,0.0
cmt_s24,holdout_full,next_open,smart_w_short,0.2,2.0,101.54970076125652,1.5497007612565117,1.7300575073683697,0.4875307250494227,0.778011498625622,0.47558325988760797,0.8227863891472786,685,361.86153238049087,0.7237230647609817,0.10774825950738313,0.0
cmt_s24,holdout_full,next_open,smart_w_short,0.2,5.0,101.38847968758292,1.3884796875829108,1.795553441474614,0.4379467865168564,0.6968189166582984,0.4107165701158806,0.7374635509422189,685,361.6910260823846,0.7233820521647693,0.26915813058011345,0.0
cmt_s24,holdout_full,next_open,smart_w_short,0.3,0.0,101.29583268607178,1.295832686071785,1.8839681664779697,0.40986195277885973,0.6525595146221261,0.36540076557782336,0.6884034103552983,685,361.3307471490866,1.0839922414472598,0.0,0.0
cmt_s24,holdout_full,next_open,smart_w_short,0.5,0.0,100.57670309402616,0.5767030940261542,2.277976070283227,0.18797985601675654,0.2967291882050302,0.13471676800135682,0.30688157377298797,685,360.0462458245806,1.800231229122903,0.0,0.0
cmt_s25,holdout_full,close,buy_hold,0.0,0.0,106.04986255847625,6.04986255847626,53.05998300134691,0.29297133355010935,0.42749717454185726,0.059920775094170035,3.1793953079241932,1,100.0,0.0,0.0,0.0
cmt_s25,holdout_full,close,buy_hold,0.1,0.0,105.94391863983641,5.94391863983641,53.05998300134692,0.29178409987922665,0.4257433973967949,0.05888540536206441,3.1244586075385605,1,99.90009990009989,0.09990009990009989,0.0,0.0
cmt_s25,holdout_full,close,buy_hold,0.2,0.0,105.83818618610405,5.838186186104055,53.05998300134692,0.29059859825136586,0.423991136078972,0.05785161989472568,3.0696059682145282,1,99.8003992015968,0.1996007984031936,0.0,0.0
cmt_s25,holdout_full,close,buy_hold,0.3,0.0,105.7326645647819,5.7326645647818975,53.05998300134691,0.28941483470066626,0.42224042196538236,0.05681941469052337,3.014837177625651,1,99.70089730807575,0.2991026919242273,0.0,0.0
cmt_s25,holdout_full,close,buy_hold,0.5,0.0,105.52225130196643,5.522251301966441,53.05998300134692,0.2870525454973252,0.4187437593052541,0.054759729135365615,2.905550297080861,1,99.50248756218906,0.4975124378109453,0.0,0.0
cmt_s25,holdout_full,close,vanilla,0.0,0.0,112.52476211610232,12.524762116102316,-0.0,0.730496906902522,0.0,,6.489646069397348,2,212.52476211610232,0.0,0.0,0.0
cmt_s25,holdout_full,close,vanilla,0.1,0.0,112.29993741656965,12.299937416569652,0.09999999999999515,0.7245796152960791,89.87565962361481,63.76221164163141,6.376221164162832,2,212.31244966643587,0.21231244966643587,0.0,0.0
cmt_s25,holdout_full,close,vanilla,0.2,0.0,112.07556146893225,12.07556146893225,0.20000000000000187,0.7185070115758178,44.163382428767704,31.314584221356174,6.2629168442712935,2,212.1005609941141,0.4242011219882282,0.0,0.0
cmt_s25,holdout_full,close,vanilla,0.3,0.0,111.8516329309611,11.851632930961099,0.300000000000001,0.7122751179138109,28.92650101836577,20.49910918505675,6.149732755517046,2,211.88909483160745,0.6356672844948223,0.0,0.0
cmt_s25,holdout_full,close,vanilla,0.5,0.0,111.40511274181276,11.40511274181275,0.49999999999999556,0.6993173117978304,16.73797176861115,11.847447720125464,5.92372386006268,2,211.4674249911466,1.057337124955733,0.0,0.0
cmt_s25,holdout_full,close,smart,0.0,0.0,114.93317090802266,14.933170908022664,1.303629288546717,0.8356356848410872,6.020788910326674,5.905145890966425,7.698121136605129,355,1758.5938914038118,0.0,0.0,0.0
cmt_s25,holdout_full,close,smart,0.1,0.0,113.02223259153332,13.022232591533323,1.4974523516564542,0.7457025021503982,5.2052800993811505,4.501142297027672,6.740246117824422,355,1743.5341666115482,1.7435341666115485,0.0,0.0
cmt_s25,holdout_full,close,smart,0.2,0.0,111.1430654495226,11.143065449522593,1.928286731973796,0.6541840110085785,4.408068184106778,3.0031270087127937,5.790889965333035,355,1728.64470304096,3.45728940608192,0.0,0.0
cmt_s25,holdout_full,close,smart,0.3,0.0,109.29514077377051,9.295140773770516,2.5164091349120468,0.5610743535026855,3.638496590115971,1.9273402717157329,4.849976665829336,355,1713.9233436708064,5.141770031012419,0.0,0.0
cmt_s25,holdout_full,close,smart,0.5,0.0,105.69094791385801,5.690947913858002,3.932483190614534,0.37006863805327145,2.2075251129912896,0.7611419642656847,2.9931779801461333,355,1684.9764546511951,8.424882273255976,0.0,0.0
cmt_s25,holdout_full,close,smart_w_short,0.0,0.0,118.67381645094451,18.673816450944525,8.836153586314097,0.7116793848253244,1.4889228826345833,1.0809978948337917,9.551863425233599,685,4851.9711056822025,0.0,0.0,0.0
cmt_s25,holdout_full,close,smart_w_short,0.1,0.0,113.31456105577172,13.314561055771712,10.182478792227696,0.5407118625992843,1.1151941668368688,0.6763840101508612,6.887265838763068,685,4736.630234514791,4.7366302345147915,0.0,0.0
cmt_s25,holdout_full,close,smart_w_short,0.2,0.0,108.19731654089712,8.197316540897127,11.521653356061616,0.3673857523975526,0.7469842062997843,0.37212306867478456,4.287473003064779,685,4624.8852190657835,9.249770438131566,0.0,0.0
cmt_s25,holdout_full,close,smart_w_short,0.2,1.0,107.53249290269848,7.532492902698484,11.678405450043211,0.3438923930378562,0.6973539320460979,0.3378486578556122,3.9455336071907654,685,4612.19711791631,9.22439423583262,0.6124001302467342,0.0
cmt_s25,holdout_full,close,smart_w_short,0.2,2.0,106.87172991201265,6.8717299120126585,11.83488308478528,0.32040128773254467,0.64799155130308,0.3045828793661251,3.6047027669253495,685,4599.564647870732,9.199129295741466,1.2209081790472571,0.0
cmt_s25,holdout_full,close,smart_w_short,0.2,5.0,104.91355902808891,4.913559028088921,12.427043741851513,0.2499447809755243,0.5014982846407133,0.20832195922296087,2.588826099651942,685,4561.998344202851,9.1239966884057,3.023321899582762,0.0
cmt_s25,holdout_full,close,smart_w_short,0.3,0.0,103.31115231092429,3.3111523109242924,13.050698519251169,0.1917667467257902,0.3843823846014727,0.13416198878426397,1.7509076683665858,685,4516.6113787900385,13.549834136370116,0.0,0.0
cmt_s25,holdout_full,close,smart_w_short,0.5,0.0,94.1907894343692,-5.809210565630806,17.901942226203772,-0.1660520955047693,-0.3234430908178633,-0.1753250100456199,-3.1386582006452834,685,4310.00121609279,21.55000608046395,0.0,0.0
cmt_s25,holdout_full,next_open,buy_hold,0.0,0.0,106.0457989265227,6.045798926522705,53.05695758004633,0.2928014658215764,0.42659313100561164,0.059884485453942246,3.1772886044327153,1,100.0,0.0,0.0,0.0
cmt_s25,holdout_full,next_open,buy_hold,0.1,0.0,105.93985906745525,5.939859067455244,53.05695758004633,0.2916130302832663,0.42484034152380284,0.058849077824088145,3.12235302573749,1,99.90009990009989,0.09990009990009989,0.0,0.0
cmt_s25,holdout_full,next_open,buy_hold,0.2,0.0,105.83413066519232,5.834130665192316,53.05695758004633,0.29042632874245683,0.4230890736524298,0.057815254516990114,3.0675015063875266,1,99.8003992015968,0.1996007984031936,0.0,0.0
cmt_s25,holdout_full,next_open,buy_hold,0.3,0.0,105.7286130872609,5.728613087260892,53.056957580046316,0.28924136725688543,0.42133935867655004,0.05678301153087071,3.012733834060688,1,99.70089730807575,0.2991026919242273,0.0,0.0
cmt_s25,holdout_full,next_open,buy_hold,0.5,0.0,105.51820788708727,5.518207887087279,53.05695758004633,0.2868766882109035,0.4178447109998851,0.054723250584823906,2.9034491849212474,1,99.50248756218906,0.4975124378109453,0.0,0.0
cmt_s25,holdout_full,next_open,vanilla,0.0,0.0,112.51801108214809,12.518011082148096,-0.0,0.7304969069025219,0.0,,6.486241690015948,2,212.5180110821481,0.0,0.0,0.0
cmt_s25,holdout_full,next_open,vanilla,0.1,0.0,112.29319987119473,12.293199871194727,0.099999999999996,0.7245763857219607,89.82642877054373,63.72820410875135,6.37282041087488,2,212.3057053767713,0.2123057053767713,0.0,0.0
cmt_s25,holdout_full,next_open,vanilla,0.2,0.0,112.06883738521336,12.06883738521336,0.20000000000000573,0.7185003893320436,44.138791568525654,31.29759856610802,6.259519713221784,2,212.09382343527753,0.4241876468705551,0.0,0.0
cmt_s25,holdout_full,next_open,vanilla,0.3,0.0,111.84492228205545,11.844922282055448,0.30000000000000165,0.712264933737326,28.91012345641047,20.487797476207547,6.146339242862298,2,211.8823639901775,0.6356470919705326,0.0,0.0
cmt_s25,holdout_full,next_open,vanilla,0.5,0.0,111.39842888232573,11.398428882325739,0.4999999999999963,0.699299470849211,16.728164786735846,11.840675145423196,5.920337572711554,2,211.460707544426,1.0573035377221298,0.0,0.0
cmt_s25,holdout_full,next_open,smart,0.0,0.0,114.93757434595531,14.937574345955307,1.2697570311852084,0.8361898821984006,6.022183145971259,6.064404119773914,7.700319771031472,355,1758.6236702144165,0.0,0.0,0.0
cmt_s25,holdout_full,next_open,smart,0.1,0.0,113.02656149862655,13.026561498626554,1.459334609031887,0.7462210408338068,5.206921660203996,4.6202046418696385,6.742424534690139,355,1743.5632799773339,1.7435632799773337,0.0,0.0
cmt_s25,holdout_full,next_open,smart,0.2,0.0,111.14732107923034,11.147321079230332,1.8879977496362843,0.6546654979233858,4.409841186321244,3.0683555357014143,5.793048346488305,355,1728.6731601917209,3.457346320383442,0.0,0.0
cmt_s25,holdout_full,next_open,smart,0.3,0.0,109.29932435857222,9.299324358572214,2.476486941054308,0.5615173827380293,3.640303506575517,1.9592734817531454,4.852115191515671,355,1713.951153717053,5.14185346115116,0.0,0.0
cmt_s25,holdout_full,next_open,smart,0.5,0.0,105.69499102412654,5.694991024126539,3.9209935020949445,0.3704305001542881,2.2091883598285054,0.763907751352403,2.9952773292527324,355,1685.002997350458,8.425014986752291,0.0,0.0
cmt_s25,holdout_full,next_open,smart_w_short,0.0,0.0,118.61477498860913,18.614774988609128,8.851526526441098,0.7098584247388778,1.4856855660694612,1.0758390852030422,9.522818200856854,685,4850.643483282032,0.0,0.0,0.0
cmt_s25,holdout_full,next_open,smart_w_short,0.1,0.0,113.25832987362222,13.258329873622209,10.197460183023127,0.5388679431073309,1.111817290483826,0.6726184110127662,6.858999464670967,685,4735.348137965853,4.735348137965852,0.0,0.0
cmt_s25,holdout_full,next_open,smart_w_short,0.2,0.0,108.14376202712559,8.14376202712559,11.536292584288944,0.3655199259798774,0.7434741119116517,0.36926635143365333,4.25996467167149,685,4623.646934872949,9.247293869745898,0.0,0.0
cmt_s25,holdout_full,next_open,smart_w_short,0.2,1.0,107.47925655410333,7.479256554103331,11.693021966882771,0.342024293602102,0.6938308890907298,0.3350810307586749,3.918109853346907,685,4610.963153802693,9.221926307605386,0.6122504196110927,0.0
cmt_s25,holdout_full,next_open,smart_w_short,0.2,2.0,106.81880985075043,6.818809850750429,11.849476924497976,0.31853098111595624,0.6444557217562269,0.30190052749612056,3.577363334059047,685,4598.334984072995,9.196669968145988,1.220610000795991,0.0
cmt_s25,holdout_full,next_open,smart_w_short,0.2,5.0,104.86157667154613,4.861576671546142,12.452151229566027,0.24806824841575778,0.49792485132434183,0.2057265488287258,2.5617380979519933,685,4560.781463733139,9.12156292746628,3.0225856917217375,0.0
cmt_s25,holdout_full,next_open,smart_w_short,0.3,0.0,103.26014720035921,3.260147200359209,13.059717530711792,0.18988016291297177,0.38074654214974896,0.132019480691666,1.7241371263844174,685,4515.415260760787,13.546245782282362,0.0,0.0
cmt_s25,holdout_full,next_open,smart_w_short,0.5,0.0,94.14452522920882,-5.85547477079118,17.919870746051956,-0.16797635327125232,-0.3273165472749569,-0.17656443088302698,-3.1640117797740674,685,4308.884747565808,21.54442373782904,0.0,0.0
naive,holdout_full,close,buy_hold,0.0,0.0,106.04986255847625,6.04986255847626,53.05998300134691,0.29297133355010935,0.42749717454185726,0.059920775094170035,3.1793953079241932,1,100.0,0.0,0.0,0.0
naive,holdout_full,close,buy_hold,0.1,0.0,105.94391863983641,5.94391863983641,53.05998300134692,0.29178409987922665,0.4257433973967949,0.05888540536206441,3.1244586075385605,1,99.90009990009989,0.09990009990009989,0.0,0.0
naive,holdout_full,close,buy_hold,0.2,0.0,105.83818618610405,5.838186186104055,53.05998300134692,0.29059859825136586,0.423991136078972,0.05785161989472568,3.0696059682145282,1,99.8003992015968,0.1996007984031936,0.0,0.0
naive,holdout_full,close,buy_hold,0.3,0.0,105.7326645647819,5.7326645647818975,53.05998300134691,0.28941483470066626,0.42224042196538236,0.05681941469052337,3.014837177625651,1,99.70089730807575,0.2991026919242273,0.0,0.0
naive,holdout_full,close,buy_hold,0.5,0.0,105.52225130196643,5.522251301966441,53.05998300134692,0.2870525454973252,0.4187437593052541,0.054759729135365615,2.905550297080861,1,99.50248756218906,0.4975124378109453,0.0,0.0
naive,holdout_full,close,vanilla,0.0,0.0,100.0,0.0,-0.0,0.0,0.0,,0.0,0,0.0,0.0,0.0,0.0
naive,holdout_full,close,vanilla,0.1,0.0,100.0,0.0,-0.0,0.0,0.0,,0.0,0,0.0,0.0,0.0,0.0
naive,holdout_full,close,vanilla,0.2,0.0,100.0,0.0,-0.0,0.0,0.0,,0.0,0,0.0,0.0,0.0,0.0
naive,holdout_full,close,vanilla,0.3,0.0,100.0,0.0,-0.0,0.0,0.0,,0.0,0,0.0,0.0,0.0,0.0
naive,holdout_full,close,vanilla,0.5,0.0,100.0,0.0,-0.0,0.0,0.0,,0.0,0,0.0,0.0,0.0,0.0
naive,holdout_full,close,smart,0.0,0.0,100.0,0.0,-0.0,0.0,0.0,,0.0,0,0.0,0.0,0.0,0.0
naive,holdout_full,close,smart,0.1,0.0,100.0,0.0,-0.0,0.0,0.0,,0.0,0,0.0,0.0,0.0,0.0
naive,holdout_full,close,smart,0.2,0.0,100.0,0.0,-0.0,0.0,0.0,,0.0,0,0.0,0.0,0.0,0.0
naive,holdout_full,close,smart,0.3,0.0,100.0,0.0,-0.0,0.0,0.0,,0.0,0,0.0,0.0,0.0,0.0
naive,holdout_full,close,smart,0.5,0.0,100.0,0.0,-0.0,0.0,0.0,,0.0,0,0.0,0.0,0.0,0.0
naive,holdout_full,close,smart_w_short,0.0,0.0,100.0,0.0,-0.0,0.0,0.0,,0.0,0,0.0,0.0,0.0,0.0
naive,holdout_full,close,smart_w_short,0.1,0.0,100.0,0.0,-0.0,0.0,0.0,,0.0,0,0.0,0.0,0.0,0.0
naive,holdout_full,close,smart_w_short,0.2,0.0,100.0,0.0,-0.0,0.0,0.0,,0.0,0,0.0,0.0,0.0,0.0
naive,holdout_full,close,smart_w_short,0.2,1.0,100.0,0.0,-0.0,0.0,0.0,,0.0,0,0.0,0.0,0.0,0.0
naive,holdout_full,close,smart_w_short,0.2,2.0,100.0,0.0,-0.0,0.0,0.0,,0.0,0,0.0,0.0,0.0,0.0
naive,holdout_full,close,smart_w_short,0.2,5.0,100.0,0.0,-0.0,0.0,0.0,,0.0,0,0.0,0.0,0.0,0.0
naive,holdout_full,close,smart_w_short,0.3,0.0,100.0,0.0,-0.0,0.0,0.0,,0.0,0,0.0,0.0,0.0,0.0
naive,holdout_full,close,smart_w_short,0.5,0.0,100.0,0.0,-0.0,0.0,0.0,,0.0,0,0.0,0.0,0.0,0.0
naive,holdout_full,next_open,buy_hold,0.0,0.0,106.0457989265227,6.045798926522705,53.05695758004633,0.2928014658215764,0.42659313100561164,0.059884485453942246,3.1772886044327153,1,100.0,0.0,0.0,0.0
naive,holdout_full,next_open,buy_hold,0.1,0.0,105.93985906745525,5.939859067455244,53.05695758004633,0.2916130302832663,0.42484034152380284,0.058849077824088145,3.12235302573749,1,99.90009990009989,0.09990009990009989,0.0,0.0
naive,holdout_full,next_open,buy_hold,0.2,0.0,105.83413066519232,5.834130665192316,53.05695758004633,0.29042632874245683,0.4230890736524298,0.057815254516990114,3.0675015063875266,1,99.8003992015968,0.1996007984031936,0.0,0.0
naive,holdout_full,next_open,buy_hold,0.3,0.0,105.7286130872609,5.728613087260892,53.056957580046316,0.28924136725688543,0.42133935867655004,0.05678301153087071,3.012733834060688,1,99.70089730807575,0.2991026919242273,0.0,0.0
naive,holdout_full,next_open,buy_hold,0.5,0.0,105.51820788708727,5.518207887087279,53.05695758004633,0.2868766882109035,0.4178447109998851,0.054723250584823906,2.9034491849212474,1,99.50248756218906,0.4975124378109453,0.0,0.0
naive,holdout_full,next_open,vanilla,0.0,0.0,100.0,0.0,-0.0,0.0,0.0,,0.0,0,0.0,0.0,0.0,0.0
naive,holdout_full,next_open,vanilla,0.1,0.0,100.0,0.0,-0.0,0.0,0.0,,0.0,0,0.0,0.0,0.0,0.0
naive,holdout_full,next_open,vanilla,0.2,0.0,100.0,0.0,-0.0,0.0,0.0,,0.0,0,0.0,0.0,0.0,0.0
naive,holdout_full,next_open,vanilla,0.3,0.0,100.0,0.0,-0.0,0.0,0.0,,0.0,0,0.0,0.0,0.0,0.0
naive,holdout_full,next_open,vanilla,0.5,0.0,100.0,0.0,-0.0,0.0,0.0,,0.0,0,0.0,0.0,0.0,0.0
naive,holdout_full,next_open,smart,0.0,0.0,100.0,0.0,-0.0,0.0,0.0,,0.0,0,0.0,0.0,0.0,0.0
naive,holdout_full,next_open,smart,0.1,0.0,100.0,0.0,-0.0,0.0,0.0,,0.0,0,0.0,0.0,0.0,0.0
naive,holdout_full,next_open,smart,0.2,0.0,100.0,0.0,-0.0,0.0,0.0,,0.0,0,0.0,0.0,0.0,0.0
naive,holdout_full,next_open,smart,0.3,0.0,100.0,0.0,-0.0,0.0,0.0,,0.0,0,0.0,0.0,0.0,0.0
naive,holdout_full,next_open,smart,0.5,0.0,100.0,0.0,-0.0,0.0,0.0,,0.0,0,0.0,0.0,0.0,0.0
naive,holdout_full,next_open,smart_w_short,0.0,0.0,100.0,0.0,-0.0,0.0,0.0,,0.0,0,0.0,0.0,0.0,0.0
naive,holdout_full,next_open,smart_w_short,0.1,0.0,100.0,0.0,-0.0,0.0,0.0,,0.0,0,0.0,0.0,0.0,0.0
naive,holdout_full,next_open,smart_w_short,0.2,0.0,100.0,0.0,-0.0,0.0,0.0,,0.0,0,0.0,0.0,0.0,0.0
naive,holdout_full,next_open,smart_w_short,0.2,1.0,100.0,0.0,-0.0,0.0,0.0,,0.0,0,0.0,0.0,0.0,0.0
naive,holdout_full,next_open,smart_w_short,0.2,2.0,100.0,0.0,-0.0,0.0,0.0,,0.0,0,0.0,0.0,0.0,0.0
naive,holdout_full,next_open,smart_w_short,0.2,5.0,100.0,0.0,-0.0,0.0,0.0,,0.0,0,0.0,0.0,0.0,0.0
naive,holdout_full,next_open,smart_w_short,0.3,0.0,100.0,0.0,-0.0,0.0,0.0,,0.0,0,0.0,0.0,0.0,0.0
naive,holdout_full,next_open,smart_w_short,0.5,0.0,100.0,0.0,-0.0,0.0,0.0,,0.0,0,0.0,0.0,0.0,0.0
cmv_official,holdout_A,close,buy_hold,0.0,0.0,195.06479093819885,95.06479093819887,28.144483404865166,1.7308366193998506,2.7821206729029364,3.3777415478077524,95.06479093819887,1,100.0,0.0,0.0,0.0
cmv_official,holdout_A,close,buy_hold,0.1,0.0,194.86992101718167,94.86992101718165,28.144483404865184,1.7284492045195952,2.7779323374418468,3.3708176359983217,94.86992101718165,1,99.90009990009989,0.09990009990009989,0.0,0.0
cmv_official,holdout_A,close,buy_hold,0.2,0.0,194.6754400580827,94.6754400580827,28.144483404865174,1.7260585786042204,2.773719185178654,3.363907544372149,94.6754400580827,1,99.8003992015968,0.1996007984031936,0.0,0.0
cmv_official,holdout_A,close,buy_hold,0.3,0.0,194.4813468975063,94.48134689750631,28.144483404865177,1.7236648149855995,2.769481596377983,3.357011231592684,94.48134689750631,1,99.70089730807575,0.2991026919242273,0.0,0.0
cmv_official,holdout_A,close,buy_hold,0.5,0.0,194.09431934149143,94.09431934149141,28.144483404865174,1.7188681660409224,2.7609346293611803,3.343259778050354,94.09431934149141,1,99.50248756218906,0.4975124378109453,0.0,0.0
cmv_official,holdout_A,close,vanilla,0.0,0.0,161.41813268780118,61.41813268780118,17.095071036234984,1.911669716771108,3.514191209073794,3.592739249671343,61.41813268780118,51,6872.96459276478,0.0,0.0,0.0
cmv_official,holdout_A,close,vanilla,0.1,0.0,153.39228261888195,53.39228261888196,17.59101146622019,1.7257498072485091,3.1431882757414558,3.035202536330018,53.39228261888196,51,6692.173441181911,6.69217344118191,0.0,0.0
cmv_official,holdout_A,close,vanilla,0.2,0.0,145.76561569968223,45.76561569968223,18.08398614473536,1.5381438205575495,2.7732950079728504,2.5307260984053337,45.76561569968223,51,6517.54922151477,13.03509844302954,0.0,0.0
cmv_official,holdout_A,close,vanilla,0.3,0.0,138.5182570523047,38.51825705230469,19.116910132383293,1.3491861721767529,2.4062403017332943,2.014878805495679,38.51825705230469,51,6348.857004821265,19.046571014463794,0.0,0.0
cmv_official,holdout_A,close,vanilla,0.5,0.0,125.0868718749692,25.08687187496921,21.35026031158022,0.9685986796229749,1.6867288433677936,1.1750148011714066,25.08687187496921,51,6028.3760513499565,30.14188025674978,0.0,0.0
cmv_official,holdout_A,close,smart,0.0,0.0,138.01752624905447,38.01752624905448,5.682415532671541,2.303376251657195,6.406316419107772,6.690381234964147,38.01752624905448,264,9985.5602909745,0.0,0.0,0.0
cmv_official,holdout_A,close,smart,0.1,0.0,126.77148871250971,26.771488712509715,6.222587109545425,1.7242625652119548,4.538509914681171,4.302308387365498,26.771488712509715,264,9548.102114944333,9.548102114944335,0.0,0.0
cmv_official,holdout_A,close,smart,0.2,0.0,116.44179478265029,16.441794782650287,6.779633938984604,1.1365416895126128,2.8189520875500214,2.4251744165869815,16.441794782650287,264,9135.321675583204,18.270643351166413,0.0,0.0
cmv_official,holdout_A,close,smart,0.3,0.0,106.95377346275103,6.953773462751034,8.253398674656843,0.5423050658536985,1.2645253120638453,0.8425345408435823,6.953773462751034,264,8745.67641694314,26.23702925082943,0.0,0.0
cmv_official,holdout_A,close,smart,0.5,0.0,90.23399779079939,-9.766002209200607,14.298650328025944,-0.6567484648886034,-1.352244427250948,-0.6830016809389933,-9.766002209200607,264,8030.124421736837,40.15062210868419,0.0,0.0
cmv_official,holdout_A,close,smart_w_short,0.0,0.0,149.47315754907163,49.47315754907162,12.279132916540652,1.9419489997950008,3.9038945634085023,4.029043246402897,49.47315754907162,365,23117.38070285833,0.0,0.0,0.0
cmv_official,holdout_A,close,smart_w_short,0.1,0.0,123.06318247580609,23.063182475806077,13.954720023584482,1.0614856256210625,2.0176822683657383,1.6527155282820176,23.063182475806077,365,20815.037890985484,20.815037890985487,0.0,0.0
cmv_official,holdout_A,close,smart_w_short,0.2,0.0,101.31954414143883,1.319544141438822,17.851059440551463,0.16668028636288945,0.2995750666233113,0.07391965422742763,1.319544141438822,365,18800.925230239343,37.60185046047869,0.0,0.0
cmv_official,holdout_A,close,smart_w_short,0.2,1.0,100.6014378693803,0.6014378693802946,18.03872792792629,0.13373337191464493,0.23976587067207772,0.033341479054584046,0.6014378693802946,365,18733.440948752817,37.466881897505644,0.6833782955789933,0.0
cmv_official,holdout_A,close,smart_w_short,0.2,2.0,99.88838260134942,-0.1116173986505764,18.225976972797703,0.10078038358060037,0.1802399901877299,-0.006124083159830912,-0.1116173986505764,365,18666.273000538113,37.332546001076224,1.3617974380042086,0.0
cmv_official,holdout_A,close,smart_w_short,0.2,5.0,97.77917146810546,-2.2208285318945364,18.791551166078673,0.0018902131280003369,0.0033556566306142226,-0.11818228906528146,-2.2208285318945364,365,18466.65077092865,36.933301541857304,3.367650685035569,0.0
cmv_official,holdout_A,close,smart_w_short,0.3,0.0,83.41773485775572,-16.582265142244278,22.774170494739582,-0.7385888685903802,-1.25548653199611,-0.7281171951388736,-16.582265142244278,365,17035.513377120336,51.106540131361015,0.0,0.0
cmv_official,holdout_A,close,smart_w_short,0.5,0.0,56.5442800480963,-43.4557199519037,43.801403644743964,-2.563728456510769,-3.907234982381204,-0.9921079311602896,-43.4557199519037,365,14120.352222721653,70.60176111360826,0.0,0.0
cmv_official,holdout_A,next_open,buy_hold,0.0,0.0,195.02122404525588,95.02122404525588,28.14366451148547,1.7328016936904065,2.7768525792497623,3.376291811838419,95.02122404525588,1,100.0,0.0,0.0,0.0
cmv_official,holdout_A,next_open,buy_hold,0.1,0.0,194.82639764760825,94.82639764760825,28.14366451148545,1.7304090677505732,2.7726697317029823,3.3693692450359305,94.82639764760825,1,99.90009990009989,0.09990009990009989,0.0,0.0
cmv_official,holdout_A,next_open,buy_hold,0.2,0.0,194.63196012500583,94.63196012500583,28.143664511485444,1.7280132044257026,2.7684622043990026,3.3624604957320496,94.63196012500583,1,99.8003992015968,0.1996007984031936,0.0,0.0
cmv_official,holdout_A,next_open,buy_hold,0.3,0.0,194.4379103143129,94.43791031431287,28.14366451148546,1.7256141774918496,2.7642303759377356,3.355565522598262,94.43791031431287,1,99.70089730807575,0.2991026919242273,0.0,0.0
cmv_official,holdout_A,next_open,buy_hold,0.5,0.0,194.05096919925958,94.0509691992596,28.143664511485454,1.7208069259677334,2.7556953290357864,3.341816740349407,94.0509691992596,1,99.50248756218906,0.4975124378109453,0.0,0.0
cmv_official,holdout_A,next_open,vanilla,0.0,0.0,160.3986900307691,60.398690030769096,17.09911624062994,1.8885212561686835,3.44456868002471,3.532269690479862,60.398690030769096,51,6839.429590068923,0.0,0.0,0.0
cmv_official,holdout_A,next_open,vanilla,0.1,0.0,152.4235275381646,52.42352753816459,17.59503247204906,1.7024040977412478,3.0769887385349612,2.9794504569083937,52.42352753816459,51,6659.667401908566,6.659667401908566,0.0,0.0
cmv_official,holdout_A,next_open,vanilla,0.2,0.0,144.84502713817136,44.84502713817135,18.08798309670688,1.514640180942738,2.710557848536493,2.4792718402272222,44.84502713817135,51,6486.035826450244,12.972071652900489,0.0,0.0
cmv_official,holdout_A,next_open,vanilla,0.3,0.0,137.64343947347697,37.64343947347697,19.148371140761284,1.3255650544878388,2.3469605646697183,1.9658820688588539,37.64343947347697,51,6318.301334819636,18.95490400445891,0.0,0.0
cmv_official,holdout_A,next_open,vanilla,0.5,0.0,124.29688074509603,24.29688074509604,21.380852616143635,0.9448666834427694,1.634204130493275,1.1363850254854035,24.29688074509604,51,5999.636391375338,29.998181956876685,0.0,0.0
cmv_official,holdout_A,next_open,smart,0.0,0.0,137.43723157186946,37.43723157186947,5.670378400695091,2.283156333383879,6.275914372785543,6.602245727953589,37.43723157186947,264,9950.786721146382,0.0,0.0,0.0
cmv_official,holdout_A,next_open,smart,0.1,0.0,126.23860398115298,26.238603981152984,6.2095988755931915,1.7013608013218158,4.428677118050335,4.225490970807106,26.238603981152984,264,9515.110531571321,9.51511053157132,0.0,0.0
cmv_official,holdout_A,next_open,smart,0.2,0.0,115.95244689468612,15.952446894686112,6.766739305721734,1.110999233455437,2.7269127899354118,2.3574791600434852,15.952446894686112,264,9104.008522974753,18.208017045949504,0.0,0.0
cmv_official,holdout_A,next_open,smart,0.3,0.0,106.5044057319756,6.504405731975593,8.252399558486665,0.5141950871734787,1.187288428734635,0.7881835684127222,6.504405731975593,264,8715.94465974301,26.147833979229034,0.0,0.0
cmv_official,holdout_A,next_open,smart,0.5,0.0,89.85505882867776,-10.144941171322241,14.662919885151835,-0.6896483173183938,-1.4079276696756189,-0.6918772830229639,-10.144941171322241,264,8003.2882981597295,40.01644149079865,0.0,0.0
cmv_official,holdout_A,next_open,smart_w_short,0.0,0.0,148.3130905815014,48.31309058150139,12.364332975770678,1.9129882539995735,3.8409284814979494,3.907456283826747,48.31309058150139,365,22966.47324839654,0.0,0.0,0.0
cmv_official,holdout_A,next_open,smart_w_short,0.1,0.0,122.10748736625705,22.10748736625705,14.038310138943459,1.0287764417266914,1.9525751022823767,1.5747969055712063,22.10748736625705,365,20681.066277490758,20.681066277490764,0.0,0.0
cmv_official,holdout_A,next_open,smart_w_short,0.2,0.0,100.53221536992245,0.5322153699224508,18.49900999592007,0.1302252675836855,0.23364969315061895,0.028769937960995216,0.5322153699224508,365,18681.73787063224,37.36347574126448,0.0,0.0
cmv_official,holdout_A,next_open,smart_w_short,0.2,1.0,99.81962526110543,-0.18037473889457312,18.68870199481456,0.09714500893726556,0.17386603094064562,-0.009651539146197556,-0.18037473889457312,365,18614.741558016653,37.22948311603331,0.679058603541349,0.0
cmv_official,holdout_A,next_open,smart_w_short,0.2,2.0,99.11204780421549,-0.8879521957845027,18.87796185329241,0.06405898998815168,0.11436681564811965,-0.047036444012606135,-0.8879521957845027,365,18548.059273714432,37.096118547428865,1.353193913353427,0.0
cmv_official,holdout_A,next_open,smart_w_short,0.2,5.0,97.0190426288084,-2.980957371191595,19.443158209106674,-0.03522832565601558,-0.06243062877800636,-0.15331652086209901,-2.980957371191595,365,18349.880324518766,36.69976064903754,3.3464082623664977,0.0
cmv_official,holdout_A,next_open,smart_w_short,0.3,0.0,82.76911048274124,-17.230889517258763,23.386776198629875,-0.7787339108277603,-1.3211941047704268,-0.7367791683177027,-17.230889517258763,365,16929.25395220365,50.787761856610956,0.0,0.0
cmv_official,holdout_A,next_open,smart_w_short,0.5,0.0,56.104061416058244,-43.89593858394175,44.22704454312304,-2.6108678968631955,-3.97031886150541,-0.9925134956992558,-43.89593858394175,365,14035.354295332483,70.17677147666241,0.0,0.0
cmv_thesis,holdout_A,close,buy_hold,0.0,0.0,195.06479093819885,95.06479093819887,28.144483404865166,1.7308366193998506,2.7821206729029364,3.3777415478077524,95.06479093819887,1,100.0,0.0,0.0,0.0
cmv_thesis,holdout_A,close,buy_hold,0.1,0.0,194.86992101718167,94.86992101718165,28.144483404865184,1.7284492045195952,2.7779323374418468,3.3708176359983217,94.86992101718165,1,99.90009990009989,0.09990009990009989,0.0,0.0
cmv_thesis,holdout_A,close,buy_hold,0.2,0.0,194.6754400580827,94.6754400580827,28.144483404865174,1.7260585786042204,2.773719185178654,3.363907544372149,94.6754400580827,1,99.8003992015968,0.1996007984031936,0.0,0.0
cmv_thesis,holdout_A,close,buy_hold,0.3,0.0,194.4813468975063,94.48134689750631,28.144483404865177,1.7236648149855995,2.769481596377983,3.357011231592684,94.48134689750631,1,99.70089730807575,0.2991026919242273,0.0,0.0
cmv_thesis,holdout_A,close,buy_hold,0.5,0.0,194.09431934149143,94.09431934149141,28.144483404865174,1.7188681660409224,2.7609346293611803,3.343259778050354,94.09431934149141,1,99.50248756218906,0.4975124378109453,0.0,0.0
cmv_thesis,holdout_A,close,vanilla,0.0,0.0,143.3782240579933,43.3782240579933,11.24241336113254,1.9667944542703801,4.428330566789225,3.858444149363981,43.3782240579933,36,4247.741933138163,0.0,0.0,0.0
cmv_thesis,holdout_A,close,vanilla,0.1,0.0,138.30841047468965,38.308410474689644,11.77336461134557,1.784874328037414,3.9345596553824227,3.253820104897898,38.308410474689644,36,4169.272027304293,4.169272027304293,0.0,0.0
cmv_thesis,holdout_A,close,vanilla,0.2,0.0,133.41785446435875,33.41785446435877,12.301140743428144,1.6005222428035262,3.4482748364670632,2.716646785966755,33.41785446435877,36,4092.708786926283,8.185417573852568,0.0,0.0
cmv_thesis,holdout_A,close,vanilla,0.3,0.0,128.70020894254137,28.700208942541373,13.40698380331531,1.4142075202909021,2.9737289658373713,2.140690953579307,28.700208942541373,36,4018.0002605427244,12.054000781628174,0.0,0.0
cmv_thesis,holdout_A,close,vanilla,0.5,0.0,119.75937987879368,19.75937987879368,15.797996913182926,1.037660278710634,2.0721181055147455,1.250752230639133,19.75937987879368,36,3873.9470474470845,19.36973523723542,0.0,0.0
cmv_thesis,holdout_A,close,smart,0.0,0.0,132.449082990823,32.44908299082301,3.929176303278835,2.2332698992948723,6.258921854709157,8.258495034632263,32.44908299082301,210,7082.923454633203,0.0,0.0,0.0
cmv_thesis,holdout_A,close,smart,0.1,0.0,124.48678868455949,24.486788684559492,4.348632974238203,1.765832087919879,4.685202968528164,5.630916389040421,24.486788684559492,210,6856.406622445396,6.856406622445397,0.0,0.0
cmv_thesis,holdout_A,close,smart,0.2,0.0,117.00314096989794,17.003140969897945,4.827153508463655,1.2903666266925606,3.2309790272633796,3.522394914536198,17.003140969897945,210,6639.275574957248,13.278551149914495,0.0,0.0
cmv_thesis,holdout_A,close,smart,0.3,0.0,109.96936236174402,9.969362361744016,6.3915006654888185,0.8085623638340056,1.9077379606586278,1.5597842953492933,9.969362361744016,210,6431.098318681438,19.293294956044313,0.0,0.0
cmv_thesis,holdout_A,close,smart,0.5,0.0,97.14485195921294,-2.855148040787059,10.802588013693105,-0.16672057107648586,-0.3493571670695917,-0.2643022243528996,-2.855148040787059,210,6039.981482706076,30.199907413530383,0.0,0.0
cmv_thesis,holdout_A,close,smart_w_short,0.0,0.0,133.0553782732039,33.05537827320391,14.995894248712293,1.3639228639846834,2.3850580389514406,2.204295237414227,33.05537827320391,365,20669.189778832537,0.0,0.0,0.0
cmv_thesis,holdout_A,close,smart_w_short,0.1,0.0,110.41929639205372,10.419296392053724,17.44664087838961,0.5486381544104769,0.919125589014897,0.5972093117913404,10.419296392053724,365,18716.870748615635,18.716870748615637,0.0,0.0
cmv_thesis,holdout_A,close,smart_w_short,0.2,0.0,91.63419519718063,-8.365804802819365,21.512944898996626,-0.27500459540911654,-0.44137835750728616,-0.38887306419910694,-8.365804802819365,365,16998.077251351064,33.996154502702126,0.0,0.0
cmv_thesis,holdout_A,close,smart_w_short,0.2,1.0,90.80090710142007,-9.19909289857993,21.738960606827806,-0.31539361050806247,-0.5049811965650534,-0.42316157910929125,-9.19909289857993,365,16922.143654052958,33.84428730810592,0.8251882202064083,0.0
cmv_thesis,holdout_A,close,smart_w_short,0.2,2.0,89.97515093705812,-10.024849062941888,21.964336784726108,-0.3557779936797354,-0.5682696316447308,-0.456414831059826,-10.024849062941888,365,16846.653607900145,33.69330721580029,1.642796542403722,0.0
cmv_thesis,holdout_A,close,smart_w_short,0.2,5.0,87.54240036945842,-12.457599630541583,22.636645893413725,-0.47689676603032705,-0.7562576692397995,-0.5503288644969351,-12.457599630541583,365,16622.815976760063,33.245631953520125,4.050825974738613,0.0
cmv_thesis,holdout_A,close,smart_w_short,0.3,0.0,76.04490890053991,-23.95509109946009,26.801387898304398,-1.1037957406328223,-1.6973444556892152,-0.8938003953510042,-23.95509109946009,365,15482.13120631175,46.44639361893526,0.0,0.0
cmv_thesis,holdout_A,close,smart_w_short,0.5,0.0,52.37149085875621,-47.62850914124379,47.88923242864347,-2.7634557091850334,-3.9058778066578106,-0.9945557012677503,-47.62850914124379,365,12956.698949103442,64.7834947455172,0.0,0.0
cmv_thesis,holdout_A,next_open,buy_hold,0.0,0.0,195.02122404525588,95.02122404525588,28.14366451148547,1.7328016936904065,2.7768525792497623,3.376291811838419,95.02122404525588,1,100.0,0.0,0.0,0.0
cmv_thesis,holdout_A,next_open,buy_hold,0.1,0.0,194.82639764760825,94.82639764760825,28.14366451148545,1.7304090677505732,2.7726697317029823,3.3693692450359305,94.82639764760825,1,99.90009990009989,0.09990009990009989,0.0,0.0
cmv_thesis,holdout_A,next_open,buy_hold,0.2,0.0,194.63196012500583,94.63196012500583,28.143664511485444,1.7280132044257026,2.7684622043990026,3.3624604957320496,94.63196012500583,1,99.8003992015968,0.1996007984031936,0.0,0.0
cmv_thesis,holdout_A,next_open,buy_hold,0.3,0.0,194.4379103143129,94.43791031431287,28.14366451148546,1.7256141774918496,2.7642303759377356,3.355565522598262,94.43791031431287,1,99.70089730807575,0.2991026919242273,0.0,0.0
cmv_thesis,holdout_A,next_open,buy_hold,0.5,0.0,194.05096919925958,94.0509691992596,28.143664511485454,1.7208069259677334,2.7556953290357864,3.341816740349407,94.0509691992596,1,99.50248756218906,0.4975124378109453,0.0,0.0
cmv_thesis,holdout_A,next_open,vanilla,0.0,0.0,142.538197845237,42.538197845237,11.259524254389696,1.9380912482432426,4.273624849895159,3.7779747069378034,42.538197845237,36,4228.717271082331,0.0,0.0,0.0
cmv_thesis,holdout_A,next_open,vanilla,0.1,0.0,137.4980873520068,37.49808735200679,11.790373146590207,1.7556237050865287,3.792823959108926,3.180398693560542,37.49808735200679,36,4150.666606552775,4.150666606552775,0.0,0.0
cmv_thesis,holdout_A,next_open,vanilla,0.2,0.0,132.63618419513833,32.63618419513832,12.318047532766885,1.5708067633571126,3.3192903957290296,2.649460810110023,32.63618419513832,36,4074.512031792413,8.149024063584825,0.0,0.0
cmv_thesis,holdout_A,next_open,vanilla,0.3,0.0,127.94617847655353,27.94617847655352,13.453129997960769,1.3841143397734754,2.857002269184931,2.0772993705397638,27.94617847655352,36,4000.2018869500334,12.000605660850102,0.0,0.0
cmv_thesis,holdout_A,next_open,vanilla,0.5,0.0,119.05773205896193,19.05773205896193,15.84286891550647,1.0070857576328798,1.9777135589166275,1.2029217789152353,19.05773205896193,36,3856.915708784798,19.284578543923992,0.0,0.0
cmv_thesis,holdout_A,next_open,smart,0.0,0.0,131.98595698900985,31.985956989009857,3.933409411546814,2.2145263729584665,6.129617903923837,8.131865677422928,31.985956989009857,210,7062.983449021687,0.0,0.0,0.0
cmv_thesis,holdout_A,next_open,smart,0.1,0.0,124.05161909685194,24.05161909685194,4.352803587746894,1.744939074254791,4.57545795931978,5.5255466073766915,24.05161909685194,210,6837.228095732081,6.8372280957320815,0.0,0.0
cmv_thesis,holdout_A,next_open,smart,0.2,0.0,116.59424048651076,16.59424048651075,4.859157789217549,1.2673737630967314,3.138339688191404,3.4150445831031253,16.59424048651075,210,6620.825775537995,13.24165155107599,0.0,0.0
cmv_thesis,holdout_A,next_open,smart,0.3,0.0,109.5851455118783,9.585145511878302,6.42299506834651,0.7835461828208149,1.8295562646190167,1.4923171215116366,9.585145511878302,210,6413.346019227048,19.240038057681144,0.0,0.0
cmv_thesis,holdout_A,next_open,smart,0.5,0.0,96.80562295259392,-3.194377047406083,11.119448326001132,-0.19544942597535075,-0.4058542409950013,-0.2872783751273451,-3.194377047406083,210,6023.536228523404,30.117681142617023,0.0,0.0
cmv_thesis,holdout_A,next_open,smart_w_short,0.0,0.0,132.19778836722634,32.19778836722633,14.984109581426416,1.3391531527324898,2.340680408117256,2.148795575223046,32.19778836722633,365,20558.336638416407,0.0,0.0,0.0
cmv_thesis,holdout_A,next_open,smart_w_short,0.1,0.0,109.70710641918004,9.707106419180045,17.412165813668608,0.5210721461355822,0.8723994578610956,0.5574898908646927,9.707106419180045,365,18617.984284555005,18.617984284555007,0.0,0.0
cmv_thesis,holdout_A,next_open,smart_w_short,0.2,0.0,91.04275259925262,-8.95724740074738,21.480164440569425,-0.3053480090757883,-0.489699177197639,-0.4170008765775505,-8.95724740074738,365,16909.70420724075,33.8194084144815,0.0,0.0
cmv_thesis,holdout_A,next_open,smart_w_short,0.2,1.0,90.21478778490368,-9.785212215096317,21.706272556314705,-0.3458659390538371,-0.5533395424462312,-0.45080113085789303,-9.785212215096317,365,16834.228516778796,33.66845703355759,0.8209550300535609,0.0
cmv_thesis,holdout_A,next_open,smart_w_short,0.2,2.0,89.3943072788249,-10.605692721175108,21.93174088625942,-0.3863787896584496,-0.6166640826283037,-0.4835773309641708,-10.605692721175108,365,16759.193672992904,33.518387345985815,1.6343758555278554,0.0
cmv_thesis,holdout_A,next_open,smart_w_short,0.2,5.0,86.97710216328794,-13.022897836712065,22.6043249228302,-0.5078802169258673,-0.8047519327401355,-0.5761241656705719,-13.022897836712065,365,16536.70559638653,33.073411192773065,4.0301127804029,0.0
cmv_thesis,holdout_A,next_open,smart_w_short,0.3,0.0,75.55374116993866,-24.44625883006134,27.246785473049712,-1.1368640571620958,-1.7466167289915662,-0.8972162552621694,-24.44625883006134,365,15403.009046608731,46.2090271398262,0.0,0.0
cmv_thesis,holdout_A,next_open,smart_w_short,0.5,0.0,52.03275168410348,-47.96724831589651,48.206734522436534,-2.8016829293577343,-3.9553609972814203,-0.9950321006201206,-47.96724831589651,365,12892.925947266793,64.46462973633396,0.0,0.0
cmv_s23,holdout_A,close,buy_hold,0.0,0.0,195.06479093819885,95.06479093819887,28.144483404865166,1.7308366193998506,2.7821206729029364,3.3777415478077524,95.06479093819887,1,100.0,0.0,0.0,0.0
cmv_s23,holdout_A,close,buy_hold,0.1,0.0,194.86992101718167,94.86992101718165,28.144483404865184,1.7284492045195952,2.7779323374418468,3.3708176359983217,94.86992101718165,1,99.90009990009989,0.09990009990009989,0.0,0.0
cmv_s23,holdout_A,close,buy_hold,0.2,0.0,194.6754400580827,94.6754400580827,28.144483404865174,1.7260585786042204,2.773719185178654,3.363907544372149,94.6754400580827,1,99.8003992015968,0.1996007984031936,0.0,0.0
cmv_s23,holdout_A,close,buy_hold,0.3,0.0,194.4813468975063,94.48134689750631,28.144483404865177,1.7236648149855995,2.769481596377983,3.357011231592684,94.48134689750631,1,99.70089730807575,0.2991026919242273,0.0,0.0
cmv_s23,holdout_A,close,buy_hold,0.5,0.0,194.09431934149143,94.09431934149141,28.144483404865174,1.7188681660409224,2.7609346293611803,3.343259778050354,94.09431934149141,1,99.50248756218906,0.4975124378109453,0.0,0.0
cmv_s23,holdout_A,close,vanilla,0.0,0.0,190.41161938248635,90.41161938248634,18.035012436182473,2.368778937420071,4.35816408353227,5.013116553282734,90.41161938248634,55,7988.887240889151,0.0,0.0,0.0
cmv_s23,holdout_A,close,vanilla,0.1,0.0,180.22185655017813,80.22185655017813,18.850577959688106,2.1827830302935474,3.983649738909865,4.25567092540782,80.22185655017813,55,7755.231457111176,7.755231457111175,0.0,0.0
cmv_s23,holdout_A,close,vanilla,0.2,0.0,170.57754453729984,70.57754453729986,19.65803007479911,1.9950161322742785,3.6086266625380725,3.590265365794599,70.57754453729986,55,7530.308199219611,15.060616398439224,0.0,0.0
cmv_s23,holdout_A,close,vanilla,0.3,0.0,161.44945986622446,61.44945986622445,20.457451070202698,1.805786772982947,3.234817445894831,3.003769123306308,61.44945986622445,55,7313.755600266211,21.941266800798633,0.0,0.0
cmv_s23,holdout_A,close,vanilla,0.5,0.0,144.63283449133638,44.632834491336396,22.03252453740391,1.4242175649074593,2.4970136872733586,2.0257703294765275,44.632834491336396,55,6904.3936044206575,34.52196802210329,0.0,0.0
cmv_s23,holdout_A,close,smart,0.0,0.0,141.5680697427434,41.568069742743404,5.93200590095003,2.4171112282120824,6.5491522913857745,7.0074221834617765,41.568069742743404,279,10845.717211590862,0.0,0.0,0.0
cmv_s23,holdout_A,close,smart,0.1,0.0,129.23065606842542,29.23065606842541,6.492306896735464,1.8126001919317976,4.65339154177954,4.50235278974928,29.23065606842541,279,10334.906422306114,10.334906422306116,0.0,0.0
cmv_s23,holdout_A,close,smart,0.2,0.0,117.96841107679433,17.96841107679432,7.066947181996776,1.1990170422718085,2.9037900622940582,2.542598750782983,17.96841107679432,279,9855.00013313296,19.710000266265922,0.0,0.0
cmv_s23,holdout_A,close,smart,0.3,0.0,107.68763045656173,7.687630456561734,9.029697391381845,0.5785498134631459,1.3185826925463602,0.8513718813987043,7.687630456561734,279,9403.928687222538,28.211786061667617,0.0,0.0
cmv_s23,holdout_A,close,smart,0.5,0.0,89.73577239292102,-10.264227607078979,15.351924196092776,-0.6736466813419595,-1.3580303716044717,-0.6685955112839426,-10.264227607078979,279,8580.733907364958,42.90366953682479,0.0,0.0
cmv_s23,holdout_A,close,smart_w_short,0.0,0.0,151.69122308275905,51.69122308275904,12.637068425770408,1.9851915178275383,3.9112274865699512,4.090444186987753,51.69122308275904,365,24112.3060575383,0.0,0.0,0.0
cmv_s23,holdout_A,close,smart_w_short,0.1,0.0,124.08101912585579,24.081019125855786,14.403627667853735,1.0875339052408302,2.0281030684661827,1.6718718145985,24.081019125855786,365,21630.747280009382,21.63074728000938,0.0,0.0
cmv_s23,holdout_A,close,smart_w_short,0.2,0.0,101.49633915759321,1.4963391575932183,17.82585081749627,0.17539148768298563,0.30959006201880546,0.08394208909930655,1.4963391575932183,365,19469.75848358663,38.939516967173255,0.0,0.0
cmv_s23,holdout_A,close,smart_w_short,0.2,1.0,100.78745422646496,0.7874542264649564,18.013670537930345,0.14337091340569777,0.2524799168904103,0.04371425716967897,0.7874542264649564,365,19400.736540520407,38.80147308104081,0.6749380804750575,0.0
cmv_s23,holdout_A,close,smart_w_short,0.2,2.0,100.08348162098143,0.08348162098144041,18.203510885486068,0.1113463917767784,0.19562771138481444,0.004586017582355586,0.08348162098144041,365,19332.03397057716,38.66406794115432,1.345048309006994,0.0
cmv_s23,holdout_A,close,smart_w_short,0.2,5.0,98.00070117655619,-1.999298823443807,18.770456092008835,0.015254200931475689,0.02661435366661364,-0.10651306572646205,-1.999298823443807,365,19127.82617380876,38.25565234761753,3.326748320398109,0.0
cmv_s23,holdout_A,close,smart_w_short,0.3,0.0,83.02243289810168,-16.977567101898316,22.953721202177686,-0.7472352237427735,-1.2486436588523673,-0.7396433437680512,-16.977567101898316,365,17583.9987729344,52.751996318803194,0.0,0.0
cmv_s23,holdout_A,close,smart_w_short,0.5,0.0,55.55017893151378,-44.44982106848623,44.876665176809645,-2.60665104166142,-3.911641995665484,-0.9904885065179935,-44.44982106848623,365,14489.502284890032,72.44751142445016,0.0,0.0
cmv_s23,holdout_A,next_open,buy_hold,0.0,0.0,195.02122404525588,95.02122404525588,28.14366451148547,1.7328016936904065,2.7768525792497623,3.376291811838419,95.02122404525588,1,100.0,0.0,0.0,0.0
cmv_s23,holdout_A,next_open,buy_hold,0.1,0.0,194.82639764760825,94.82639764760825,28.14366451148545,1.7304090677505732,2.7726697317029823,3.3693692450359305,94.82639764760825,1,99.90009990009989,0.09990009990009989,0.0,0.0
cmv_s23,holdout_A,next_open,buy_hold,0.2,0.0,194.63196012500583,94.63196012500583,28.143664511485444,1.7280132044257026,2.7684622043990026,3.3624604957320496,94.63196012500583,1,99.8003992015968,0.1996007984031936,0.0,0.0
cmv_s23,holdout_A,next_open,buy_hold,0.3,0.0,194.4379103143129,94.43791031431287,28.14366451148546,1.7256141774918496,2.7642303759377356,3.355565522598262,94.43791031431287,1,99.70089730807575,0.2991026919242273,0.0,0.0
cmv_s23,holdout_A,next_open,buy_hold,0.5,0.0,194.05096919925958,94.0509691992596,28.143664511485454,1.7208069259677334,2.7556953290357864,3.341816740349407,94.0509691992596,1,99.50248756218906,0.4975124378109453,0.0,0.0
cmv_s23,holdout_A,next_open,vanilla,0.0,0.0,189.25695601055244,89.25695601055243,18.17888499866939,2.3442396749238243,4.278638990247811,4.909924674537829,89.25695601055243,55,7951.369558544168,0.0,0.0,0.0
cmv_s23,holdout_A,next_open,vanilla,0.1,0.0,179.12898429135637,79.12898429135637,18.993018965784504,2.1583908286862523,3.9084137139725343,4.166214146045211,79.12898429135637,55,7718.992551149536,7.718992551149537,0.0,0.0
cmv_s23,holdout_A,next_open,vanilla,0.2,0.0,169.5431557568756,69.54315575687559,19.79905376591334,1.9708146569019314,3.537746648187764,3.5124484522893327,69.54315575687559,55,7495.298683422745,14.990597366845492,0.0,0.0
cmv_s23,holdout_A,next_open,vanilla,0.3,0.0,160.4704241417734,60.470424141773414,20.59707154330228,1.7818189751802065,3.168305300003791,2.935874840976463,60.470424141773414,55,7279.928156696416,21.839784470089253,0.0,0.0
cmv_s23,holdout_A,next_open,vanilla,0.5,0.0,143.755775428934,43.75577542893399,22.16938029519559,1.400841268235122,2.439087577495069,1.9737031367726803,43.75577542893399,55,6872.7961724480865,34.36398086224043,0.0,0.0
cmv_s23,holdout_A,next_open,smart,0.0,0.0,140.9234201520107,40.92342015201069,5.908488659002214,2.3972160293409512,6.414808529155713,6.926207785752366,40.92342015201069,279,10804.373801073736,0.0,0.0,0.0
cmv_s23,holdout_A,next_open,smart,0.1,0.0,128.64230655404506,28.64230655404507,6.468034271554418,1.7894914402686422,4.539957651929441,4.42828614560845,28.64230655404507,279,10295.822458239196,10.295822458239197,0.0,0.0
cmv_s23,holdout_A,next_open,smart,0.2,0.0,117.43144497179684,17.43144497179683,7.042846011439456,1.172742730651161,2.8085651122929907,2.475056950483302,17.43144497179683,279,9818.035309883455,19.63607061976691,0.0,0.0
cmv_s23,holdout_A,next_open,smart,0.3,0.0,107.19756047838231,7.197560478382314,9.003393263622492,0.5491966441389071,1.2385941948452326,0.7994275344456513,7.197560478382314,279,9368.952147574444,28.106856442723327,0.0,0.0
cmv_s23,holdout_A,next_open,smart,0.5,0.0,89.32756611681718,-10.67243388318282,15.739320241216918,-0.7087456074367546,-1.4156922946815131,-0.6780746385243928,-10.67243388318282,279,8549.375854279037,42.74687927139518,0.0,0.0
cmv_s23,holdout_A,next_open,smart_w_short,0.0,0.0,150.47309210173432,50.473092101734316,12.72708553283859,1.956771380336198,3.8493418302766265,3.9658012803876423,50.473092101734316,365,23948.03399271027,0.0,0.0,0.0
cmv_s23,holdout_A,next_open,smart_w_short,0.1,0.0,123.08437851092077,23.08437851092078,14.491820837300704,1.0547110628506013,1.9633428693330288,1.592924641429707,23.08437851092078,365,21485.492618827917,21.485492618827916,0.0,0.0
cmv_s23,holdout_A,next_open,smart_w_short,0.2,0.0,100.68091458727613,0.6809145872761269,18.507697982521538,0.13818826723911973,0.2434229760815407,0.03679088495604234,0.6809145872761269,365,19341.027609307494,38.68205521861499,0.0,0.0
cmv_s23,holdout_A,next_open,smart_w_short,0.2,1.0,99.97766026844381,-0.022339731556186848,18.696437238241305,0.10601922300847902,0.1863205055280146,-0.001194865699358679,-0.022339731556186848,365,19272.524168163283,38.54504833632657,0.6705068798601171,0.0
cmv_s23,holdout_A,next_open,smart_w_short,0.2,2.0,99.27927970080279,-0.7207202991972084,18.88474895287216,0.07384657073317281,0.129477168096282,-0.03816414509908509,-0.7207202991972084,365,19204.337688548334,38.408675377096664,1.3362221053302457,0.0
cmv_s23,holdout_A,next_open,smart_w_short,0.2,5.0,97.21304653618277,-2.786953463817232,19.447128309869665,-0.022687904631207796,-0.03950249649244489,-0.14330925468326436,-2.786953463817232,365,19001.6638153595,38.003327630719006,3.304951753232435,0.0
cmv_s23,holdout_A,next_open,smart_w_short,0.3,0.0,82.35527359007826,-17.64472640992174,23.595274236430523,-0.7887317418013743,-1.3150317121289001,-0.747807642882943,-17.64472640992174,365,17469.6513984716,52.40895419541481,0.0,0.0
cmv_s23,holdout_A,next_open,smart_w_short,0.5,0.0,55.10357515239457,-44.89642484760543,45.326729523744504,-2.6562111649079743,-3.9760182043177457,-0.9905066021603509,-44.89642484760543,365,14398.659467477768,71.99329733738884,0.0,0.0
cmv_s24,holdout_A,close,buy_hold,0.0,0.0,195.06479093819885,95.06479093819887,28.144483404865166,1.7308366193998506,2.7821206729029364,3.3777415478077524,95.06479093819887,1,100.0,0.0,0.0,0.0
cmv_s24,holdout_A,close,buy_hold,0.1,0.0,194.86992101718167,94.86992101718165,28.144483404865184,1.7284492045195952,2.7779323374418468,3.3708176359983217,94.86992101718165,1,99.90009990009989,0.09990009990009989,0.0,0.0
cmv_s24,holdout_A,close,buy_hold,0.2,0.0,194.6754400580827,94.6754400580827,28.144483404865174,1.7260585786042204,2.773719185178654,3.363907544372149,94.6754400580827,1,99.8003992015968,0.1996007984031936,0.0,0.0
cmv_s24,holdout_A,close,buy_hold,0.3,0.0,194.4813468975063,94.48134689750631,28.144483404865177,1.7236648149855995,2.769481596377983,3.357011231592684,94.48134689750631,1,99.70089730807575,0.2991026919242273,0.0,0.0
cmv_s24,holdout_A,close,buy_hold,0.5,0.0,194.09431934149143,94.09431934149141,28.144483404865174,1.7188681660409224,2.7609346293611803,3.343259778050354,94.09431934149141,1,99.50248756218906,0.4975124378109453,0.0,0.0
cmv_s24,holdout_A,close,vanilla,0.0,0.0,115.29798335838329,15.297983358383282,11.28529897368218,0.9374030659291325,1.7882714615748356,1.3555673973776736,15.297983358383282,42,4289.940499322653,0.0,0.0,0.0
cmv_s24,holdout_A,close,vanilla,0.1,0.0,110.55575045552153,10.55575045552153,11.99218550135222,0.6867235310972953,1.278729449937573,0.8802190771925001,10.55575045552153,42,4199.519910367218,4.199519910367218,0.0,0.0
cmv_s24,holdout_A,close,vanilla,0.2,0.0,106.00855779144555,6.008557791445557,13.502027289411492,0.43396997703190493,0.7874929098032635,0.4450115277249932,6.008557791445557,42,4111.628062097735,8.223256124195471,0.0,0.0
cmv_s24,holdout_A,close,vanilla,0.3,0.0,101.64837550963726,1.6483755096372565,15.045071510595212,0.1801596794631139,0.3182259256919309,0.10956249084468749,1.6483755096372565,42,4026.1855095349406,12.07855652860482,0.0,0.0
cmv_s24,holdout_A,close,vanilla,0.5,0.0,93.45856534735255,-6.541434652647449,18.201564058593405,-0.3264903705106546,-0.5453664612421761,-0.3593886015283987,-6.541434652647449,42,3862.3437324182405,19.311718662091202,0.0,0.0
cmv_s24,holdout_A,close,smart,0.0,0.0,122.444806722065,22.444806722064992,5.455167907384477,1.733324311990936,4.323232410697182,4.114411710716038,22.444806722064992,222,7575.538048045772,0.0,0.0,0.0
cmv_s24,holdout_A,close,smart,0.1,0.0,114.1995778926138,14.199577892613814,6.0910897607490675,1.162551864897881,2.739726026887915,2.3312048336761966,14.199577892613814,222,7308.068946566047,7.308068946566047,0.0,0.0
cmv_s24,holdout_A,close,smart,0.2,0.0,106.50955811447166,6.50955811447167,7.97603130467871,0.5848723805761967,1.2989993900714683,0.8161399906559027,6.50955811447167,222,7052.94138445836,14.105882768916718,0.0,0.0
cmv_s24,holdout_A,close,smart,0.3,0.0,99.33735683149928,-0.6626431685007206,10.104220798615229,0.002953458319837385,0.006176703983942615,-0.0655808282209683,-0.6626431685007206,222,6809.520689545285,20.428562068635856,0.0,0.0
cmv_s24,holdout_A,close,smart,0.5,0.0,86.40927136443406,-13.590728635565942,16.104375514649615,-1.1624777273597444,-2.160334323966889,-0.8439152839675719,-13.590728635565942,222,6355.432411011629,31.777162055058145,0.0,0.0
cmv_s24,holdout_A,close,smart_w_short,0.0,0.0,123.14223275391501,23.142232753915003,19.151221781878633,1.0102721689400123,1.712199902424827,1.2083945879532745,23.142232753915003,365,21235.046242153356,0.0,0.0,0.0
cmv_s24,holdout_A,close,smart_w_short,0.1,0.0,100.13544853831799,0.13544853831799486,22.420617558451866,0.12017660106195896,0.19494417508031964,0.006041249219156099,0.13544853831799486,365,19049.37380560534,19.049373805605345,0.0,0.0
cmv_s24,holdout_A,close,smart_w_short,0.2,0.0,81.42705968412338,-18.572940315876618,27.24681016493372,-0.7778651991713025,-1.2075776868835255,-0.6816555847619823,-18.572940315876618,365,17150.485313995257,34.300970627990516,0.0,0.0
cmv_s24,holdout_A,close,smart_w_short,0.2,1.0,80.61029101262376,-19.389708987376242,27.510899168718737,-0.8216447795131805,-1.2722744686571017,-0.7048009906351337,-19.389708987376242,365,17066.813750097906,34.133627500195814,0.8313051052375755,0.0
cmv_s24,holdout_A,close,smart_w_short,0.2,2.0,79.80166775934197,-20.198332240658033,27.77404505736374,-0.865422755463594,-1.3366357517593679,-0.7272376853620335,-20.198332240658033,365,16983.68086936688,33.967361738733764,1.6543502658082059,0.0
cmv_s24,holdout_A,close,smart_w_short,0.2,5.0,77.42386686929241,-22.57613313070759,28.557857105031133,-0.9967392942988926,-1.5277177627207648,-0.7905401672007903,-22.57613313070759,365,16737.475627182066,33.474951254364136,4.074742833245123,0.0
cmv_s24,holdout_A,close,smart_w_short,0.3,0.0,66.21397378779118,-33.78602621220882,36.72942230186093,-1.6804442397635797,-2.4966393992667313,-0.9198627175384955,-33.78602621220882,365,15496.997249093256,46.49099174727976,0.0,0.0
cmv_s24,holdout_A,close,smart_w_short,0.5,0.0,43.78356168923656,-56.21643831076344,56.62574467837547,-3.4851031176147065,-4.747160973385704,-0.9927717265364575,-56.21643831076344,365,12791.178073674222,63.95589036837111,0.0,0.0
cmv_s24,holdout_A,next_open,buy_hold,0.0,0.0,195.02122404525588,95.02122404525588,28.14366451148547,1.7328016936904065,2.7768525792497623,3.376291811838419,95.02122404525588,1,100.0,0.0,0.0,0.0
cmv_s24,holdout_A,next_open,buy_hold,0.1,0.0,194.82639764760825,94.82639764760825,28.14366451148545,1.7304090677505732,2.7726697317029823,3.3693692450359305,94.82639764760825,1,99.90009990009989,0.09990009990009989,0.0,0.0
cmv_s24,holdout_A,next_open,buy_hold,0.2,0.0,194.63196012500583,94.63196012500583,28.143664511485444,1.7280132044257026,2.7684622043990026,3.3624604957320496,94.63196012500583,1,99.8003992015968,0.1996007984031936,0.0,0.0
cmv_s24,holdout_A,next_open,buy_hold,0.3,0.0,194.4379103143129,94.43791031431287,28.14366451148546,1.7256141774918496,2.7642303759377356,3.355565522598262,94.43791031431287,1,99.70089730807575,0.2991026919242273,0.0,0.0
cmv_s24,holdout_A,next_open,buy_hold,0.5,0.0,194.05096919925958,94.0509691992596,28.143664511485454,1.7208069259677334,2.7556953290357864,3.341816740349407,94.0509691992596,1,99.50248756218906,0.4975124378109453,0.0,0.0
cmv_s24,holdout_A,next_open,vanilla,0.0,0.0,115.27102181511209,15.271021815112086,11.307280516997917,0.9332793046901907,1.7563849375737255,1.3505477105795323,15.271021815112086,42,4290.905413106398,0.0,0.0,0.0
cmv_s24,holdout_A,next_open,vanilla,0.1,0.0,110.52989784680308,10.52989784680307,12.013991893800647,0.6834645148606834,1.2563581293553403,0.876469531516549,10.52989784680307,42,4200.4649831381685,4.200464983138168,0.0,0.0
cmv_s24,holdout_A,next_open,vanilla,0.2,0.0,105.98376850862567,5.983768508625675,13.46189133979045,0.4316188564213104,0.7737743593308775,0.4444968658258996,5.983768508625675,42,4112.553720758,8.225107441516,0.0,0.0
cmv_s24,holdout_A,next_open,vanilla,0.3,0.0,101.62460582178208,1.624605821782077,15.005651549374596,0.17874901491584957,0.31216955020071013,0.10826626330995852,1.624605821782077,42,4027.0921715594213,12.081276514678265,0.0,0.0
cmv_s24,holdout_A,next_open,vanilla,0.5,0.0,93.4367107833758,-6.563289216624202,18.17086533745514,-0.3259685726012179,-0.5392149881405154,-0.36119849521395453,-6.563289216624202,42,3863.213616926787,19.316068084633933,0.0,0.0
cmv_s24,holdout_A,next_open,smart,0.0,0.0,122.11678050684489,22.11678050684489,5.430472395767676,1.715725479200514,4.238180278322443,4.072717600789565,22.11678050684489,222,7560.177499775969,0.0,0.0,0.0
cmv_s24,holdout_A,next_open,smart,0.1,0.0,113.89377982469159,13.893779824691599,6.065524011982804,1.143161926077385,2.6697751045258067,2.2906149241588376,13.893779824691599,222,7293.378284502414,7.293378284502413,0.0,0.0
cmv_s24,holdout_A,next_open,smart,0.2,0.0,106.22448218194293,6.224482181942936,7.995517415433461,0.563751666434892,1.2415992972183485,0.7784964822824401,6.224482181942936,222,7038.887922215405,14.077775844430807,0.0,0.0
cmv_s24,holdout_A,next_open,smart,0.3,0.0,99.07159905644107,-0.9284009435589269,10.332601986670698,-0.01981138733555287,-0.041110683275708326,-0.08985161189375011,-0.9284009435589269,222,6796.073458940738,20.38822037682222,0.0,0.0
cmv_s24,holdout_A,next_open,smart,0.5,0.0,86.17831200633879,-13.821687993661214,16.326745985083157,-1.1881739645306926,-2.1934443171040914,-0.8465672220471443,-13.821687993661214,222,6343.111143183696,31.715555715918484,0.0,0.0
cmv_s24,holdout_A,next_open,smart_w_short,0.0,0.0,121.99136087803495,21.99136087803495,19.21653777293281,0.971094068096737,1.6425789982108794,1.1443976609048994,21.99136087803495,365,21078.44902014771,0.0,0.0,0.0
cmv_s24,holdout_A,next_open,smart_w_short,0.1,0.0,99.1982845997791,-0.8017154002209037,22.987052686920748,0.07927657487934768,0.12834670467004414,-0.034876824408075005,-0.8017154002209037,365,18911.827804312485,18.911827804312487,0.0,0.0
cmv_s24,holdout_A,next_open,smart_w_short,0.2,0.0,80.66391970250199,-19.336080297498015,27.927131664162967,-0.8204311969635388,-1.271185227557487,-0.6923761641554733,-19.336080297498015,365,17029.414531960218,34.05882906392043,0.0,0.0
cmv_s24,holdout_A,next_open,smart_w_short,0.2,1.0,79.85470755243588,-20.14529244756411,28.188842434202773,-0.8642819998008753,-1.3356975309486951,-0.7146548317685062,-20.14529244756411,365,16946.455586870317,33.89291117374063,0.8255519603859476,0.0
cmv_s24,holdout_A,next_open,smart_w_short,0.2,2.0,79.0535664379129,-20.946433562087098,28.449618258724712,-0.908130450274705,-1.3998741381509403,-0.7362641344287073,-20.946433562087098,365,16864.030594325835,33.728061188651665,1.6429143811796985,0.0
cmv_s24,holdout_A,next_open,smart_w_short,0.2,5.0,76.69777291130086,-23.302227088699144,29.22636885650266,-1.0396538854180593,-1.5904010115475915,-0.7973014780970494,-23.302227088699144,365,16619.920972459364,33.23984194491872,4.046673962059522,0.0
cmv_s24,holdout_A,next_open,smart_w_short,0.3,0.0,65.5925429424624,-34.40745705753759,37.30057229050204,-1.7246009200656631,-2.55732705179455,-0.9224377789586587,-34.40745705753759,365,15390.198776228677,46.17059632868603,0.0,0.0
cmv_s24,holdout_A,next_open,smart_w_short,0.5,0.0,43.37149307219654,-56.62850692780346,57.01839569315133,-3.53214212555606,-4.802192920048507,-0.9931620530425639,-56.62850692780346,365,12707.533785724509,63.537668928622544,0.0,0.0
cmv_s25,holdout_A,close,buy_hold,0.0,0.0,195.06479093819885,95.06479093819887,28.144483404865166,1.7308366193998506,2.7821206729029364,3.3777415478077524,95.06479093819887,1,100.0,0.0,0.0,0.0
cmv_s25,holdout_A,close,buy_hold,0.1,0.0,194.86992101718167,94.86992101718165,28.144483404865184,1.7284492045195952,2.7779323374418468,3.3708176359983217,94.86992101718165,1,99.90009990009989,0.09990009990009989,0.0,0.0
cmv_s25,holdout_A,close,buy_hold,0.2,0.0,194.6754400580827,94.6754400580827,28.144483404865174,1.7260585786042204,2.773719185178654,3.363907544372149,94.6754400580827,1,99.8003992015968,0.1996007984031936,0.0,0.0
cmv_s25,holdout_A,close,buy_hold,0.3,0.0,194.4813468975063,94.48134689750631,28.144483404865177,1.7236648149855995,2.769481596377983,3.357011231592684,94.48134689750631,1,99.70089730807575,0.2991026919242273,0.0,0.0
cmv_s25,holdout_A,close,buy_hold,0.5,0.0,194.09431934149143,94.09431934149141,28.144483404865174,1.7188681660409224,2.7609346293611803,3.343259778050354,94.09431934149141,1,99.50248756218906,0.4975124378109453,0.0,0.0
cmv_s25,holdout_A,close,vanilla,0.0,0.0,122.82474066539774,22.824740665397748,12.381782376020643,1.1767746867058837,2.1198931448774654,1.8434131672029392,22.824740665397748,43,4605.932324742078,0.0,0.0,0.0
cmv_s25,holdout_A,close,vanilla,0.1,0.0,117.65527520667347,17.655275206673473,13.079932027660476,0.9519926010049558,1.6841508260267828,1.349798696915045,17.655275206673473,43,4505.6219689008885,4.50562196890089,0.0,0.0
cmv_s25,holdout_A,close,vanilla,0.2,0.0,112.70348596953825,12.703485969538253,13.77252014121651,0.7256200009634799,1.2592361707913662,0.9223791898129814,12.703485969538253,43,4408.185242207548,8.816370484415096,0.0,0.0
cmv_s25,holdout_A,close,vanilla,0.3,0.0,107.96019341109536,7.960193411095351,14.459592378193218,0.498372889901161,0.8476877161298525,0.5505129883951824,7.960193411095351,43,4313.529861400526,12.94058958420158,0.0,0.0
cmv_s25,holdout_A,close,vanilla,0.5,0.0,99.06430404640236,-0.9356959535976483,15.817369890833028,0.04415420057015292,0.07202363996481334,-0.05915622888353467,-0.9356959535976483,43,4132.209694440804,20.661048472204023,0.0,0.0
cmv_s25,holdout_A,close,smart,0.0,0.0,132.87514976683565,32.875149766835655,4.86394519066222,2.1677202785713843,6.18846945673899,6.758947413706309,32.875149766835655,236,8969.651523592884,0.0,0.0,0.0
cmv_s25,holdout_A,close,smart,0.1,0.0,122.87579275414491,22.875792754144907,5.449512738195974,1.5987252074017853,4.295338861205601,4.197768470895949,22.875792754144907,236,8608.914094280759,8.60891409428076,0.0,0.0
cmv_s25,holdout_A,close,smart,0.2,0.0,113.62891347366273,13.62891347366273,6.055820195967219,1.021051463850977,2.5714525002718926,2.250547908066804,13.62891347366273,236,8266.921473747701,16.533842947495405,0.0,0.0
cmv_s25,holdout_A,close,smart,0.3,0.0,105.07788061831417,5.077880618314179,6.954846095906541,0.4369106341731279,1.0295995465673302,0.730121205888783,5.077880618314179,236,7942.593061113048,23.827779183339143,0.0,0.0
cmv_s25,holdout_A,close,smart,0.5,0.0,89.8578226449091,-10.142177355090897,13.031742137773508,-0.7412864019086283,-1.531219334918016,-0.778267191590065,-10.142177355090897,236,7342.932102742375,36.71466051371188,0.0,0.0
cmv_s25,holdout_A,close,smart_w_short,0.0,0.0,137.89243277259467,37.89243277259467,14.154683634904194,1.5469846315774918,2.856728071129534,2.6770243510886593,37.89243277259467,365,21913.636734576387,0.0,0.0,0.0
cmv_s25,holdout_A,close,smart_w_short,0.1,0.0,113.4475257687319,13.447525768731893,17.03399294890561,0.6772396833198211,1.1894131136037258,0.7894523503131932,13.447525768731893,365,19741.757311142035,19.741757311142038,0.0,0.0
cmv_s25,holdout_A,close,smart_w_short,0.2,0.0,93.33610776458679,-6.663892235413216,21.45292509454435,-0.20309986504863223,-0.33925994722357883,-0.31062860687039345,-6.663892235413216,365,17841.69539167211,35.68339078334422,0.0,0.0
cmv_s25,holdout_A,close,smart_w_short,0.2,1.0,92.57602349467176,-7.423976505328245,21.674045897588854,-0.24007252177472965,-0.40003132850723316,-0.34252841118852345,-7.423976505328245,365,17769.044612639897,35.53808922527979,0.7438781523930358,0.0
cmv_s25,holdout_A,close,smart_w_short,0.2,2.0,91.82208870912952,-8.177911290870487,21.894555431096883,-0.27704269448105057,-0.46049925863917723,-0.37351346624080717,-8.177911290870487,365,17696.779471699367,35.39355894339874,1.4816147492602063,0.0
cmv_s25,holdout_A,close,smart_w_short,0.2,5.0,89.59668895089811,-10.403311049101882,22.561310171240002,-0.3879325372157686,-0.6400930685597633,-0.4611128950464715,-10.403311049101882,365,17482.27516573194,34.964550331463876,3.658472656895761,0.0
cmv_s25,holdout_A,close,smart_w_short,0.3,0.0,76.78994113572844,-23.210058864271556,26.4467799527898,-1.090378439062083,-1.7327698731932606,-0.8776137928966732,-23.210058864271556,365,16176.145206100253,48.52843561830076,0.0,0.0
cmv_s25,holdout_A,close,smart_w_short,0.5,0.0,51.97725199522657,-48.02274800477343,48.317502553392984,-2.8703514756408266,-4.137681926296656,-0.9938996319544076,-48.02274800477343,365,13425.508591643782,67.12754295821892,0.0,0.0
cmv_s25,holdout_A,next_open,buy_hold,0.0,0.0,195.02122404525588,95.02122404525588,28.14366451148547,1.7328016936904065,2.7768525792497623,3.376291811838419,95.02122404525588,1,100.0,0.0,0.0,0.0
cmv_s25,holdout_A,next_open,buy_hold,0.1,0.0,194.82639764760825,94.82639764760825,28.14366451148545,1.7304090677505732,2.7726697317029823,3.3693692450359305,94.82639764760825,1,99.90009990009989,0.09990009990009989,0.0,0.0
cmv_s25,holdout_A,next_open,buy_hold,0.2,0.0,194.63196012500583,94.63196012500583,28.143664511485444,1.7280132044257026,2.7684622043990026,3.3624604957320496,94.63196012500583,1,99.8003992015968,0.1996007984031936,0.0,0.0
cmv_s25,holdout_A,next_open,buy_hold,0.3,0.0,194.4379103143129,94.43791031431287,28.14366451148546,1.7256141774918496,2.7642303759377356,3.355565522598262,94.43791031431287,1,99.70089730807575,0.2991026919242273,0.0,0.0
cmv_s25,holdout_A,next_open,buy_hold,0.5,0.0,194.05096919925958,94.0509691992596,28.143664511485454,1.7208069259677334,2.7556953290357864,3.341816740349407,94.0509691992596,1,99.50248756218906,0.4975124378109453,0.0,0.0
cmv_s25,holdout_A,next_open,vanilla,0.0,0.0,123.01996506696534,23.01996506696533,12.408577210673897,1.1803844653388802,2.1114510814157557,1.8551655581562956,23.01996506696533,43,4613.272970746064,0.0,0.0,0.0
cmv_s25,holdout_A,next_open,vanilla,0.1,0.0,117.84228297537753,17.842282975377532,13.106513358718386,0.9566652976640669,1.6811432857606832,1.361329476958793,17.842282975377532,43,4512.775759513559,4.512775759513559,0.0,0.0
cmv_s25,holdout_A,next_open,vanilla,0.2,0.0,112.88262309194367,12.882623091943678,13.798889669472528,0.7313823994332203,1.2612842374843267,0.9335985286152466,12.882623091943678,43,4415.157632659804,8.830315265319609,0.0,0.0
cmv_s25,holdout_A,next_open,vanilla,0.3,0.0,108.13179128329627,8.131791283296263,14.485751790477,0.5052416296468666,0.8543442452269031,0.5613648087386214,8.131791283296263,43,4320.326132198494,12.960978396595484,0.0,0.0
cmv_s25,holdout_A,next_open,vanilla,0.5,0.0,99.22176230252744,-0.7782376974725613,15.843114076410124,0.05324328862279688,0.0864165455120721,-0.04912151069033402,-0.7782376974725613,43,4138.668898110228,20.69334449055114,0.0,0.0
cmv_s25,holdout_A,next_open,smart,0.0,0.0,132.48820940228933,32.488209402289336,4.83402973773147,2.151167028493506,6.084299804535454,6.720730149569894,32.488209402289336,236,8948.020619677036,0.0,0.0,0.0
cmv_s25,holdout_A,next_open,smart,0.1,0.0,122.51814886669221,22.51814886669221,5.418531747232745,1.580610085431717,4.209994356091321,4.155765789910205,22.51814886669221,236,8588.304812082577,8.588304812082578,0.0,0.0
cmv_s25,holdout_A,next_open,smart,0.2,0.0,113.29834820820336,13.29834820820337,6.025052921900447,1.0013898447354297,2.5017778479632984,2.2071753361477113,13.29834820820337,236,8247.278768795451,16.494557537590907,0.0,0.0
cmv_s25,holdout_A,next_open,smart,0.3,0.0,104.77234401784528,4.772344017845276,7.135392619847473,0.4157373836927231,0.9724800297504218,0.6688271090466343,4.772344017845276,236,7923.865103348062,23.771595310044187,0.0,0.0
cmv_s25,holdout_A,next_open,smart,0.5,0.0,89.59680250020392,-10.403197499796079,13.288936786131428,-0.76530044094738,-1.5709351308666442,-0.7828464885658153,-10.403197499796079,236,7325.890031636798,36.629450158183985,0.0,0.0
cmv_s25,holdout_A,next_open,smart_w_short,0.0,0.0,136.99115646429274,36.99115646429274,14.263075073037562,1.5203343503453797,2.8061083289286617,2.5934909740620786,36.99115646429274,365,21793.074207029178,0.0,0.0,0.0
cmv_s25,holdout_A,next_open,smart_w_short,0.1,0.0,112.70485104003532,12.704851040035315,17.606695083753,0.6485584325049899,1.1383331659760287,0.7215920409594088,12.704851040035315,365,19634.690998253016,19.634690998253017,0.0,0.0
cmv_s25,holdout_A,next_open,smart_w_short,0.2,0.0,92.72412559897157,-7.275874401028437,21.986534341837277,-0.2337910172727395,-0.39024507115390855,-0.3309241141830831,-7.275874401028437,365,17746.415324593236,35.49283064918647,0.0,0.0
cmv_s25,holdout_A,next_open,smart_w_short,0.2,1.0,91.9689682404015,-8.031031759598505,22.195115361354297,-0.27084083869179393,-0.4509732730900607,-0.36183780209504934,-8.031031759598505,365,17674.2104127368,35.348420825473596,0.7399515243032153,0.0
cmv_s25,holdout_A,next_open,smart_w_short,0.2,2.0,91.21992096273326,-8.780079037266741,22.417883821800107,-0.30788784372652256,-0.5113971425976617,-0.39165512262707947,-8.780079037266741,365,17602.38874105565,35.2047774821113,1.4737992557675845,0.0
cmv_s25,holdout_A,next_open,smart_w_short,0.2,5.0,89.0089504254246,-10.991049574575396,23.082436917890515,-0.419006153342858,-0.6908536506375292,-0.47616504330426906,-10.991049574575396,365,17389.20059561739,34.77840119123478,3.6392140413873917,0.0
cmv_s25,holdout_A,next_open,smart_w_short,0.3,0.0,76.28565358720975,-23.714346412790242,26.937725230192743,-1.1230327727893965,-1.7832251212529233,-0.8803396058925709,-23.714346412790242,365,16091.175136682363,48.273525410047085,0.0,0.0
cmv_s25,holdout_A,next_open,smart_w_short,0.5,0.0,51.634835244713216,-48.365164755286784,48.64384237282872,-2.9066898165089383,-4.18591337907994,-0.9942710607561379,-48.365164755286784,365,13357.501944653897,66.7875097232695,0.0,0.0
cmt_thesis,holdout_A,close,buy_hold,0.0,0.0,195.06479093819885,95.06479093819887,28.144483404865166,1.7308366193998506,2.7821206729029364,3.3777415478077524,95.06479093819887,1,100.0,0.0,0.0,0.0
cmt_thesis,holdout_A,close,buy_hold,0.1,0.0,194.86992101718167,94.86992101718165,28.144483404865184,1.7284492045195952,2.7779323374418468,3.3708176359983217,94.86992101718165,1,99.90009990009989,0.09990009990009989,0.0,0.0
cmt_thesis,holdout_A,close,buy_hold,0.2,0.0,194.6754400580827,94.6754400580827,28.144483404865174,1.7260585786042204,2.773719185178654,3.363907544372149,94.6754400580827,1,99.8003992015968,0.1996007984031936,0.0,0.0
cmt_thesis,holdout_A,close,buy_hold,0.3,0.0,194.4813468975063,94.48134689750631,28.144483404865177,1.7236648149855995,2.769481596377983,3.357011231592684,94.48134689750631,1,99.70089730807575,0.2991026919242273,0.0,0.0
cmt_thesis,holdout_A,close,buy_hold,0.5,0.0,194.09431934149143,94.09431934149141,28.144483404865174,1.7188681660409224,2.7609346293611803,3.343259778050354,94.09431934149141,1,99.50248756218906,0.4975124378109453,0.0,0.0
cmt_thesis,holdout_A,close,vanilla,0.0,0.0,100.0,0.0,-0.0,0.0,0.0,,0.0,0,0.0,0.0,0.0,0.0
cmt_thesis,holdout_A,close,vanilla,0.1,0.0,100.0,0.0,-0.0,0.0,0.0,,0.0,0,0.0,0.0,0.0,0.0
cmt_thesis,holdout_A,close,vanilla,0.2,0.0,100.0,0.0,-0.0,0.0,0.0,,0.0,0,0.0,0.0,0.0,0.0
cmt_thesis,holdout_A,close,vanilla,0.3,0.0,100.0,0.0,-0.0,0.0,0.0,,0.0,0,0.0,0.0,0.0,0.0
cmt_thesis,holdout_A,close,vanilla,0.5,0.0,100.0,0.0,-0.0,0.0,0.0,,0.0,0,0.0,0.0,0.0,0.0
cmt_thesis,holdout_A,close,smart,0.0,0.0,102.27341135345596,2.2734113534559564,0.7693742523451684,1.3997583667373652,2.4950304220337856,2.9548835908223556,2.2734113534559564,129,74.380319260601,0.0,0.0,0.0
cmt_thesis,holdout_A,close,smart,0.1,0.0,102.19846053996969,2.198460539969682,0.7703096279255998,1.3549383791132916,2.4086817673416663,2.853995926144675,2.198460539969682,129,74.3531021153297,0.07435310211532971,0.0,0.0
cmt_thesis,holdout_A,close,smart,0.2,0.0,102.12356431690922,2.123564316909232,0.7712449701895628,1.3100486972081544,2.3226003140425227,2.7534238782617737,2.123564316909232,129,74.32589851815013,0.14865179703630024,0.0,0.0
cmt_thesis,holdout_A,close,smart,0.3,0.0,102.04872264358434,2.048722643584333,0.7721802792009995,1.265092486197876,2.2367983473711814,2.653166234320584,2.048722643584333,129,74.29870846110559,0.22289612538331677,0.0,0.0
cmt_thesis,holdout_A,close,smart,0.5,0.0,101.89920278353945,1.8992027835394554,0.7740507977217688,1.1749932434560857,2.0660746573269178,2.4535893369392543,1.8992027835394554,129,74.24436893562095,0.37122184467810476,0.0,0.0
cmt_thesis,holdout_A,close,smart_w_short,0.0,0.0,97.91460572430346,-2.0853942756965393,5.2501206353238015,-0.41147226538663983,-0.5338795300179643,-0.3972088301487043,-2.0853942756965393,365,439.4997374635644,0.0,0.0,0.0
cmt_thesis,holdout_A,close,smart_w_short,0.1,0.0,97.4859677064537,-2.5140322935462978,5.439905296398939,-0.5024745889359438,-0.6493843038476284,-0.46214633464492755,-2.5140322935462978,365,438.5409643526426,0.43854096435264256,0.0,0.0
cmt_thesis,holdout_A,close,smart_w_short,0.2,0.0,97.05920379674532,-2.940796203254681,5.629321765747499,-0.5935336058066029,-0.7640654924313128,-0.5224068414686156,-2.940796203254681,365,437.5849877260148,0.8751699754520297,0.0,0.0
cmt_thesis,holdout_A,close,smart_w_short,0.2,1.0,96.88266767762198,-3.117332322378019,5.742014385495829,-0.6308881315911271,-0.810606038829487,-0.5428987308447564,-3.117332322378019,365,437.2677715206695,0.874535543041339,0.18109438097455416,0.0
cmt_thesis,holdout_A,close,smart_w_short,0.2,2.0,96.70645027610706,-3.293549723892941,5.854574246901994,-0.6682032092390773,-0.8569222515612518,-0.5625600743958035,-3.293549723892941,365,436.9509101803352,0.8739018203606704,0.36186385066238796,0.0
cmt_thesis,holdout_A,close,smart_w_short,0.2,5.0,96.17970467075972,-3.8202953292402864,6.191458822989928,-0.7799052784156204,-0.9945348756566361,-0.6170266876450647,-3.8202953292402864,365,436.00245081109165,0.8720049016221834,0.9022285821236045,0.0
cmt_thesis,holdout_A,close,smart_w_short,0.3,0.0,96.63430577087505,-3.3656942291249603,5.818370760337346,-0.6846316455874193,-0.8779144971426737,-0.5784599104732575,-3.3656942291249603,365,436.63179832447474,1.3098953949734242,0.0,0.0
cmt_thesis,holdout_A,close,smart_w_short,0.5,0.0,95.79007465526074,-4.209925344739263,6.195369185858001,-0.8668738636630097,-1.1030859241081297,-0.679527759919319,-4.209925344739263,365,434.73374432545825,2.173668721627291,0.0,0.0
cmt_thesis,holdout_A,next_open,buy_hold,0.0,0.0,195.02122404525588,95.02122404525588,28.14366451148547,1.7328016936904065,2.7768525792497623,3.376291811838419,95.02122404525588,1,100.0,0.0,0.0,0.0
cmt_thesis,holdout_A,next_open,buy_hold,0.1,0.0,194.82639764760825,94.82639764760825,28.14366451148545,1.7304090677505732,2.7726697317029823,3.3693692450359305,94.82639764760825,1,99.90009990009989,0.09990009990009989,0.0,0.0
cmt_thesis,holdout_A,next_open,buy_hold,0.2,0.0,194.63196012500583,94.63196012500583,28.143664511485444,1.7280132044257026,2.7684622043990026,3.3624604957320496,94.63196012500583,1,99.8003992015968,0.1996007984031936,0.0,0.0
cmt_thesis,holdout_A,next_open,buy_hold,0.3,0.0,194.4379103143129,94.43791031431287,28.14366451148546,1.7256141774918496,2.7642303759377356,3.355565522598262,94.43791031431287,1,99.70089730807575,0.2991026919242273,0.0,0.0
cmt_thesis,holdout_A,next_open,buy_hold,0.5,0.0,194.05096919925958,94.0509691992596,28.143664511485454,1.7208069259677334,2.7556953290357864,3.341816740349407,94.0509691992596,1,99.50248756218906,0.4975124378109453,0.0,0.0
cmt_thesis,holdout_A,next_open,vanilla,0.0,0.0,100.0,0.0,-0.0,0.0,0.0,,0.0,0,0.0,0.0,0.0,0.0
cmt_thesis,holdout_A,next_open,vanilla,0.1,0.0,100.0,0.0,-0.0,0.0,0.0,,0.0,0,0.0,0.0,0.0,0.0
cmt_thesis,holdout_A,next_open,vanilla,0.2,0.0,100.0,0.0,-0.0,0.0,0.0,,0.0,0,0.0,0.0,0.0,0.0
cmt_thesis,holdout_A,next_open,vanilla,0.3,0.0,100.0,0.0,-0.0,0.0,0.0,,0.0,0,0.0,0.0,0.0,0.0
cmt_thesis,holdout_A,next_open,vanilla,0.5,0.0,100.0,0.0,-0.0,0.0,0.0,,0.0,0,0.0,0.0,0.0,0.0
cmt_thesis,holdout_A,next_open,smart,0.0,0.0,102.27110668787329,2.271106687873292,0.771025235946486,1.4061123873198367,2.506451646965678,2.945567255117602,2.271106687873292,129,74.32442386445945,0.0,0.0,0.0
cmt_thesis,holdout_A,next_open,smart,0.1,0.0,102.19621374186828,2.1962137418682692,0.7719631479501748,1.3610779448494423,2.4196855933573884,2.8449722602691137,2.1962137418682692,129,74.29724755639793,0.07429724755639794,0.0,0.0
cmt_thesis,holdout_A,next_open,smart,0.2,0.0,102.12137530374483,2.1213753037448324,0.7729010265154385,1.315972938973999,2.3331865748497393,2.7446920510752597,2.1213753037448324,129,74.27008476664311,0.14854016953328625,0.0,0.0
cmt_thesis,holdout_A,next_open,smart,0.3,0.0,102.04659133290241,2.0465913329024144,0.7738388717063681,1.2708005828873132,2.246966999180207,2.6447254173075323,2.0465913329024144,129,74.2429354872605,0.2227288064617815,0.0,0.0
cmt_thesis,holdout_A,next_open,smart,0.5,0.0,101.89718663081734,1.897186630817349,0.7757144622213653,1.1802667810953216,2.0754094147171145,2.445728065175546,1.897186630817349,129,74.18867742790152,0.3709433871395076,0.0,0.0
cmt_thesis,holdout_A,next_open,smart_w_short,0.0,0.0,97.90861308230764,-2.0913869176923616,5.252358376304334,-0.41296197431312076,-0.5357348414696681,-0.3981805444060167,-2.0913869176923616,365,439.4012595835325,0.0,0.0,0.0
cmt_thesis,holdout_A,next_open,smart_w_short,0.1,0.0,97.48007719904994,-2.5199228009500585,5.442136430834936,-0.5039960085539922,-0.6512515033135458,-0.46303925544245317,-2.5199228009500585,365,438.44289342812715,0.43844289342812715,0.0,0.0
cmt_thesis,holdout_A,next_open,smart_w_short,0.2,0.0,97.05341464331762,-2.946585356682374,5.631546312990793,-0.5950875881211659,-0.7659454628964112,-0.523228469219053,-2.946585356682374,365,437.4873220529626,0.8749746441059252,0.0,0.0
cmt_thesis,holdout_A,next_open,smart_w_short,0.2,1.0,96.8768886006649,-3.123111399335099,5.744236628297148,-0.6324597389677353,-0.8124965343023689,-0.5436947677172781,-3.123111399335099,365,437.1701478859537,0.8743402957719073,0.1810847723499128,0.0
cmt_thesis,holdout_A,next_open,smart_w_short,0.2,2.0,96.70068125823671,-3.2993187417632908,5.856794187583731,-0.6697923602788447,-0.8588230385684085,-0.5633318563178762,-3.2993187417632908,365,436.85332854737453,0.8737066570947492,0.3618446555983439,0.0
cmt_thesis,holdout_A,next_open,smart_w_short,0.2,5.0,96.17396572614595,-3.826034273854051,6.193671871223052,-0.7815465643858647,-0.9964650043908295,-0.6177328010595,-3.826034273854051,365,435.9049949642964,0.8718099899285929,0.9021807604470236,0.0
cmt_thesis,holdout_A,next_open,smart_w_short,0.3,0.0,96.62861719568421,-3.371382804315781,5.820588739689242,-0.6862190237463245,-0.8798074005709284,-0.5792168035042753,-3.371382804315781,365,436.53453620609355,1.3096036086182807,0.0,0.0
cmt_thesis,holdout_A,next_open,smart_w_short,0.5,0.0,95.78458492869781,-4.2154150713021865,6.19757408712617,-0.8685304521518199,-1.1050040939186898,-0.6801717917432569,-4.2154150713021865,365,434.6372842549311,2.1731864212746554,0.0,0.0
cmt_s23,holdout_A,close,buy_hold,0.0,0.0,195.06479093819885,95.06479093819887,28.144483404865166,1.7308366193998506,2.7821206729029364,3.3777415478077524,95.06479093819887,1,100.0,0.0,0.0,0.0
cmt_s23,holdout_A,close,buy_hold,0.1,0.0,194.86992101718167,94.86992101718165,28.144483404865184,1.7284492045195952,2.7779323374418468,3.3708176359983217,94.86992101718165,1,99.90009990009989,0.09990009990009989,0.0,0.0
cmt_s23,holdout_A,close,buy_hold,0.2,0.0,194.6754400580827,94.6754400580827,28.144483404865174,1.7260585786042204,2.773719185178654,3.363907544372149,94.6754400580827,1,99.8003992015968,0.1996007984031936,0.0,0.0
cmt_s23,holdout_A,close,buy_hold,0.3,0.0,194.4813468975063,94.48134689750631,28.144483404865177,1.7236648149855995,2.769481596377983,3.357011231592684,94.48134689750631,1,99.70089730807575,0.2991026919242273,0.0,0.0
cmt_s23,holdout_A,close,buy_hold,0.5,0.0,194.09431934149143,94.09431934149141,28.144483404865174,1.7188681660409224,2.7609346293611803,3.343259778050354,94.09431934149141,1,99.50248756218906,0.4975124378109453,0.0,0.0
cmt_s23,holdout_A,close,vanilla,0.0,0.0,100.0,0.0,-0.0,0.0,0.0,,0.0,0,0.0,0.0,0.0,0.0
cmt_s23,holdout_A,close,vanilla,0.1,0.0,100.0,0.0,-0.0,0.0,0.0,,0.0,0,0.0,0.0,0.0,0.0
cmt_s23,holdout_A,close,vanilla,0.2,0.0,100.0,0.0,-0.0,0.0,0.0,,0.0,0,0.0,0.0,0.0,0.0
cmt_s23,holdout_A,close,vanilla,0.3,0.0,100.0,0.0,-0.0,0.0,0.0,,0.0,0,0.0,0.0,0.0,0.0
cmt_s23,holdout_A,close,vanilla,0.5,0.0,100.0,0.0,-0.0,0.0,0.0,,0.0,0,0.0,0.0,0.0,0.0
cmt_s23,holdout_A,close,smart,0.0,0.0,104.57926735284515,4.579267352845151,2.1196486908766343,1.2599668681264504,2.056323392027502,2.1603897723972736,4.579267352845151,216,486.8667789469894,0.0,0.0,0.0
cmt_s23,holdout_A,close,smart,0.1,0.0,104.08787407247782,4.087874072477815,2.191151628791991,1.1313937130160068,1.8317940053461836,1.8656281102424257,4.087874072477815,216,485.71351078364745,0.4857135107836475,0.0,0.0
cmt_s23,holdout_A,close,smart,0.2,0.0,103.59878864056834,3.598788640568351,2.3050967633184376,1.0022422422626076,1.6097655123687014,1.5612310501826845,3.598788640568351,216,484.5638724055935,0.9691277448111871,0.0,0.0
cmt_s23,holdout_A,close,smart,0.3,0.0,103.11200019014512,3.1120001901451255,2.4189107416820512,0.8725455676386982,1.390281171931047,1.286529567428816,3.1120001901451255,216,483.41785090723477,1.4502535527217044,0.0,0.0
cmt_s23,holdout_A,close,smart,0.5,0.0,102.1452710229079,2.145271022907913,2.646145851818057,0.6116531297329851,0.9591116206780259,0.8107153358285168,2.145271022907913,216,481.13660717372636,2.405683035868632,0.0,0.0
cmt_s23,holdout_A,close,smart_w_short,0.0,0.0,97.8894152708886,-2.1105847291113977,6.9454428519644145,-0.20846672767797647,-0.25484937264220425,-0.3038805118833352,-2.1105847291113977,365,1418.9633160046687,0.0,0.0,0.0
cmt_s23,holdout_A,close,smart_w_short,0.1,0.0,96.51423312109485,-3.48576687890515,7.346090232582838,-0.37545342498564804,-0.4566833561200768,-0.4745064066112862,-3.48576687890515,365,1409.025145117316,1.4090251451173157,0.0,0.0
cmt_s23,holdout_A,close,smart_w_short,0.2,0.0,95.1583601804293,-4.841639819570698,8.402878593057045,-0.5425188128362185,-0.6566189288433457,-0.5761882390602605,-4.841639819570698,365,1399.17977926018,2.7983595585203602,0.0,0.0
cmt_s23,holdout_A,close,smart_w_short,0.2,1.0,94.94445369454617,-5.055546305453829,8.589989086126325,-0.5687024257301335,-0.6875870789534758,-0.5885393164956441,-5.055546305453829,365,1397.8374526990447,2.7956749053980894,0.22200105998083003,0.0
cmt_s23,holdout_A,close,smart_w_short,0.2,2.0,94.73102319423981,-5.268976805760195,8.776721793414335,-0.5948542702252893,-0.7184538748024305,-0.6003354019622454,-5.268976805760195,365,1396.4971472023533,2.792994294404707,0.4435129187521758,0.0
cmt_s23,holdout_A,close,smart_w_short,0.2,5.0,94.0935771337219,-5.906422866278104,9.334660732086114,-0.673116009202065,-0.8104480151777784,-0.6327410321379869,-5.906422866278104,365,1392.4883229653183,2.7849766459306364,1.105123986320765,0.0
cmt_s23,holdout_A,close,smart_w_short,0.3,0.0,93.82152519050152,-6.17847480949848,9.447624512644675,-0.7095985242396029,-0.8546276765010861,-0.6539712497283552,-6.17847480949848,365,1389.4262410581298,4.168278723174389,0.0,0.0
cmt_s23,holdout_A,close,smart_w_short,0.5,0.0,91.2039030571047,-8.796096942895304,11.501536814513296,-1.0435433205680196,-1.2447391117471276,-0.7647757934223092,-8.796096942895304,365,1370.190793059276,6.85095396529638,0.0,0.0
cmt_s23,holdout_A,next_open,buy_hold,0.0,0.0,195.02122404525588,95.02122404525588,28.14366451148547,1.7328016936904065,2.7768525792497623,3.376291811838419,95.02122404525588,1,100.0,0.0,0.0,0.0
cmt_s23,holdout_A,next_open,buy_hold,0.1,0.0,194.82639764760825,94.82639764760825,28.14366451148545,1.7304090677505732,2.7726697317029823,3.3693692450359305,94.82639764760825,1,99.90009990009989,0.09990009990009989,0.0,0.0
cmt_s23,holdout_A,next_open,buy_hold,0.2,0.0,194.63196012500583,94.63196012500583,28.143664511485444,1.7280132044257026,2.7684622043990026,3.3624604957320496,94.63196012500583,1,99.8003992015968,0.1996007984031936,0.0,0.0
cmt_s23,holdout_A,next_open,buy_hold,0.3,0.0,194.4379103143129,94.43791031431287,28.14366451148546,1.7256141774918496,2.7642303759377356,3.355565522598262,94.43791031431287,1,99.70089730807575,0.2991026919242273,0.0,0.0
cmt_s23,holdout_A,next_open,buy_hold,0.5,0.0,194.05096919925958,94.0509691992596,28.143664511485454,1.7208069259677334,2.7556953290357864,3.341816740349407,94.0509691992596,1,99.50248756218906,0.4975124378109453,0.0,0.0
cmt_s23,holdout_A,next_open,vanilla,0.0,0.0,100.0,0.0,-0.0,0.0,0.0,,0.0,0,0.0,0.0,0.0,0.0
cmt_s23,holdout_A,next_open,vanilla,0.1,0.0,100.0,0.0,-0.0,0.0,0.0,,0.0,0,0.0,0.0,0.0,0.0
cmt_s23,holdout_A,next_open,vanilla,0.2,0.0,100.0,0.0,-0.0,0.0,0.0,,0.0,0,0.0,0.0,0.0,0.0
cmt_s23,holdout_A,next_open,vanilla,0.3,0.0,100.0,0.0,-0.0,0.0,0.0,,0.0,0,0.0,0.0,0.0,0.0
cmt_s23,holdout_A,next_open,vanilla,0.5,0.0,100.0,0.0,-0.0,0.0,0.0,,0.0,0,0.0,0.0,0.0,0.0
cmt_s23,holdout_A,next_open,smart,0.0,0.0,104.61762865491144,4.617628654911443,2.1259318742982063,1.277423499923687,2.0909704968400007,2.1720492132118645,4.617628654911443,216,487.2026151903623,0.0,0.0,0.0
cmt_s23,holdout_A,next_open,smart,0.1,0.0,104.12587450701231,4.125874507012317,2.2051023218031363,1.1480620957715857,1.864171088578342,1.871058075726184,4.125874507012317,216,486.04807403795905,0.486048074037959,0.0,0.0
cmt_s23,holdout_A,next_open,smart,0.2,0.0,103.63643073046197,3.636430730461959,2.319005075764571,1.0181167939007532,1.6399165900114445,1.5680995132203563,3.636430730461959,216,484.8971679697456,0.9697943359394913,0.0,0.0
cmt_s23,holdout_A,next_open,smart,0.3,0.0,103.14928644260553,3.1492864426055256,2.432776750564392,0.8876213761382296,1.418250926970783,1.2945234049424827,3.1492864426055256,216,483.74988405692056,1.4512496521707616,0.0,0.0
cmt_s23,holdout_A,next_open,smart,0.5,0.0,102.1818530598503,2.1818530598503028,2.6599274840935836,0.6251194795818044,0.9828573437000615,0.8202678730521133,2.1818530598503028,216,481.4661312292465,2.407330656146233,0.0,0.0
cmt_s23,holdout_A,next_open,smart_w_short,0.0,0.0,97.95133288634099,-2.0486671136590084,6.939909285861353,-0.20147132424994074,-0.2463139667335573,-0.29520084907057054,-2.0486671136590084,365,1419.765730037862,0.0,0.0,0.0
cmt_s23,holdout_A,next_open,smart_w_short,0.1,0.0,96.57522153676096,-3.424778463239031,7.336651239648562,-0.3687274366429695,-0.44853037125297424,-0.4668040433394083,-3.424778463239031,365,1409.820840613921,1.409820840613921,0.0,0.0
cmt_s23,holdout_A,next_open,smart_w_short,0.2,0.0,95.21843326703456,-4.781566732965448,8.393427475926943,-0.5360620623385787,-0.6488430339583804,-0.5696798771037677,-4.781566732965448,365,1399.968823348631,2.799937646697262,0.0,0.0
cmt_s23,holdout_A,next_open,smart_w_short,0.2,1.0,95.00439467766961,-4.995605322330388,8.580554726359532,-0.56229016635768,-0.6798734418098195,-0.5822007412858575,-4.995605322330388,365,1398.6257677951612,2.7972515355903234,0.22212774033568877,0.0
cmt_s23,holdout_A,next_open,smart_w_short,0.2,2.0,94.79083236127144,-5.209167638728562,8.767304162363054,-0.5884863877075727,-0.7108020679310807,-0.5941584256983887,-5.209167638728562,365,1397.284734398194,2.7945694687963876,0.44376600153823775,0.0
cmt_s23,holdout_A,next_open,smart_w_short,0.2,5.0,94.15299257063889,-5.847007429361117,9.325293115761724,-0.6668805573180503,-0.8029785922345815,-0.6270052165414977,-5.847007429361117,365,1393.2737329943438,2.786547465988688,1.1057546147039656,0.0
cmt_s23,holdout_A,next_open,smart_w_short,0.3,0.0,93.8806966124859,-6.119303387514097,9.438162767072884,-0.7034105487731283,-0.8472233511954358,-0.6483574757645247,-6.119303387514097,365,1390.208700120816,4.1706261003624485,0.0,0.0
cmt_s23,holdout_A,next_open,smart_w_short,0.5,0.0,91.26131133328617,-8.738688666713823,11.492058170347752,-1.0378903738849543,-1.2380608401757345,-0.7604111062770046,-8.738688666713823,365,1370.9602782775821,6.854801391387911,0.0,0.0
cmt_s24,holdout_A,close,buy_hold,0.0,0.0,195.06479093819885,95.06479093819887,28.144483404865166,1.7308366193998506,2.7821206729029364,3.3777415478077524,95.06479093819887,1,100.0,0.0,0.0,0.0
cmt_s24,holdout_A,close,buy_hold,0.1,0.0,194.86992101718167,94.86992101718165,28.144483404865184,1.7284492045195952,2.7779323374418468,3.3708176359983217,94.86992101718165,1,99.90009990009989,0.09990009990009989,0.0,0.0
cmt_s24,holdout_A,close,buy_hold,0.2,0.0,194.6754400580827,94.6754400580827,28.144483404865174,1.7260585786042204,2.773719185178654,3.363907544372149,94.6754400580827,1,99.8003992015968,0.1996007984031936,0.0,0.0
cmt_s24,holdout_A,close,buy_hold,0.3,0.0,194.4813468975063,94.48134689750631,28.144483404865177,1.7236648149855995,2.769481596377983,3.357011231592684,94.48134689750631,1,99.70089730807575,0.2991026919242273,0.0,0.0
cmt_s24,holdout_A,close,buy_hold,0.5,0.0,194.09431934149143,94.09431934149141,28.144483404865174,1.7188681660409224,2.7609346293611803,3.343259778050354,94.09431934149141,1,99.50248756218906,0.4975124378109453,0.0,0.0
cmt_s24,holdout_A,close,vanilla,0.0,0.0,100.0,0.0,-0.0,0.0,0.0,,0.0,0,0.0,0.0,0.0,0.0
cmt_s24,holdout_A,close,vanilla,0.1,0.0,100.0,0.0,-0.0,0.0,0.0,,0.0,0,0.0,0.0,0.0,0.0
cmt_s24,holdout_A,close,vanilla,0.2,0.0,100.0,0.0,-0.0,0.0,0.0,,0.0,0,0.0,0.0,0.0,0.0
cmt_s24,holdout_A,close,vanilla,0.3,0.0,100.0,0.0,-0.0,0.0,0.0,,0.0,0,0.0,0.0,0.0,0.0
cmt_s24,holdout_A,close,vanilla,0.5,0.0,100.0,0.0,-0.0,0.0,0.0,,0.0,0,0.0,0.0,0.0,0.0
cmt_s24,holdout_A,close,smart,0.0,0.0,102.97951823802288,2.9795182380228713,0.7992305869171382,1.6381284658070603,2.919144297343277,3.7279832463816587,2.9795182380228713,313,151.55100422542293,0.0,0.0,0.0
cmt_s24,holdout_A,close,smart,0.1,0.0,102.82668819210528,2.8266881921052756,0.8286465630216261,1.5569925747207012,2.763871630679068,3.4112109049217216,2.8266881921052756,313,151.43804799170678,0.15143804799170674,0.0,0.0
cmt_s24,holdout_A,close,smart,0.2,0.0,102.67408460964728,2.674084609647287,0.8598152467849701,1.475691888911573,2.6094282497384857,3.1100688428662453,2.674084609647287,313,151.3252040321231,0.30265040806424626,0.0,0.0
cmt_s24,holdout_A,close,smart,0.3,0.0,102.52170715373502,2.521707153735031,0.8909744965787929,1.394230972098346,2.455822563217446,2.8302798378831318,2.521707153735031,313,151.2124722200876,0.45363741666026275,0.0,0.0
cmt_s24,holdout_A,close,smart,0.5,0.0,102.21762927642108,2.2176292764210848,0.9532647056888671,1.2308469555405186,2.151162782775917,2.326352022881763,2.2176292764210848,313,150.9873445330956,0.7549367226654782,0.0,0.0
cmt_s24,holdout_A,close,smart_w_short,0.0,0.0,102.21543363569829,2.215433635698294,1.519197530496302,1.1431834883900749,1.869930291026728,1.458292020113106,2.215433635698294,365,190.94265639752308,0.0,0.0,0.0
cmt_s24,holdout_A,close,smart_w_short,0.1,0.0,102.02380419565483,2.0238041956548436,1.5862499672027524,1.046915819791601,1.7061070436077548,1.2758419148929532,2.0238041956548436,365,190.7632711406887,0.1907632711406887,0.0,0.0
cmt_s24,holdout_A,close,smart_w_short,0.2,0.0,101.83253358535333,1.8325335853533353,1.6532571897562618,0.950476513123918,1.5431781824824795,1.108438297869132,1.8325335853533353,365,190.58411041439672,0.3811682208287935,0.0,0.0
cmt_s24,holdout_A,close,smart_w_short,0.2,1.0,101.82191959665984,1.821919596659849,1.6632691981938623,0.944956205611292,1.5336802428457228,1.095384678943291,1.821919596659849,365,190.5757073017935,0.381151414603587,0.010591281063020081,0.0
cmt_s24,holdout_A,close,smart_w_short,0.2,2.0,101.81130668373505,1.8113066837350589,1.673280216722557,0.9394366625199251,1.5241896576258425,1.082488554895398,1.8113066837350589,365,190.56730496793114,0.3811346099358623,0.021181489736446565,0.0
cmt_s24,holdout_A,close,smart_w_short,0.2,5.0,101.77947439851246,1.7794743985124706,1.7033073338058355,0.9228827363041997,1.4957622688223893,1.0447171589031141,1.7794743985124706,365,190.54210263806488,0.38108420527612974,0.052945682475104894,0.0
cmt_s24,holdout_A,close,smart_w_short,0.3,0.0,101.64162113171469,1.6416211317146878,1.7202192285849465,0.8538715174332622,1.381154045511991,0.9543092557249732,1.6416211317146878,365,190.40517390115247,0.5712155217034575,0.0,0.0
cmt_s24,holdout_A,close,smart_w_short,0.5,0.0,101.26086800845198,1.2608680084519763,1.854007876674401,0.6601885502576196,1.0598655187839912,0.6800769426684635,1.2608680084519763,365,190.047972246244,0.9502398612312197,0.0,0.0
cmt_s24,holdout_A,next_open,buy_hold,0.0,0.0,195.02122404525588,95.02122404525588,28.14366451148547,1.7328016936904065,2.7768525792497623,3.376291811838419,95.02122404525588,1,100.0,0.0,0.0,0.0
cmt_s24,holdout_A,next_open,buy_hold,0.1,0.0,194.82639764760825,94.82639764760825,28.14366451148545,1.7304090677505732,2.7726697317029823,3.3693692450359305,94.82639764760825,1,99.90009990009989,0.09990009990009989,0.0,0.0
cmt_s24,holdout_A,next_open,buy_hold,0.2,0.0,194.63196012500583,94.63196012500583,28.143664511485444,1.7280132044257026,2.7684622043990026,3.3624604957320496,94.63196012500583,1,99.8003992015968,0.1996007984031936,0.0,0.0
cmt_s24,holdout_A,next_open,buy_hold,0.3,0.0,194.4379103143129,94.43791031431287,28.14366451148546,1.7256141774918496,2.7642303759377356,3.355565522598262,94.43791031431287,1,99.70089730807575,0.2991026919242273,0.0,0.0
cmt_s24,holdout_A,next_open,buy_hold,0.5,0.0,194.05096919925958,94.0509691992596,28.143664511485454,1.7208069259677334,2.7556953290357864,3.341816740349407,94.0509691992596,1,99.50248756218906,0.4975124378109453,0.0,0.0
cmt_s24,holdout_A,next_open,vanilla,0.0,0.0,100.0,0.0,-0.0,0.0,0.0,,0.0,0,0.0,0.0,0.0,0.0
cmt_s24,holdout_A,next_open,vanilla,0.1,0.0,100.0,0.0,-0.0,0.0,0.0,,0.0,0,0.0,0.0,0.0,0.0
cmt_s24,holdout_A,next_open,vanilla,0.2,0.0,100.0,0.0,-0.0,0.0,0.0,,0.0,0,0.0,0.0,0.0,0.0
cmt_s24,holdout_A,next_open,vanilla,0.3,0.0,100.0,0.0,-0.0,0.0,0.0,,0.0,0,0.0,0.0,0.0,0.0
cmt_s24,holdout_A,next_open,vanilla,0.5,0.0,100.0,0.0,-0.0,0.0,0.0,,0.0,0,0.0,0.0,0.0,0.0
cmt_s24,holdout_A,next_open,smart,0.0,0.0,102.97616721720077,2.976167217200776,0.7985977388128446,1.6449633906464398,2.928751665085814,3.726741352442341,2.976167217200776,313,151.54050583989186,0.0,0.0,0.0
cmt_s24,holdout_A,next_open,smart,0.1,0.0,102.8233492099074,2.823349209907411,0.8281042065506554,1.5633953167991044,2.772749200544825,3.4094129550043597,2.823349209907411,313,151.4275628669889,0.1514275628669889,0.0,0.0
cmt_s24,holdout_A,next_open,smart,0.2,0.0,102.67075763870385,2.670757638703858,0.8592904307186077,1.4816614562602999,2.6175895886782308,3.10809656808392,2.670757638703858,313,151.31473215036917,0.3026294643007383,0.0,0.0
cmt_s24,holdout_A,next_open,smart,0.3,0.0,102.51839216673127,2.5183921667312648,0.8904672101379331,1.3997664468459716,2.463280520789113,2.828169457627942,2.5183921667312648,313,151.2020135634739,0.45360604069042176,0.0,0.0
cmt_s24,holdout_A,next_open,smart,0.5,0.0,102.21433817556789,2.214338175567887,0.9527924461813004,1.2355117916899463,2.1572495398763194,2.3240509351671914,2.214338175567887,313,150.9769122733921,0.7548845613669606,0.0,0.0
cmt_s24,holdout_A,next_open,smart_w_short,0.0,0.0,102.20368844336336,2.203688443363361,1.5268527695598082,1.1422910606990402,1.8658512891884655,1.443288106946084,2.203688443363361,365,190.91651378272644,0.0,0.0,0.0
cmt_s24,holdout_A,next_open,smart_w_short,0.1,0.0,102.01209438393445,2.0120943839344596,1.5939109821986468,1.045585296776828,1.7015100157920142,1.2623630845174107,2.0120943839344596,365,190.73717010543967,0.1907371701054397,0.0,0.0
cmt_s24,holdout_A,next_open,smart_w_short,0.2,0.0,101.82085906315686,1.8208590631568544,1.6609239701292806,0.948708064858477,1.5380773039399607,1.0962928441662052,1.8208590631568544,365,190.5580508885577,0.3811161017771154,0.0,0.0
cmt_s24,holdout_A,next_open,smart_w_short,0.2,1.0,101.81024541777728,1.8102454177772787,1.670936051707439,0.9431613180638918,1.528545736009611,1.0833720512089537,1.8102454177772787,365,190.5496478275376,0.38109929565507517,0.010590987952477567,0.0
cmt_s24,holdout_A,next_open,smart_w_short,0.2,2.0,101.79963284821775,1.7996328482177582,1.6809471432871494,0.9376153604317387,1.5190216626064375,1.0706064467312844,1.7996328482177582,365,190.5412455453083,0.38108249109061654,0.021180903463086657,0.0
cmt_s24,holdout_A,next_open,smart_w_short,0.2,5.0,101.7678015934001,1.7678015934000868,1.7109744789861652,0.9209823405398511,1.4904946490143283,1.0332133033612485,1.7678015934000868,365,190.51604337064092,0.3810320867412818,0.05294421639977605,0.0
cmt_s24,holdout_A,next_open,smart_w_short,0.3,0.0,101.62998180817019,1.6299818081701778,1.7278917637901126,0.851665401086803,1.3755628571736864,0.9433355967823064,1.6299818081701778,365,190.37915581471017,0.5711374674441305,0.0,0.0
cmt_s24,holdout_A,next_open,smart_w_short,0.5,0.0,101.24929881046124,1.2492988104612301,1.861691889954813,0.6571082196096723,1.0533318037260764,0.6710556226849939,1.2492988104612301,365,190.02203682904462,0.9501101841452231,0.0,0.0
cmt_s25,holdout_A,close,buy_hold,0.0,0.0,195.06479093819885,95.06479093819887,28.144483404865166,1.7308366193998506,2.7821206729029364,3.3777415478077524,95.06479093819887,1,100.0,0.0,0.0,0.0
cmt_s25,holdout_A,close,buy_hold,0.1,0.0,194.86992101718167,94.86992101718165,28.144483404865184,1.7284492045195952,2.7779323374418468,3.3708176359983217,94.86992101718165,1,99.90009990009989,0.09990009990009989,0.0,0.0
cmt_s25,holdout_A,close,buy_hold,0.2,0.0,194.6754400580827,94.6754400580827,28.144483404865174,1.7260585786042204,2.773719185178654,3.363907544372149,94.6754400580827,1,99.8003992015968,0.1996007984031936,0.0,0.0
cmt_s25,holdout_A,close,buy_hold,0.3,0.0,194.4813468975063,94.48134689750631,28.144483404865177,1.7236648149855995,2.769481596377983,3.357011231592684,94.48134689750631,1,99.70089730807575,0.2991026919242273,0.0,0.0
cmt_s25,holdout_A,close,buy_hold,0.5,0.0,194.09431934149143,94.09431934149141,28.144483404865174,1.7188681660409224,2.7609346293611803,3.343259778050354,94.09431934149141,1,99.50248756218906,0.4975124378109453,0.0,0.0
cmt_s25,holdout_A,close,vanilla,0.0,0.0,100.0,0.0,-0.0,0.0,0.0,,0.0,0,0.0,0.0,0.0,0.0
cmt_s25,holdout_A,close,vanilla,0.1,0.0,100.0,0.0,-0.0,0.0,0.0,,0.0,0,0.0,0.0,0.0,0.0
cmt_s25,holdout_A,close,vanilla,0.2,0.0,100.0,0.0,-0.0,0.0,0.0,,0.0,0,0.0,0.0,0.0,0.0
cmt_s25,holdout_A,close,vanilla,0.3,0.0,100.0,0.0,-0.0,0.0,0.0,,0.0,0,0.0,0.0,0.0,0.0
cmt_s25,holdout_A,close,vanilla,0.5,0.0,100.0,0.0,-0.0,0.0,0.0,,0.0,0,0.0,0.0,0.0,0.0
cmt_s25,holdout_A,close,smart,0.0,0.0,102.2344481225106,2.2344481225105906,1.303629288546717,0.8608131296035731,1.39702215271519,1.7140211117851982,2.2344481225105906,235,1010.1581300670932,0.0,0.0,0.0
cmt_s25,holdout_A,close,smart,0.1,0.0,101.2177078028822,1.2177078028821953,1.4974523516564542,0.47753544542969784,0.7600976771935696,0.8131863438160082,1.2177078028821953,235,1005.1043889133498,1.0051043889133497,0.0,0.0
cmt_s25,holdout_A,close,smart,0.2,0.0,100.21107861032385,0.211078610323856,1.7212724822914793,0.09391773775207135,0.14660375255513033,0.12262939917731867,0.211078610323856,235,1000.0842493817454,2.000168498763491,0.0,0.0
cmt_s25,holdout_A,close,smart,0.3,0.0,99.21445995310015,-0.7855400468998575,1.9447453000109316,-0.2892497261814427,-0.44279741926445626,-0.4039295258332502,-0.7855400468998575,235,995.0974602201261,2.985292380660378,0.0,0.0
cmt_s25,holdout_A,close,smart,0.5,0.0,97.25085687572926,-2.7491431242707476,2.9436836803438524,-1.0511111589776654,-1.5478711783483252,-0.9339125472712542,-2.7491431242707476,235,985.2229380100355,4.926114690050177,0.0,0.0
cmt_s25,holdout_A,close,smart_w_short,0.0,0.0,93.288562567388,-6.711437432612,8.350819718986145,-0.9523922291604208,-1.1353336280206021,-0.8036860641779991,-6.711437432612,365,2028.1140452899958,0.0,0.0,0.0
cmt_s25,holdout_A,close,smart_w_short,0.1,0.0,91.37238151951732,-8.62761848048268,9.62727406914387,-1.244036250867923,-1.470545607602008,-0.8961642120623573,-8.62761848048268,365,2007.505744096919,2.0075057440969193,0.0,0.0
cmt_s25,holdout_A,close,smart_w_short,0.2,0.0,89.49555053400829,-10.504449465991716,10.887934671472237,-1.5338563443362454,-1.7980484768597844,-0.9647788844210003,-10.504449465991716,365,1987.1774957291564,3.9743549914583127,0.0,0.0
cmt_s25,holdout_A,close,smart_w_short,0.2,1.0,89.34831601371363,-10.651683986286375,11.026674230019994,-1.5561184981757976,-1.8220705682964742,-0.9659924437857508,-10.651683986286375,365,1986.1033032929647,3.972206606585929,0.15495863161074205,0.0
cmt_s25,holdout_A,close,smart_w_short,0.2,2.0,89.20132061268545,-10.798679387314547,11.165200817720896,-1.5783449206327325,-1.8460031835095698,-0.9671728761183925,-10.798679387314547,365,1985.0301531995665,3.9700603063991338,0.3096709338888216,0.0
cmt_s25,holdout_A,close,smart_w_short,0.2,5.0,88.76176529438446,-11.238234705615536,11.579505976723677,-1.644807300342364,-1.9172666028347345,-0.9705279938717472,-11.238234705615536,365,1981.8169457570184,3.963633891514037,0.7723337709447381,0.0
cmt_s25,holdout_A,close,smart_w_short,0.3,0.0,87.65726147874803,-12.342738521251972,12.342738521251974,-1.8217110699525136,-2.117867115129572,-0.9999999999999999,-12.342738521251972,365,1967.1250059336867,5.90137501780106,0.0,0.0
cmt_s25,holdout_A,close,smart_w_short,0.5,0.0,84.09315930184836,-15.906840698151637,15.906840698151639,-2.3909880280646263,-2.7345870871948796,-0.9999999999999999,-15.906840698151637,365,1927.8304758666795,9.639152379333396,0.0,0.0
cmt_s25,holdout_A,next_open,buy_hold,0.0,0.0,195.02122404525588,95.02122404525588,28.14366451148547,1.7328016936904065,2.7768525792497623,3.376291811838419,95.02122404525588,1,100.0,0.0,0.0,0.0
cmt_s25,holdout_A,next_open,buy_hold,0.1,0.0,194.82639764760825,94.82639764760825,28.14366451148545,1.7304090677505732,2.7726697317029823,3.3693692450359305,94.82639764760825,1,99.90009990009989,0.09990009990009989,0.0,0.0
cmt_s25,holdout_A,next_open,buy_hold,0.2,0.0,194.63196012500583,94.63196012500583,28.143664511485444,1.7280132044257026,2.7684622043990026,3.3624604957320496,94.63196012500583,1,99.8003992015968,0.1996007984031936,0.0,0.0
cmt_s25,holdout_A,next_open,buy_hold,0.3,0.0,194.4379103143129,94.43791031431287,28.14366451148546,1.7256141774918496,2.7642303759377356,3.355565522598262,94.43791031431287,1,99.70089730807575,0.2991026919242273,0.0,0.0
cmt_s25,holdout_A,next_open,buy_hold,0.5,0.0,194.05096919925958,94.0509691992596,28.143664511485454,1.7208069259677334,2.7556953290357864,3.341816740349407,94.0509691992596,1,99.50248756218906,0.4975124378109453,0.0,0.0
cmt_s25,holdout_A,next_open,vanilla,0.0,0.0,100.0,0.0,-0.0,0.0,0.0,,0.0,0,0.0,0.0,0.0,0.0
cmt_s25,holdout_A,next_open,vanilla,0.1,0.0,100.0,0.0,-0.0,0.0,0.0,,0.0,0,0.0,0.0,0.0,0.0
cmt_s25,holdout_A,next_open,vanilla,0.2,0.0,100.0,0.0,-0.0,0.0,0.0,,0.0,0,0.0,0.0,0.0,0.0
cmt_s25,holdout_A,next_open,vanilla,0.3,0.0,100.0,0.0,-0.0,0.0,0.0,,0.0,0,0.0,0.0,0.0,0.0
cmt_s25,holdout_A,next_open,vanilla,0.5,0.0,100.0,0.0,-0.0,0.0,0.0,,0.0,0,0.0,0.0,0.0,0.0
cmt_s25,holdout_A,next_open,smart,0.0,0.0,102.24661505107859,2.246615051078593,1.2697570311852084,0.8638881911003897,1.4043630901737887,1.7693267262175127,2.246615051078593,235,1010.1397040510963,0.0,0.0,0.0
cmt_s25,holdout_A,next_open,smart,0.1,0.0,101.22975197428153,1.2297519742815233,1.459334609031887,0.4813027952227703,0.7674118714905674,0.8426799218428271,1.2297519742815233,235,1005.0859096737945,1.0050859096737947,0.0,0.0
cmt_s25,holdout_A,next_open,smart,0.2,0.0,100.22300125595235,0.22300125595235976,1.6832871086739796,0.09835699034693114,0.15380308589925382,0.13247963155140566,0.22300125595235976,235,1000.0657182376447,2.0001314364752893,0.0,0.0
cmt_s25,holdout_A,next_open,smart,0.3,0.0,99.2262622920635,-0.773737707936506,1.9069782615413353,-0.2841629332379806,-0.4357880469797629,-0.40574018253942984,-0.773737707936506,235,995.0788784753406,2.9852366354260225,0.0,0.0
cmt_s25,holdout_A,next_open,smart,0.5,0.0,97.26242221011633,-2.7375777898836717,2.935594224805044,-1.0448167149490921,-1.541428443677109,-0.9325463876280371,-2.7375777898836717,235,985.204258915573,4.926021294577865,0.0,0.0
cmt_s25,holdout_A,next_open,smart_w_short,0.0,0.0,93.27941641878043,-6.720583581219575,8.36515335011432,-0.95245393745697,-1.137113527770707,-0.8034023167223504,-6.720583581219575,365,2027.8208685493387,0.0,0.0,0.0
cmt_s25,holdout_A,next_open,smart_w_short,0.1,0.0,91.36354180703451,-8.63645819296549,9.641284634519197,-1.2437370800462924,-1.4723602530479205,-0.8957787805624912,-8.63645819296549,365,2007.2171309823111,2.007217130982311,0.0,0.0
cmt_s25,holdout_A,next_open,smart_w_short,0.2,0.0,89.48700849497864,-10.512991505021363,10.901625653973102,-1.5332170537027803,-1.7998999099052422,-0.9643508077338813,-10.512991505021363,365,1986.8933650102676,3.9737867300205356,0.0,0.0
cmt_s25,holdout_A,next_open,smart_w_short,0.2,1.0,89.33978508957802,-10.660214910421983,11.040347011487334,-1.555450105143663,-1.823914017313874,-0.965568826716241,-10.660214910421983,365,1985.8192916529752,3.9716385833059507,0.1549500947737814,0.0
cmt_s25,holdout_A,next_open,smart_w_short,0.2,2.0,89.19280079001213,-10.807199209987871,11.178855421449349,-1.5776474579156425,-1.8478384180865912,-0.9667536436021559,-10.807199209987871,365,1984.746260579664,3.969492521159328,0.30965387514553305,0.0
cmt_s25,holdout_A,next_open,smart_w_short,0.2,5.0,88.75327869565042,-11.246721304349583,11.593106186719854,-1.6440228380910666,-1.9190758715886862,-0.9701214776444416,-11.246721304349583,365,1981.5334098447001,3.9630668196894008,0.7722912358873419,0.0
cmt_s25,holdout_A,next_open,smart_w_short,0.3,0.0,87.64900858187865,-12.35099141812135,12.350991418121353,-1.8207525055414426,-2.1197565995940044,-0.9999999999999997,-12.35099141812135,365,1966.845277911521,5.900535833734564,0.0,0.0
cmt_s25,holdout_A,next_open,smart_w_short,0.5,0.0,84.08545999195599,-15.914540008044009,15.914540008044014,-2.3894534513917876,-2.736555699737689,-0.9999999999999997,-15.914540008044009,365,1927.5593201182714,9.637796600591358,0.0,0.0
naive,holdout_A,close,buy_hold,0.0,0.0,195.06479093819885,95.06479093819887,28.144483404865166,1.7308366193998506,2.7821206729029364,3.3777415478077524,95.06479093819887,1,100.0,0.0,0.0,0.0
naive,holdout_A,close,buy_hold,0.1,0.0,194.86992101718167,94.86992101718165,28.144483404865184,1.7284492045195952,2.7779323374418468,3.3708176359983217,94.86992101718165,1,99.90009990009989,0.09990009990009989,0.0,0.0
naive,holdout_A,close,buy_hold,0.2,0.0,194.6754400580827,94.6754400580827,28.144483404865174,1.7260585786042204,2.773719185178654,3.363907544372149,94.6754400580827,1,99.8003992015968,0.1996007984031936,0.0,0.0
naive,holdout_A,close,buy_hold,0.3,0.0,194.4813468975063,94.48134689750631,28.144483404865177,1.7236648149855995,2.769481596377983,3.357011231592684,94.48134689750631,1,99.70089730807575,0.2991026919242273,0.0,0.0
naive,holdout_A,close,buy_hold,0.5,0.0,194.09431934149143,94.09431934149141,28.144483404865174,1.7188681660409224,2.7609346293611803,3.343259778050354,94.09431934149141,1,99.50248756218906,0.4975124378109453,0.0,0.0
naive,holdout_A,close,vanilla,0.0,0.0,100.0,0.0,-0.0,0.0,0.0,,0.0,0,0.0,0.0,0.0,0.0
naive,holdout_A,close,vanilla,0.1,0.0,100.0,0.0,-0.0,0.0,0.0,,0.0,0,0.0,0.0,0.0,0.0
naive,holdout_A,close,vanilla,0.2,0.0,100.0,0.0,-0.0,0.0,0.0,,0.0,0,0.0,0.0,0.0,0.0
naive,holdout_A,close,vanilla,0.3,0.0,100.0,0.0,-0.0,0.0,0.0,,0.0,0,0.0,0.0,0.0,0.0
naive,holdout_A,close,vanilla,0.5,0.0,100.0,0.0,-0.0,0.0,0.0,,0.0,0,0.0,0.0,0.0,0.0
naive,holdout_A,close,smart,0.0,0.0,100.0,0.0,-0.0,0.0,0.0,,0.0,0,0.0,0.0,0.0,0.0
naive,holdout_A,close,smart,0.1,0.0,100.0,0.0,-0.0,0.0,0.0,,0.0,0,0.0,0.0,0.0,0.0
naive,holdout_A,close,smart,0.2,0.0,100.0,0.0,-0.0,0.0,0.0,,0.0,0,0.0,0.0,0.0,0.0
naive,holdout_A,close,smart,0.3,0.0,100.0,0.0,-0.0,0.0,0.0,,0.0,0,0.0,0.0,0.0,0.0
naive,holdout_A,close,smart,0.5,0.0,100.0,0.0,-0.0,0.0,0.0,,0.0,0,0.0,0.0,0.0,0.0
naive,holdout_A,close,smart_w_short,0.0,0.0,100.0,0.0,-0.0,0.0,0.0,,0.0,0,0.0,0.0,0.0,0.0
naive,holdout_A,close,smart_w_short,0.1,0.0,100.0,0.0,-0.0,0.0,0.0,,0.0,0,0.0,0.0,0.0,0.0
naive,holdout_A,close,smart_w_short,0.2,0.0,100.0,0.0,-0.0,0.0,0.0,,0.0,0,0.0,0.0,0.0,0.0
naive,holdout_A,close,smart_w_short,0.2,1.0,100.0,0.0,-0.0,0.0,0.0,,0.0,0,0.0,0.0,0.0,0.0
naive,holdout_A,close,smart_w_short,0.2,2.0,100.0,0.0,-0.0,0.0,0.0,,0.0,0,0.0,0.0,0.0,0.0
naive,holdout_A,close,smart_w_short,0.2,5.0,100.0,0.0,-0.0,0.0,0.0,,0.0,0,0.0,0.0,0.0,0.0
naive,holdout_A,close,smart_w_short,0.3,0.0,100.0,0.0,-0.0,0.0,0.0,,0.0,0,0.0,0.0,0.0,0.0
naive,holdout_A,close,smart_w_short,0.5,0.0,100.0,0.0,-0.0,0.0,0.0,,0.0,0,0.0,0.0,0.0,0.0
naive,holdout_A,next_open,buy_hold,0.0,0.0,195.02122404525588,95.02122404525588,28.14366451148547,1.7328016936904065,2.7768525792497623,3.376291811838419,95.02122404525588,1,100.0,0.0,0.0,0.0
naive,holdout_A,next_open,buy_hold,0.1,0.0,194.82639764760825,94.82639764760825,28.14366451148545,1.7304090677505732,2.7726697317029823,3.3693692450359305,94.82639764760825,1,99.90009990009989,0.09990009990009989,0.0,0.0
naive,holdout_A,next_open,buy_hold,0.2,0.0,194.63196012500583,94.63196012500583,28.143664511485444,1.7280132044257026,2.7684622043990026,3.3624604957320496,94.63196012500583,1,99.8003992015968,0.1996007984031936,0.0,0.0
naive,holdout_A,next_open,buy_hold,0.3,0.0,194.4379103143129,94.43791031431287,28.14366451148546,1.7256141774918496,2.7642303759377356,3.355565522598262,94.43791031431287,1,99.70089730807575,0.2991026919242273,0.0,0.0
naive,holdout_A,next_open,buy_hold,0.5,0.0,194.05096919925958,94.0509691992596,28.143664511485454,1.7208069259677334,2.7556953290357864,3.341816740349407,94.0509691992596,1,99.50248756218906,0.4975124378109453,0.0,0.0
naive,holdout_A,next_open,vanilla,0.0,0.0,100.0,0.0,-0.0,0.0,0.0,,0.0,0,0.0,0.0,0.0,0.0
naive,holdout_A,next_open,vanilla,0.1,0.0,100.0,0.0,-0.0,0.0,0.0,,0.0,0,0.0,0.0,0.0,0.0
naive,holdout_A,next_open,vanilla,0.2,0.0,100.0,0.0,-0.0,0.0,0.0,,0.0,0,0.0,0.0,0.0,0.0
naive,holdout_A,next_open,vanilla,0.3,0.0,100.0,0.0,-0.0,0.0,0.0,,0.0,0,0.0,0.0,0.0,0.0
naive,holdout_A,next_open,vanilla,0.5,0.0,100.0,0.0,-0.0,0.0,0.0,,0.0,0,0.0,0.0,0.0,0.0
naive,holdout_A,next_open,smart,0.0,0.0,100.0,0.0,-0.0,0.0,0.0,,0.0,0,0.0,0.0,0.0,0.0
naive,holdout_A,next_open,smart,0.1,0.0,100.0,0.0,-0.0,0.0,0.0,,0.0,0,0.0,0.0,0.0,0.0
naive,holdout_A,next_open,smart,0.2,0.0,100.0,0.0,-0.0,0.0,0.0,,0.0,0,0.0,0.0,0.0,0.0
naive,holdout_A,next_open,smart,0.3,0.0,100.0,0.0,-0.0,0.0,0.0,,0.0,0,0.0,0.0,0.0,0.0
naive,holdout_A,next_open,smart,0.5,0.0,100.0,0.0,-0.0,0.0,0.0,,0.0,0,0.0,0.0,0.0,0.0
naive,holdout_A,next_open,smart_w_short,0.0,0.0,100.0,0.0,-0.0,0.0,0.0,,0.0,0,0.0,0.0,0.0,0.0
naive,holdout_A,next_open,smart_w_short,0.1,0.0,100.0,0.0,-0.0,0.0,0.0,,0.0,0,0.0,0.0,0.0,0.0
naive,holdout_A,next_open,smart_w_short,0.2,0.0,100.0,0.0,-0.0,0.0,0.0,,0.0,0,0.0,0.0,0.0,0.0
naive,holdout_A,next_open,smart_w_short,0.2,1.0,100.0,0.0,-0.0,0.0,0.0,,0.0,0,0.0,0.0,0.0,0.0
naive,holdout_A,next_open,smart_w_short,0.2,2.0,100.0,0.0,-0.0,0.0,0.0,,0.0,0,0.0,0.0,0.0,0.0
naive,holdout_A,next_open,smart_w_short,0.2,5.0,100.0,0.0,-0.0,0.0,0.0,,0.0,0,0.0,0.0,0.0,0.0
naive,holdout_A,next_open,smart_w_short,0.3,0.0,100.0,0.0,-0.0,0.0,0.0,,0.0,0,0.0,0.0,0.0,0.0
naive,holdout_A,next_open,smart_w_short,0.5,0.0,100.0,0.0,-0.0,0.0,0.0,,0.0,0,0.0,0.0,0.0,0.0
cmv_official,holdout_B,close,buy_hold,0.0,0.0,54.36648102838577,-45.63351897161423,53.05998300134692,-1.3292346043475185,-1.7630432533531366,-0.9441892128719765,-50.0986635850422,1,100.0,0.0,0.0,0.0
cmv_official,holdout_B,close,buy_hold,0.1,0.0,54.31216885952624,-45.68783114047377,53.05998300134692,-1.3319175683230888,-1.7664667530919342,-0.9452607898219471,-50.155521439792274,1,99.90009990009989,0.09990009990009989,0.0,0.0
cmv_official,holdout_B,close,buy_hold,0.2,0.0,54.257965098189395,-45.742034901810605,53.05998300134692,-1.3345878441353296,-1.7698834194979178,-0.9463300776667555,-50.21225783466136,1,99.8003992015968,0.1996007984031936,0.0,0.0
cmv_official,holdout_B,close,buy_hold,0.3,0.0,54.203869420125386,-45.796130579874614,53.05998300134691,-1.3372454421764794,-1.773293273009774,-0.9473970835736186,-50.26887314994184,1,99.70089730807575,0.2991026919242273,0.0,0.0
cmv_official,holdout_B,close,buy_hold,0.5,0.0,54.09600102326943,-45.90399897673056,53.05998300134691,-1.3425226496380538,-1.7800926226990843,-0.9495242780947328,-50.38174205507272,1,99.50248756218906,0.4975124378109453,0.0,0.0
cmv_official,holdout_B,close,vanilla,0.0,0.0,94.98948949742159,-5.010510502578414,21.317365598836695,-0.09389462815562868,-0.14373734230643206,-0.2671382241652788,-5.69468318995524,42,3844.935335041609,0.0,0.0,0.0
cmv_official,holdout_B,close,vanilla,0.1,0.0,91.08254967592845,-8.917450324071552,22.100271151847565,-0.27724803149930793,-0.4204834631968275,-0.4572790281559526,-10.10599051429989,42,3763.4726483042987,3.7634726483042984,0.0,0.0
cmv_official,holdout_B,close,vanilla,0.2,0.0,87.33629586275985,-12.66370413724015,22.8753882043605,-0.4608719404455421,-0.6921515590337481,-0.6256050731017043,-14.310958909818815,42,3684.287136953257,7.368574273906514,0.0,0.0
cmv_official,holdout_B,close,vanilla,0.3,0.0,83.74411257385268,-16.255887426147318,23.64279574974662,-0.6444312653075093,-0.9579610854677963,-0.7748342250743593,-18.31924732334628,42,3607.3076394530462,10.821922918359137,0.0,0.0
cmv_official,holdout_B,close,vanilla,0.5,0.0,76.9968489727356,-23.00315102726439,25.328818646802876,-1.0100147095910095,-1.4693452874333384,-1.0178989133564496,-25.782176977183223,42,3459.693806453556,17.298469032267782,0.0,0.0
cmv_official,holdout_B,close,smart,0.0,0.0,98.11370764350119,-1.8862923564988088,10.474493461809073,-0.04247790259772149,-0.08677255114927376,-0.2051347942298844,-2.1486830609504737,232,7049.128884420668,0.0,0.0,0.0
cmv_official,holdout_B,close,smart,0.1,0.0,91.40910395091821,-8.590896049081787,12.62191345645437,-0.5099644147764792,-1.0086462498842195,-0.7715377273590176,-9.738282423115008,232,6803.322189712712,6.803322189712713,0.0,0.0
cmv_official,holdout_B,close,smart,0.2,0.0,85.1626783087933,-14.837321691206695,15.716835066087848,-0.9791428772122495,-1.8727865087631765,-1.0650485309689979,-16.739192098618894,232,6568.816533344887,13.137633066689773,0.0,0.0
cmv_official,holdout_B,close,smart,0.3,0.0,79.34311444792093,-20.656885552079075,21.08629573048741,-1.4489815643109205,-2.6778493415017564,-1.100102191002851,-23.197080133243265,232,6345.030744035683,19.035092232107054,0.0,0.0
cmv_official,holdout_B,close,smart,0.5,0.0,68.8698660451581,-31.1301339548419,31.13013395484189,-2.3864620556563754,-4.11309512610364,-1.113037957423654,-34.649020711421954,232,5927.451311807585,29.637256559037926,0.0,0.0
cmv_official,holdout_B,close,smart_w_short,0.0,0.0,106.96166603779704,6.961666037797043,14.703226696453358,0.4608250428051463,0.8695376215421354,0.5426542311539643,7.978768178446338,320,17752.25040824257,0.0,0.0,0.0
cmv_official,holdout_B,close,smart_w_short,0.1,0.0,90.51530416474714,-9.484695835252865,20.712708383077075,-0.4249010234987875,-0.7595114301665449,-0.5187289697102706,-10.744281879462857,320,16307.00779170541,16.30700779170541,0.0,0.0
cmv_official,holdout_B,close,smart_w_short,0.2,0.0,76.597760784472,-23.402239215528,26.86234791424767,-1.3120584644435827,-2.224093253218515,-0.9761170955891125,-26.22079702675969,320,15013.399904115406,30.026799808230816,0.0,0.0
cmv_official,holdout_B,close,smart_w_short,0.2,1.0,76.12944106395865,-23.870558936041352,27.08920603179849,-1.3447704932575744,-2.2751688520440814,-0.9869280240901032,-26.735096583132588,320,14968.659930245698,29.937319860491396,0.5497239986087915,0.0
cmv_official,holdout_B,close,smart_w_short,0.2,2.0,75.66395943707461,-24.336040562925387,27.315372580607256,-1.3774815257031043,-2.326038214573072,-0.9974544056784374,-27.245838723274694,320,14924.093779413335,29.848187558826673,1.096204422343992,0.0
cmv_official,holdout_B,close,smart_w_short,0.2,5.0,74.28437315384997,-25.71562684615003,27.98974350034536,-1.475603394504713,-2.4774068968002676,-1.027410771964043,-28.75696397676538,320,14791.430720160788,29.58286144032158,2.716374828879106,0.0
cmv_official,holdout_B,close,smart_w_short,0.3,0.0,64.82018636050043,-35.17981363949957,35.81547163592846,-2.197164193411378,-3.5362758938209082,-1.0892983883012546,-39.01373552926617,320,13853.774298180138,41.56132289454041,0.0,0.0
cmv_official,holdout_B,close,smart_w_short,0.5,0.0,46.41932989351908,-53.58067010648092,53.68520991645234,-3.9475432849538974,-5.749687597409751,-1.0865102414131222,-58.32953038663877,320,11876.47775389007,59.38238876945036,0.0,0.0
cmv_official,holdout_B,next_open,buy_hold,0.0,0.0,54.37654257667572,-45.62345742332429,53.05695758004633,-1.3289049816694223,-1.762422409170783,-0.9440445107581981,-50.08812956097331,1,100.0,0.0,0.0,0.0
cmv_official,holdout_B,next_open,buy_hold,0.1,0.0,54.32222035631939,-45.67777964368061,53.05695758004633,-1.3315898162963764,-1.7658463757365432,-0.9451163750313937,-50.144999418247814,1,99.90009990009989,0.09990009990009989,0.0,0.0
cmv_official,holdout_B,next_open,buy_hold,0.2,0.0,54.268006563548624,-45.731993436451376,53.05695758004633,-1.3342619627666088,-1.7692635080376977,-0.9461859495856474,-50.20174779000155,1,99.8003992015968,0.1996007984031936,0.0,0.0
cmv_official,holdout_B,next_open,buy_hold,0.3,0.0,54.21390087405354,-45.78609912594646,53.05695758004633,-1.3369214313648294,-1.7726738265157227,-0.9472532415900962,-50.25837505660711,1,99.70089730807575,0.2991026919242273,0.0,0.0
cmv_official,holdout_B,next_open,buy_hold,0.5,0.0,54.106012514105196,-45.893987485894804,53.05695758004633,-1.3422023792122222,-1.779474103361452,-0.9493810064784538,-50.371267788029016,1,99.50248756218906,0.4975124378109453,0.0,0.0
cmv_official,holdout_B,next_open,vanilla,0.0,0.0,95.11336157373307,-4.886638426266932,21.21591602537709,-0.08852540628016267,-0.13563585656415644,-0.26180328051629137,-5.5543964146018805,42,3848.1949937570425,0.0,0.0,0.0
cmv_official,holdout_B,next_open,vanilla,0.1,0.0,91.20132686489745,-8.798673135102542,21.999831018844827,-0.272029959377818,-0.41292801259431083,-0.45328829600236104,-9.972265914872057,42,3766.6485306258537,3.766648530625854,0.0,0.0
cmv_official,holdout_B,next_open,vanilla,0.2,0.0,87.45018770872204,-12.549812291277963,22.775947469699656,-0.45581695679075873,-0.6851538332216566,-0.6227398249563169,-14.183489540495032,42,3687.381693450864,7.374763386901729,0.0,0.0
cmv_official,holdout_B,next_open,vanilla,0.3,0.0,83.85331999415025,-16.146680005849745,23.544344473163026,-0.6395504714521797,-0.951525730594794,-0.7729134539086753,-18.197740606768065,42,3610.323242404461,10.830969727213382,0.0,0.0
cmv_official,holdout_B,next_open,vanilla,0.5,0.0,77.09725755059152,-22.902742449408475,25.245599505296116,-1.0055117192375964,-1.464026925585352,-1.0168810594426785,-25.671771971211076,42,3462.5583191334154,17.312791595667075,0.0,0.0
cmv_official,holdout_B,next_open,smart,0.0,0.0,98.18739681276986,-1.812603187230133,10.477247026753691,-0.03766534491118301,-0.07704484712683468,-0.19707960546167014,-2.064851710357074,232,7053.326240134675,0.0,0.0,0.0
cmv_official,holdout_B,next_open,smart,0.1,0.0,91.4777371973203,-8.522262802679704,12.624607051129743,-0.5054371454816523,-1.0009720417149313,-0.7652496552535459,-9.660976193588521,232,6807.350201857123,6.807350201857123,0.0,0.0
cmv_official,holdout_B,next_open,smart,0.2,0.0,85.22660249975091,-14.773397500249086,15.651936687461113,-0.9749148708394613,-1.86697410162153,-1.0649099507371462,-16.667903126785145,232,6572.6830881500155,13.14536617630003,0.0,0.0
cmv_official,holdout_B,next_open,smart,0.3,0.0,79.40265265228564,-20.597347347714358,21.025610253363936,-1.445064935018555,-2.6736928425324327,-1.1001507117674287,-23.131340085582885,232,6348.7433211407915,19.046229963422377,0.0,0.0
cmv_official,holdout_B,next_open,smart,0.5,0.0,68.92151434214503,-31.07848565785497,31.07848565785497,-2.383196311863734,-4.111645989213521,-1.1130888700632358,-34.59311648417827,232,5930.876856778479,29.654384283892398,0.0,0.0
cmv_official,holdout_B,next_open,smart_w_short,0.0,0.0,107.07383232922885,7.073832329228846,14.737018434725277,0.46645806764287195,0.8810929900994187,0.5501746498862599,8.107933957692337,320,17771.926743989658,0.0,0.0,0.0
cmv_official,holdout_B,next_open,smart_w_short,0.1,0.0,90.61024255778935,-9.389757442210655,20.701796898231184,-0.41952460910050876,-0.7506132949523414,-0.5138438888131954,-10.637491823608059,320,16324.948010259275,16.324948010259277,0.0,0.0
cmv_official,holdout_B,next_open,smart_w_short,0.2,0.0,76.6781173427172,-23.3218826572828,26.851785817176932,-1.3069360438352384,-2.2171626354645118,-0.9732129801316017,-26.13250649699024,320,15029.781216867952,30.059562433735906,0.0,0.0
cmv_official,holdout_B,next_open,smart_w_short,0.2,1.0,76.20930877841084,-23.790691221589157,27.078677134088547,-1.3396565084442567,-2.2682936201595556,-0.9840738777108428,-26.647418810622447,320,14984.988097972106,29.969976195944213,0.5502975745117379,0.0
cmv_official,holdout_B,next_open,smart_w_short,0.2,2.0,75.74334125490387,-24.256658745096125,27.30487677961285,-1.3723759769907886,-2.3192174711871556,-0.9946490404587474,-27.158769488686254,320,14940.369001985448,29.880738003970894,1.0973477822347686,0.0
cmv_official,holdout_B,next_open,smart_w_short,0.2,5.0,74.3623147892711,-25.6376852107289,27.979346376741848,-1.4705231515919441,-2.47074460417055,-1.0247450008705146,-28.67169532719075,320,14807.548298150303,29.615096596300607,2.7192050065167583,0.0
cmv_official,holdout_B,next_open,smart_w_short,0.3,0.0,64.88820072621832,-35.111799273781685,35.74906936242881,-2.192290350653002,-3.5307578016479226,-1.089279819463798,-38.940739821105254,320,13868.753904501627,41.606261713504885,0.0,0.0
cmv_official,holdout_B,next_open,smart_w_short,0.5,0.0,46.46805566026568,-53.531944339734316,53.63725340325583,-3.943140314342065,-5.746095266833188,-1.0865514355533372,-58.279634684445746,320,11889.057284795634,59.445286423978175,0.0,0.0
cmv_thesis,holdout_B,close,buy_hold,0.0,0.0,54.36648102838577,-45.63351897161423,53.05998300134692,-1.3292346043475185,-1.7630432533531366,-0.9441892128719765,-50.0986635850422,1,100.0,0.0,0.0,0.0
cmv_thesis,holdout_B,close,buy_hold,0.1,0.0,54.31216885952624,-45.68783114047377,53.05998300134692,-1.3319175683230888,-1.7664667530919342,-0.9452607898219471,-50.155521439792274,1,99.90009990009989,0.09990009990009989,0.0,0.0
cmv_thesis,holdout_B,close,buy_hold,0.2,0.0,54.257965098189395,-45.742034901810605,53.05998300134692,-1.3345878441353296,-1.7698834194979178,-0.9463300776667555,-50.21225783466136,1,99.8003992015968,0.1996007984031936,0.0,0.0
cmv_thesis,holdout_B,close,buy_hold,0.3,0.0,54.203869420125386,-45.796130579874614,53.05998300134691,-1.3372454421764794,-1.773293273009774,-0.9473970835736186,-50.26887314994184,1,99.70089730807575,0.2991026919242273,0.0,0.0
cmv_thesis,holdout_B,close,buy_hold,0.5,0.0,54.09600102326943,-45.90399897673056,53.05998300134691,-1.3425226496380538,-1.7800926226990843,-0.9495242780947328,-50.38174205507272,1,99.50248756218906,0.4975124378109453,0.0,0.0
cmv_thesis,holdout_B,close,vanilla,0.0,0.0,115.60390871269557,15.603908712695569,7.757590997665948,0.8958880558359232,1.8003683637083032,2.318417492746667,17.985334670562803,30,3273.3596780276603,0.0,0.0,0.0
cmv_thesis,holdout_B,close,vanilla,0.1,0.0,112.18729574911119,12.187295749111193,8.283758725726718,0.7319148374510457,1.4429111981464882,1.6920238533530338,14.01631735935094,30,3223.037720730368,3.2230377207303684,0.0,0.0
cmv_thesis,holdout_B,close,vanilla,0.2,0.0,108.87165245957435,8.871652459574353,8.83240985421702,0.5673608999672688,1.0963288461133278,1.1526650261445437,10.180809935530387,30,3173.7281353495105,6.347456270699021,0.0,0.0
cmv_thesis,holdout_B,close,vanilla,0.3,0.0,105.65398878504578,5.653988785045794,9.377781099252555,0.4025821238704235,0.7620076282623655,0.6903887272398908,6.474314357447275,30,3125.408114936109,9.376224344808326,0.0,0.0
cmv_thesis,holdout_B,close,vanilla,0.5,0.0,99.5010819566354,-0.49891804336459344,10.45876649778279,0.073771064426615,0.1338114873244156,-0.05439250160704926,-0.5688784735384034,30,3031.6482740172846,15.158241370086424,0.0,0.0
cmv_thesis,holdout_B,close,smart,0.0,0.0,97.38809198900768,-2.6119080109923254,10.728166792847688,-0.10840651039738623,-0.23375990826544324,-0.27718573761811877,-2.9736948257656937,202,4981.596313542555,0.0,0.0,0.0
cmv_thesis,holdout_B,close,smart,0.1,0.0,92.55347708061333,-7.446522919386666,12.438116164756535,-0.46713025657290363,-0.9758985770998514,-0.6792214820564711,-8.448235695416484,202,4855.987631116811,4.855987631116811,0.0,0.0
cmv_thesis,holdout_B,close,smart,0.2,0.0,87.95888096625407,-12.041119033745929,14.1153201937778,-0.8271446533666671,-1.6729069877046356,-0.9644746268463016,-13.613868176709909,202,4734.569655645318,9.469139311290634,0.0,0.0
cmv_thesis,holdout_B,close,smart,0.3,0.0,83.59238443419758,-16.407615565802413,16.890112343025184,-1.187767025518341,-2.3246497470766467,-1.0946064904157686,-18.48802659452685,202,4617.1858166578895,13.851557449973667,0.0,0.0
cmv_thesis,holdout_B,close,smart,0.5,0.0,75.49894477122419,-24.501055228775815,24.614261070324265,-1.9080648003883043,-3.4961796699982393,-1.1142643032917279,-27.426792462565565,202,4393.925156712198,21.969625783560993,0.0,0.0
cmv_thesis,holdout_B,close,smart_w_short,0.0,0.0,107.16366687769795,7.163666877697938,13.565856796482148,0.47098148119695593,0.8885223500785364,0.6052988269836581,8.21139720593893,320,16271.132396186104,0.0,0.0,0.0
cmv_thesis,holdout_B,close,smart_w_short,0.1,0.0,91.83783047721187,-8.162169522788131,19.41373175501962,-0.3481057588944157,-0.6242506345216826,-0.4767370617194109,-9.255245433896874,320,15043.16913652829,15.043169136528288,0.0,0.0
cmv_thesis,holdout_B,close,smart_w_short,0.2,0.0,78.70383015917577,-21.29616984082423,25.205969389918547,-1.1683603098541036,-1.993476638916058,-0.9482879854124878,-23.902517933134693,320,13934.932415894476,27.869864831788952,0.0,0.0
cmv_thesis,holdout_B,close,smart_w_short,0.2,1.0,78.12031308701154,-21.87968691298846,25.476670352277285,-1.208084794975287,-2.056394182410108,-0.9634585083837989,-24.545714816190824,320,13884.209410558786,27.768418821117574,0.6677494554509675,0.0
cmv_thesis,holdout_B,close,smart_w_short,0.2,2.0,77.54109059112724,-22.458909408872753,25.74640616126529,-1.247813264531489,-2.119012871604506,-0.9781369065200505,-25.1835100765888,320,13833.724534059143,27.667449068118287,1.3307085273008203,0.0
cmv_thesis,holdout_B,close,smart_w_short,0.2,5.0,75.82887794794938,-24.17112205205062,26.549856503974866,-1.3670156429761198,-2.305079053748585,-1.019400423741882,-27.064934970438138,320,13683.686183974423,27.367372367948846,3.291186416552652,0.0
cmv_thesis,holdout_B,close,smart_w_short,0.3,0.0,67.44818482746547,-32.55181517253454,33.793084072254544,-1.986870556402836,-3.2289050118673432,-1.0707967208801996,-36.18552361299907,320,12933.46064879493,38.80038194638479,0.0,0.0
cmv_thesis,holdout_B,close,smart_w_short,0.5,0.0,49.535810768311336,-50.46418923168867,50.99100784450066,-3.6072134136019858,-5.334698509609544,-1.081046950530698,-55.123673534784345,320,11206.231007289056,56.031155036445284,0.0,0.0
cmv_thesis,holdout_B,next_open,buy_hold,0.0,0.0,54.37654257667572,-45.62345742332429,53.05695758004633,-1.3289049816694223,-1.762422409170783,-0.9440445107581981,-50.08812956097331,1,100.0,0.0,0.0,0.0
cmv_thesis,holdout_B,next_open,buy_hold,0.1,0.0,54.32222035631939,-45.67777964368061,53.05695758004633,-1.3315898162963764,-1.7658463757365432,-0.9451163750313937,-50.144999418247814,1,99.90009990009989,0.09990009990009989,0.0,0.0
cmv_thesis,holdout_B,next_open,buy_hold,0.2,0.0,54.268006563548624,-45.731993436451376,53.05695758004633,-1.3342619627666088,-1.7692635080376977,-0.9461859495856474,-50.20174779000155,1,99.8003992015968,0.1996007984031936,0.0,0.0
cmv_thesis,holdout_B,next_open,buy_hold,0.3,0.0,54.21390087405354,-45.78609912594646,53.05695758004633,-1.3369214313648294,-1.7726738265157227,-0.9472532415900962,-50.25837505660711,1,99.70089730807575,0.2991026919242273,0.0,0.0
cmv_thesis,holdout_B,next_open,buy_hold,0.5,0.0,54.106012514105196,-45.893987485894804,53.05695758004633,-1.3422023792122222,-1.779474103361452,-0.9493810064784538,-50.371267788029016,1,99.50248756218906,0.4975124378109453,0.0,0.0
cmv_thesis,holdout_B,next_open,vanilla,0.0,0.0,115.75065259048245,15.75065259048245,7.739348903039575,0.9035713848383731,1.8191952855523104,2.34595673051403,18.156177648882064,30,3276.6364597778047,0.0,0.0,0.0
cmv_thesis,holdout_B,next_open,vanilla,0.1,0.0,112.3297026884611,12.329702688461097,8.291255617726556,0.7394538050624578,1.4604741376666865,1.7104059803794585,14.181413193414283,30,3226.2597997925423,3.226259799792542,0.0,0.0
cmv_thesis,holdout_B,next_open,vanilla,0.2,0.0,109.00985062813882,9.009850628138816,8.839861899435112,0.5747372991554218,1.1126107880980654,1.169741345004176,10.340351947896398,30,3176.896617917063,6.353793235834126,0.0,0.0
cmv_thesis,holdout_B,next_open,vanilla,0.3,0.0,105.78810255499202,5.788102554992025,9.385188565786716,0.40977883680314675,0.7770167297315378,0.7062713030259465,6.628489357502398,30,3128.5240822599053,9.385572246779716,0.0,0.0
cmv_thesis,holdout_B,next_open,vanilla,0.5,0.0,99.62738542485646,-0.37261457514354834,10.466085604494642,0.08056229327243893,0.14637653476344076,-0.04059798911618972,-0.42490202946038336,30,3034.6623578277786,15.173311789138891,0.0,0.0
cmv_thesis,holdout_B,next_open,smart,0.0,0.0,97.47772049891358,-2.5222795010864107,10.633214677003844,-0.10218910550653292,-0.2208128461474993,-0.2700815875612871,-2.871835500845177,202,4985.415398334644,0.0,0.0,0.0
cmv_thesis,holdout_B,next_open,smart,0.1,0.0,92.63862627646398,-7.361373723536024,12.344998687949541,-0.461237089770069,-0.9655314469350713,-0.6765620284212942,-8.352157353177358,202,4859.696007918495,4.859696007918495,0.0,0.0
cmv_thesis,holdout_B,next_open,smart,0.2,0.0,88.03977467904089,-11.960225320959106,14.024001949767678,-0.8215968303204279,-1.6649108936926948,-0.9642927032448272,-13.523242750452201,202,4738.171076540044,9.476342153080086,0.0,0.0
cmv_thesis,holdout_B,next_open,smart,0.3,0.0,83.6692353091326,-16.330764690867394,16.813681692522632,-1.182583897689698,-2.3187964631148663,-1.0944982171638595,-18.402544636426644,202,4620.683892895409,13.86205167868623,0.0,0.0
cmv_thesis,holdout_B,next_open,smart,0.5,0.0,75.5683059308542,-24.431694069145806,24.543506044455256,-1.9036610109824987,-3.4939197573282534,-1.1143778031809681,-27.35073834817886,202,4397.226842014662,21.98613421007331,0.0,0.0
cmv_thesis,holdout_B,next_open,smart_w_short,0.0,0.0,107.33392505325446,7.333925053254453,13.604982533968494,0.4794742267944196,0.9058784993589296,0.6179734885595695,8.407518518308521,320,16296.421459155801,0.0,0.0,0.0
cmv_thesis,holdout_B,next_open,smart_w_short,0.1,0.0,91.98381192558277,-8.01618807441723,19.401648065234205,-0.33982550121278937,-0.6102430533751707,-0.4685529175976561,-9.090698807168407,320,15066.328932847566,15.066328932847565,0.0,0.0
cmv_thesis,holdout_B,next_open,smart_w_short,0.2,0.0,78.82899651829865,-21.171003481701344,25.19476441138207,-1.1603076749981889,-1.9821567016955628,-0.9432301935672217,-23.76446251262846,320,13956.168760589766,27.91233752117953,0.0,0.0
cmv_thesis,holdout_B,next_open,smart_w_short,0.2,1.0,78.24455929998092,-21.75544070001908,25.46550656586664,-1.2000418770569794,-2.045181422595921,-0.9585050887070051,-24.408817629884826,320,13905.359211936895,27.81071842387379,0.6687131813141188,0.0
cmv_thesis,holdout_B,next_open,smart_w_short,0.2,2.0,77.66442337218372,-22.335576627816277,25.735283417809534,-1.2397801086596243,-2.107905778667168,-0.9732848503599509,-25.047761470273677,320,13854.788194287241,27.709576388574487,1.3326279321627599,0.0
cmv_thesis,holdout_B,next_open,smart_w_short,0.2,5.0,75.94951023416519,-24.050489765834815,26.538855999670925,-1.3590120387078921,-2.2942800087839834,-1.0148355669651279,-26.93257497503193,320,13704.493813218356,27.408987626436712,3.295925151177989,0.0
cmv_thesis,holdout_B,next_open,smart_w_short,0.3,0.0,67.55550411301633,-32.444495886983674,33.688435829958266,-1.9790584169788272,-3.2197013395985232,-1.0706847467221536,-36.06969438406439,320,12952.95751442958,38.85887254328874,0.0,0.0
cmv_thesis,holdout_B,next_open,smart_w_short,0.5,0.0,49.614707399565745,-50.38529260043425,50.91326872024495,-3.5999110957666782,-5.328662133076441,-1.081096130444124,-55.042137801718674,320,11222.725510030174,56.113627550150866,0.0,0.0
cmv_s23,holdout_B,close,buy_hold,0.0,0.0,54.36648102838577,-45.63351897161423,53.05998300134692,-1.3292346043475185,-1.7630432533531366,-0.9441892128719765,-50.0986635850422,1,100.0,0.0,0.0,0.0
cmv_s23,holdout_B,close,buy_hold,0.1,0.0,54.31216885952624,-45.68783114047377,53.05998300134692,-1.3319175683230888,-1.7664667530919342,-0.9452607898219471,-50.155521439792274,1,99.90009990009989,0.09990009990009989,0.0,0.0
cmv_s23,holdout_B,close,buy_hold,0.2,0.0,54.257965098189395,-45.742034901810605,53.05998300134692,-1.3345878441353296,-1.7698834194979178,-0.9463300776667555,-50.21225783466136,1,99.8003992015968,0.1996007984031936,0.0,0.0
cmv_s23,holdout_B,close,buy_hold,0.3,0.0,54.203869420125386,-45.796130579874614,53.05998300134691,-1.3372454421764794,-1.773293273009774,-0.9473970835736186,-50.26887314994184,1,99.70089730807575,0.2991026919242273,0.0,0.0
cmv_s23,holdout_B,close,buy_hold,0.5,0.0,54.09600102326943,-45.90399897673056,53.05998300134691,-1.3425226496380538,-1.7800926226990843,-0.9495242780947328,-50.38174205507272,1,99.50248756218906,0.4975124378109453,0.0,0.0
cmv_s23,holdout_B,close,vanilla,0.0,0.0,88.89268307680902,-11.107316923190979,26.66478836559146,-0.3257867704948971,-0.46883688217933994,-0.4712963151519929,-12.567016501010986,47,4198.3295043148555,0.0,0.0,0.0
cmv_s23,holdout_B,close,vanilla,0.1,0.0,84.81142973859134,-15.188570261408652,27.24912977133905,-0.5151735688968071,-0.7360250848520306,-0.6286723347549893,-17.130774033389407,47,4100.762948845184,4.100762948845183,0.0,0.0
cmv_s23,holdout_B,close,vanilla,0.2,0.0,80.91762878788931,-19.082371212110683,27.828816248197985,-0.7052553636397221,-0.9999603002750868,-0.7710078219007394,-21.456235001599033,47,4006.2208800446215,8.012441760089244,0.0,0.0
cmv_s23,holdout_B,close,vanilla,0.3,0.0,77.20265989632662,-22.79734010367338,29.740735567240673,-0.8957145184604695,-1.2599718293024553,-0.8592879021881847,-25.55585427510777,47,3914.5982676478134,11.743794802943441,0.0,0.0
cmv_s23,holdout_B,close,vanilla,0.5,0.0,70.27670482441911,-29.723295175580887,35.01328246449437,-1.2764678821971405,-1.7657797609086225,-0.9460455855586503,-33.124161311452994,47,3739.710585136817,18.698552925684083,0.0,0.0
cmv_s23,holdout_B,close,smart,0.0,0.0,96.37172909546909,-3.628270904530906,11.070480328409252,-0.14272668378610823,-0.2685278812785407,-0.37286792632993615,-4.127827043530308,245,7981.043667274573,0.0,0.0,0.0
cmv_s23,holdout_B,close,smart,0.1,0.0,88.89558444374902,-11.104415556250979,13.597001314283752,-0.6479724028346251,-1.1837418312910717,-0.9240097264388649,-12.563761464800216,245,7665.608320674564,7.665608320674565,0.0,0.0
cmv_s23,holdout_B,close,smart,0.2,0.0,81.99943101469682,-18.00056898530318,18.860615267166896,-1.1541209597824384,-2.0448223421328127,-1.0740573418620862,-20.257382299736758,245,7366.619182658838,14.733238365317678,0.0,0.0
cmv_s23,holdout_B,close,smart,0.3,0.0,75.63826719586915,-24.361732804130853,24.791306915101462,-1.660052179388406,-2.850039095541325,-1.1001443518112821,-27.274016276668856,245,7083.116827059856,21.24935048117957,0.0,0.0
cmv_s23,holdout_B,close,smart,0.5,0.0,64.35809362246357,-35.64190637753642,35.64190637753643,-2.666786186440474,-4.29351547554376,-1.108509339166599,-39.509386085200696,245,6559.0287815923875,32.795143907961936,0.0,0.0
cmv_s23,holdout_B,close,smart_w_short,0.0,0.0,103.97889049372428,3.9788904937242853,14.613116673496013,0.3092918462616747,0.5602067026785423,0.31143095069734716,4.5509768182781185,320,18331.65984381773,0.0,0.0,0.0
cmv_s23,holdout_B,close,smart_w_short,0.1,0.0,87.21348825073977,-12.786511749260232,20.855371008303138,-0.6056476413560037,-1.0411893614464878,-0.6927894370495254,-14.448380740301324,320,16771.33792435247,16.771337924352466,0.0,0.0
cmv_s23,holdout_B,close,smart_w_short,0.2,0.0,73.15134816354379,-26.848651836456217,27.81009484428828,-1.520722283761007,-2.483652756368992,-1.0785678460434294,-29.99507409446749,320,15382.55123588641,30.76510247177282,0.0,0.0
cmv_s23,holdout_B,close,smart_w_short,0.2,1.0,72.72798419226692,-27.272015807733084,28.220587984917273,-1.5510471846034308,-2.529022104486647,-1.0792480495642447,-30.457014540278127,320,15339.06420281453,30.678128405629064,0.5069175917185507,0.0
cmv_s23,holdout_B,close,smart_w_short,0.2,2.0,72.30704752172208,-27.69295247827792,28.62876943253547,-1.5813686704166907,-2.574229083985913,-1.0798903473259214,-30.91593176601445,320,15295.73748593484,30.591474971869683,1.0110277347651229,0.0
cmv_s23,holdout_B,close,smart_w_short,0.2,5.0,71.05866384428089,-28.94133615571911,29.83957218350472,-1.672308051200457,-2.7088737656354245,-1.081608661238423,-32.274739721327826,320,15166.712637288207,30.333425274576413,2.5066689802040663,0.0
cmv_s23,holdout_B,close,smart_w_short,0.3,0.0,61.35658038199255,-38.64341961800745,39.16220873851341,-2.4322738221071325,-3.7778541501360734,-1.0907596224655378,-42.71655601853747,320,14144.363988705976,42.43309196611793,0.0,0.0
cmv_s23,holdout_B,close,smart_w_short,0.5,0.0,43.16571316588106,-56.83428683411894,56.83428683411894,-4.230592787211601,-5.964373463434685,-1.0846315931291004,-61.644263073246684,320,12049.231796786305,60.24615898393154,0.0,0.0
cmv_s23,holdout_B,next_open,buy_hold,0.0,0.0,54.37654257667572,-45.62345742332429,53.05695758004633,-1.3289049816694223,-1.762422409170783,-0.9440445107581981,-50.08812956097331,1,100.0,0.0,0.0,0.0
cmv_s23,holdout_B,next_open,buy_hold,0.1,0.0,54.32222035631939,-45.67777964368061,53.05695758004633,-1.3315898162963764,-1.7658463757365432,-0.9451163750313937,-50.144999418247814,1,99.90009990009989,0.09990009990009989,0.0,0.0
cmv_s23,holdout_B,next_open,buy_hold,0.2,0.0,54.268006563548624,-45.731993436451376,53.05695758004633,-1.3342619627666088,-1.7692635080376977,-0.9461859495856474,-50.20174779000155,1,99.8003992015968,0.1996007984031936,0.0,0.0
cmv_s23,holdout_B,next_open,buy_hold,0.3,0.0,54.21390087405354,-45.78609912594646,53.05695758004633,-1.3369214313648294,-1.7726738265157227,-0.9472532415900962,-50.25837505660711,1,99.70089730807575,0.2991026919242273,0.0,0.0
cmv_s23,holdout_B,next_open,buy_hold,0.5,0.0,54.106012514105196,-45.893987485894804,53.05695758004633,-1.3422023792122222,-1.779474103361452,-0.9493810064784538,-50.371267788029016,1,99.50248756218906,0.4975124378109453,0.0,0.0
cmv_s23,holdout_B,next_open,vanilla,0.0,0.0,88.87517769356825,-11.124822306431748,26.655497312628828,-0.3264369566758276,-0.4695434373881329,-0.4721973588196829,-12.586655429048488,47,4197.5218306222905,0.0,0.0,0.0
cmv_s23,holdout_B,next_open,vanilla,0.1,0.0,84.79472806496206,-15.205271935037945,27.239912750302224,-0.5157855273093626,-0.7365431047799519,-0.6295683845039508,-17.149387864236342,47,4099.977584873941,4.099977584873942,0.0,0.0
cmv_s23,holdout_B,next_open,vanilla,0.2,0.0,80.90169390940619,-19.09830609059381,27.819672669340438,-0.7058271126935403,-1.0002956166457067,-0.7718953963237322,-21.473877260697037,47,4005.457130183072,8.010914260366146,0.0,0.0
cmv_s23,holdout_B,next_open,vanilla,0.3,0.0,77.1874565961007,-22.812543403899298,29.74286508884686,-0.896244251582506,-1.2601301173568646,-0.8597885783341627,-25.572575690324438,47,3913.8554598085257,11.741566379425578,0.0,0.0
cmv_s23,holdout_B,next_open,vanilla,0.5,0.0,70.26286543282612,-29.737134567173882,35.01525217795809,-1.2769089598107226,-1.7656077293503993,-0.9464213648492401,-33.13918275680342,47,3739.0077349849453,18.695038674924724,0.0,0.0
cmv_s23,holdout_B,next_open,smart,0.0,0.0,96.44054652441733,-3.5594534755826746,11.077967292424923,-0.13846634770938818,-0.2607863553801817,-0.3655666266063908,-4.049735132747712,245,7985.813199726242,0.0,0.0,0.0
cmv_s23,holdout_B,next_open,smart,0.1,0.0,88.95904788309079,-11.040952116909208,13.537079587136876,-0.6440200191845514,-1.177701761730488,-0.9228399800788142,-12.492558256518716,245,7670.162440262217,7.670162440262217,0.0,0.0
cmv_s23,holdout_B,next_open,smart,0.2,0.0,82.05795698352043,-17.94204301647957,18.800980178876774,-1.1504878503491347,-2.040337380808141,-1.0740110329980144,-20.192460143290635,245,7370.969146683272,14.741938293366545,0.0,0.0
cmv_s23,holdout_B,next_open,smart,0.3,0.0,75.69223980777062,-24.307760192229377,24.736543452397385,-1.6567475845077284,-2.8469454179629468,-1.1001869027138123,-27.21482112473871,245,7087.273239510414,21.261819718531243,0.0,0.0
cmv_s23,holdout_B,next_open,smart,0.5,0.0,64.403994651077,-35.596005348923,35.596005348923,-2.664157488636215,-4.292713663636342,-1.10855624383346,-39.46017398507783,245,6562.827490002668,32.81413745001334,0.0,0.0
cmv_s23,holdout_B,next_open,smart_w_short,0.0,0.0,104.09573208564379,4.0957320856437995,14.651697214977883,0.3151697401325484,0.5714619023253158,0.3197577067456264,4.684993101392609,320,18353.208275136192,0.0,0.0,0.0
cmv_s23,holdout_B,next_open,smart_w_short,0.1,0.0,87.31152319384648,-12.688476806153515,20.84697071307535,-0.6001238405105895,-1.0326772926178878,-0.6878064892760621,-14.338681738201242,320,16790.883566301425,16.790883566301424,0.0,0.0
cmv_s23,holdout_B,next_open,smart_w_short,0.2,0.0,73.2336035852179,-26.76639641478209,27.729457778298634,-1.5155544574168585,-2.4772028843435385,-1.0784660915723316,-29.90527995158172,320,15400.30885868425,30.8006177173685,0.0,0.0
cmv_s23,holdout_B,next_open,smart_w_short,0.2,1.0,72.80976788536677,-27.19023211463323,28.140405232327392,-1.5458906422313925,-2.522626580610591,-1.0791531945508317,-30.367808202421042,320,15356.76686119057,30.71353372238114,0.5074776420093798,0.0
cmv_s23,holdout_B,next_open,smart_w_short,0.2,2.0,72.38836216594089,-27.61163783405911,28.549038458707653,-1.5762234343745125,-2.567887253661951,-1.0798020207163248,-30.827309417220594,320,15313.385376009202,30.626770752018402,1.0121443306332825,0.0
cmv_s23,holdout_B,next_open,smart_w_short,0.2,5.0,71.13858726966684,-28.861412730333157,29.761181477771604,-1.6671968631324543,-2.7026891339882675,-1.0815379326540002,-32.18784668880962,320,15184.197391436614,30.36839478287323,2.509434373692642,0.0
cmv_s23,holdout_B,next_open,smart_w_short,0.3,0.0,61.4255961455132,-38.5744038544868,39.09423241921839,-2.427459804575987,-3.7729272072541424,-1.0907761155105757,-42.64305497710266,320,14160.522923820801,42.481568771462406,0.0,0.0
cmv_s23,holdout_B,next_open,smart_w_short,0.5,0.0,43.21429970482623,-56.78570029517377,56.78570029517377,-4.226464669968688,-5.961564524342533,-1.0846923645270052,-61.59501552449389,320,12062.675279549234,60.313376397746175,0.0,0.0
cmv_s24,holdout_B,close,buy_hold,0.0,0.0,54.36648102838577,-45.63351897161423,53.05998300134692,-1.3292346043475185,-1.7630432533531366,-0.9441892128719765,-50.0986635850422,1,100.0,0.0,0.0,0.0
cmv_s24,holdout_B,close,buy_hold,0.1,0.0,54.31216885952624,-45.68783114047377,53.05998300134692,-1.3319175683230888,-1.7664667530919342,-0.9452607898219471,-50.155521439792274,1,99.90009990009989,0.09990009990009989,0.0,0.0
cmv_s24,holdout_B,close,buy_hold,0.2,0.0,54.257965098189395,-45.742034901810605,53.05998300134692,-1.3345878441353296,-1.7698834194979178,-0.9463300776667555,-50.21225783466136,1,99.8003992015968,0.1996007984031936,0.0,0.0
cmv_s24,holdout_B,close,buy_hold,0.3,0.0,54.203869420125386,-45.796130579874614,53.05998300134691,-1.3372454421764794,-1.773293273009774,-0.9473970835736186,-50.26887314994184,1,99.70089730807575,0.2991026919242273,0.0,0.0
cmv_s24,holdout_B,close,buy_hold,0.5,0.0,54.09600102326943,-45.90399897673056,53.05998300134691,-1.3425226496380538,-1.7800926226990843,-0.9495242780947328,-50.38174205507272,1,99.50248756218906,0.4975124378109453,0.0,0.0
cmv_s24,holdout_B,close,vanilla,0.0,0.0,123.49102961408015,23.49102961408014,11.073044816138989,1.263519843676289,2.6045371274172457,2.4573289747715843,27.210113865642626,35,4089.6098597219134,0.0,0.0,0.0
cmv_s24,holdout_B,close,vanilla,0.1,0.0,119.2436652852507,19.2436652852507,11.60500923541299,1.0710797505202816,2.1612231008374465,1.915703000785857,22.231751016428248,35,4015.306516472856,4.015306516472856,0.0,0.0
cmv_s24,holdout_B,close,vanilla,0.2,0.0,115.14249236456838,15.142492364568394,12.133792477749001,0.8778737132405107,1.7319329989751364,1.4379956491507686,17.448340790701387,35,3942.749706996425,7.88549941399285,0.0,0.0
cmv_s24,holdout_B,close,vanilla,0.3,0.0,111.18246758069867,11.182467580698674,12.659414608555913,0.6843866607208372,1.3189933138988774,1.0152313801198045,12.852234964553034,35,3871.893649283844,11.615680947851532,0.0,0.0
cmv_s24,holdout_B,close,vanilla,0.5,0.0,103.66655647072962,3.6665564707296205,13.701255104766243,0.2984969024776254,0.5481077705553892,0.3060184203824161,4.192836444417081,35,3735.1070235720344,18.67553511786017,0.0,0.0
cmv_s24,holdout_B,close,smart,0.0,0.0,92.67484952591984,-7.325150474080155,12.766568468951686,-0.4391693870426737,-0.8468987132035579,-0.6510191833218474,-8.311280978479374,185,4965.087750004037,0.0,0.0,0.0
cmv_s24,holdout_B,close,smart,0.1,0.0,88.09070065865264,-11.909299341347367,14.56466230469235,-0.7854727997207183,-1.47444397149103,-0.9245792288683427,-13.46618424240027,185,4841.851272982374,4.841851272982374,0.0,0.0
cmv_s24,holdout_B,close,smart,0.2,0.0,83.73333881852372,-16.266661181476284,17.606384237359126,-1.1311087312214503,-2.065510099017176,-1.041169668911731,-18.33123324714392,185,4722.679685824214,9.44535937164843,0.0,0.0
cmv_s24,holdout_B,close,smart,0.3,0.0,79.59153974071945,-20.40846025928055,21.50492980816871,-1.4753685844532365,-2.6198488244741487,-1.0659291506481905,-22.922731565170228,185,4607.422385385649,13.822267156156947,0.0,0.0
cmv_s24,holdout_B,close,smart,0.5,0.0,71.91248474390848,-28.08751525609152,28.757306314362857,-2.156997059353471,-3.6207621947872655,-1.090010104806295,-31.345754469665387,185,4388.077754070991,21.940388770354957,0.0,0.0
cmv_s24,holdout_B,close,smart_w_short,0.0,0.0,101.45084604338803,1.4508460433880321,21.599169626312513,0.18247491672013838,0.323546472081203,0.07669519268839335,1.6565524763993311,320,17002.77585746171,0.0,0.0,0.0
cmv_s24,holdout_B,close,smart_w_short,0.1,0.0,86.41036602947815,-13.589633970521842,27.465257416326892,-0.6296329183705807,-1.0676376415399431,-0.558756930606093,-15.346402932253046,320,15688.6506672962,15.688650667296201,0.0,0.0
cmv_s24,holdout_B,close,smart_w_short,0.2,0.0,73.59974852081716,-26.400251479182845,32.89243280096054,-1.4422070133558889,-2.3395614200876045,-0.897027169073138,-29.50540587937406,320,14506.007775426999,29.012015550854002,0.0,0.0
cmv_s24,holdout_B,close,smart_w_short,0.2,1.0,72.99848798060947,-27.00151201939053,33.174894051116745,-1.4840286706187766,-2.402091097971085,-0.9091786749962656,-30.161906216535815,320,14449.433727657533,28.89886745531507,0.7355309939534194,0.0
cmv_s24,holdout_B,close,smart_w_short,0.2,2.0,72.4021049082144,-27.597895091785606,33.45618298112838,-1.5258568135364887,-2.4643445907379227,-0.9209756610866628,-30.812330238481067,320,14393.148311239343,28.786296622478687,1.4653339499668139,0.0
cmv_s24,holdout_B,close,smart_w_short,0.2,5.0,70.64182918724696,-29.35817081275305,34.29306372512389,-1.651372700827834,-2.6494473464920714,-0.9543533660782901,-32.727700799209295,320,14226.007267776953,28.452014535553907,3.620820726193117,0.0
cmv_s24,holdout_B,close,smart_w_short,0.3,0.0,62.68838196079685,-37.31161803920314,38.87601701306606,-2.2522339154343474,-3.4973383745811812,-1.062252922432609,-41.29616268466925,320,13440.196167476592,40.32058850242977,0.0,0.0
cmv_s24,holdout_B,close,smart_w_short,0.5,0.0,45.47879776475352,-54.52120223524648,55.204849061936315,-3.8528677391088237,-5.491953208840943,-1.0740214886984694,-59.29119417287514,320,11608.927465029676,58.04463732514838,0.0,0.0
cmv_s24,holdout_B,next_open,buy_hold,0.0,0.0,54.37654257667572,-45.62345742332429,53.05695758004633,-1.3289049816694223,-1.762422409170783,-0.9440445107581981,-50.08812956097331,1,100.0,0.0,0.0,0.0
cmv_s24,holdout_B,next_open,buy_hold,0.1,0.0,54.32222035631939,-45.67777964368061,53.05695758004633,-1.3315898162963764,-1.7658463757365432,-0.9451163750313937,-50.144999418247814,1,99.90009990009989,0.09990009990009989,0.0,0.0
cmv_s24,holdout_B,next_open,buy_hold,0.2,0.0,54.268006563548624,-45.731993436451376,53.05695758004633,-1.3342619627666088,-1.7692635080376977,-0.9461859495856474,-50.20174779000155,1,99.8003992015968,0.1996007984031936,0.0,0.0
cmv_s24,holdout_B,next_open,buy_hold,0.3,0.0,54.21390087405354,-45.78609912594646,53.05695758004633,-1.3369214313648294,-1.7726738265157227,-0.9472532415900962,-50.25837505660711,1,99.70089730807575,0.2991026919242273,0.0,0.0
cmv_s24,holdout_B,next_open,buy_hold,0.5,0.0,54.106012514105196,-45.893987485894804,53.05695758004633,-1.3422023792122222,-1.779474103361452,-0.9493810064784538,-50.371267788029016,1,99.50248756218906,0.4975124378109453,0.0,0.0
cmv_s24,holdout_B,next_open,vanilla,0.0,0.0,123.63668053232975,23.636680532329745,11.091645344827187,1.271120384162019,2.625519806506661,2.4686386539174126,27.381264433783524,35,4094.093043653885,0.0,0.0,0.0
cmv_s24,holdout_B,next_open,vanilla,0.1,0.0,119.3843066694753,19.384306669475304,11.623498495033031,1.0785151779348345,2.18057981724477,1.9268040188867772,22.39620361375405,35,4019.704470070502,4.0197044700705025,0.0,0.0
cmv_s24,holdout_B,next_open,vanilla,0.2,0.0,115.27829663954164,15.278296639541633,12.152171133696047,0.8851230036958654,1.749657997084726,1.448824042712923,17.60635770966079,35,3947.0643968989234,7.894128793797847,0.0,0.0
cmv_s24,holdout_B,next_open,vanilla,0.3,0.0,111.31360122293147,11.313601222931457,12.677683322028233,0.6914302945062957,1.3351078095906315,1.0257448365943862,13.004068207549224,35,3876.1269913726146,11.628380974117844,0.0,0.0
cmv_s24,holdout_B,next_open,vanilla,0.5,0.0,103.7888255066986,3.78882550669859,13.719305900240606,0.3050777992187853,0.5611822148031579,0.3158337034321096,4.333019190990983,35,3739.183221632128,18.69591610816064,0.0,0.0
cmv_s24,holdout_B,next_open,smart,0.0,0.0,92.79480604855345,-7.205193951446542,12.75734469403432,-0.43103188704561235,-0.8332766291266255,-0.6408778140141375,-8.17589918013757,185,4969.858814352205,0.0,0.0,0.0
cmv_s24,holdout_B,next_open,smart,0.1,0.0,88.2047116983147,-11.795288301685304,14.554844090988302,-0.777769897686966,-1.4635213931873785,-0.9164252840170164,-13.338427129907348,185,4846.481080375382,4.846481080375382,0.0,0.0
cmv_s24,holdout_B,next_open,smart,0.2,0.0,83.8416990845838,-16.158300915416202,17.494359407239692,-1.1238704185171524,-2.057103905231555,-1.0409453090420726,-18.21067135966221,185,4727.173040942348,9.454346081884696,0.0,0.0
cmv_s24,holdout_B,next_open,smart,0.3,0.0,79.69452932878272,-20.305470671217275,21.39821751769938,-1.4686217659224627,-2.6137468812732423,-1.0659280203883585,-22.808959638480797,185,4611.7839129712265,13.835351738913682,0.0,0.0
cmv_s24,holdout_B,next_open,smart,0.5,0.0,72.00551839732096,-27.994481602679045,28.66047521220183,-2.1513002827864547,-3.618602355508167,-1.0901576643142,-31.24443671546897,185,4392.1888166539775,21.960944083269887,0.0,0.0
cmv_s24,holdout_B,next_open,smart_w_short,0.0,0.0,101.58251673330369,1.582516733303696,21.583330217132495,0.18901439338874731,0.3355694469847594,0.08372468905694276,1.807057611242735,320,17024.400892241025,0.0,0.0,0.0
cmv_s24,holdout_B,next_open,smart_w_short,0.1,0.0,86.52235458911781,-13.47764541088219,27.45065155628638,-0.6234667362610217,-1.058445583748005,-0.5544950913647833,-15.221251542725845,320,15708.457717012057,15.708457717012058,0.0,0.0
cmv_s24,holdout_B,next_open,smart_w_short,0.2,0.0,73.69499674520641,-26.30500325479359,32.8789646242022,-1.4364438318050579,-2.332696110775081,-0.8942294212587997,-29.40133750748888,320,14524.175743895219,29.048351487790438,0.0,0.0
cmv_s24,holdout_B,next_open,smart_w_short,0.2,1.0,73.09295491983812,-26.907045080161886,33.161483927767726,-1.4782817340433425,-2.3953190216427482,-0.9064374361712865,-30.0588104711211,320,14467.52443622114,28.93504887244228,0.7364057600733264,0.0
cmv_s24,holdout_B,next_open,smart_w_short,0.2,2.0,72.49579692472955,-27.50420307527045,33.44283066487626,-1.5201260243484518,-2.4576641801823453,-0.9182894353113653,-30.710198086462835,320,14411.162146134664,28.82232429226933,1.4670758160140247,0.0
cmv_s24,holdout_B,next_open,smart_w_short,0.2,5.0,70.73323409798081,-29.266765902019188,34.27988336255146,-1.6456897572515103,-2.6430325367194674,-0.9518237187003825,-32.628406058759104,320,14243.792777391463,28.487585554782928,3.625118483444553,0.0
cmv_s24,holdout_B,next_open,smart_w_short,0.3,0.0,62.76939197735967,-37.23060802264033,38.80072669578149,-2.2468990156982556,-3.4923604498745067,-1.0620838696504526,-41.20962595430523,320,13456.884337445506,40.370653012336525,0.0,0.0
cmv_s24,holdout_B,next_open,smart_w_short,0.5,0.0,45.53739780064009,-54.4626021993599,55.14876763521745,-3.8484454369581433,-5.489856548360353,-1.0740286888614778,-59.23135859557891,320,11623.066670483224,58.11533335241613,0.0,0.0
cmv_s25,holdout_B,close,buy_hold,0.0,0.0,54.36648102838577,-45.63351897161423,53.05998300134692,-1.3292346043475185,-1.7630432533531366,-0.9441892128719765,-50.0986635850422,1,100.0,0.0,0.0,0.0
cmv_s25,holdout_B,close,buy_hold,0.1,0.0,54.31216885952624,-45.68783114047377,53.05998300134692,-1.3319175683230888,-1.7664667530919342,-0.9452607898219471,-50.155521439792274,1,99.90009990009989,0.09990009990009989,0.0,0.0
cmv_s25,holdout_B,close,buy_hold,0.2,0.0,54.257965098189395,-45.742034901810605,53.05998300134692,-1.3345878441353296,-1.7698834194979178,-0.9463300776667555,-50.21225783466136,1,99.8003992015968,0.1996007984031936,0.0,0.0
cmv_s25,holdout_B,close,buy_hold,0.3,0.0,54.203869420125386,-45.796130579874614,53.05998300134691,-1.3372454421764794,-1.773293273009774,-0.9473970835736186,-50.26887314994184,1,99.70089730807575,0.2991026919242273,0.0,0.0
cmv_s25,holdout_B,close,buy_hold,0.5,0.0,54.09600102326943,-45.90399897673056,53.05998300134691,-1.3425226496380538,-1.7800926226990843,-0.9495242780947328,-50.38174205507272,1,99.50248756218906,0.4975124378109453,0.0,0.0
cmv_s25,holdout_B,close,vanilla,0.0,0.0,127.78420190454844,27.784201904548446,11.253300978387676,1.2978066239675132,2.5447071122468388,2.867309728819695,32.26669937666718,35,3992.0585617376505,0.0,0.0,0.0
cmv_s25,holdout_B,close,vanilla,0.1,0.0,123.38917772624606,23.389177726246068,11.327986608257127,1.1291702264052275,2.1825335014808966,2.391461800525865,27.09044725051548,35,3918.481719367166,3.9184817193671657,0.0,0.0
cmv_s25,holdout_B,close,vanilla,0.2,0.0,119.14542730826288,19.145427308262875,11.681967054910567,0.9600162916751549,1.8272242754846937,1.8932511096261329,22.11689708932536,35,3846.650493456447,7.693300986912893,0.0,0.0
cmv_s25,holdout_B,close,vanilla,0.3,0.0,115.04773204966475,15.047732049664742,12.034535812018357,0.7906700958320888,1.4805760170055384,1.44069508987337,17.338096653280076,35,3776.518810782907,11.329556432348724,0.0,0.0
cmv_s25,holdout_B,close,vanilla,0.5,0.0,107.27052988547265,7.270529885472654,12.73546352483371,0.4526924422454082,0.8187913946501587,0.6544314739647008,8.33448816618061,35,3641.1762199122854,18.205881099561427,0.0,0.0
cmv_s25,holdout_B,close,smart,0.0,0.0,92.57234357691698,-7.427656423083018,13.097492313591538,-0.4295602821048582,-0.8121660512783782,-0.6434016908990411,-8.426948701101988,210,5832.732483980117,0.0,0.0,0.0
cmv_s25,holdout_B,close,smart,0.1,0.0,87.15097841664871,-12.849021583351284,15.15667468880122,-0.8304756336118941,-1.5292352487847247,-0.9578828570584937,-14.51831885441507,210,5660.917014216198,5.660917014216199,0.0,0.0
cmv_s25,holdout_B,close,smart,0.2,0.0,82.0471318158348,-17.952868184165194,19.093103572963667,-1.230965963188021,-2.2056113201550205,-1.0582076814245363,-20.20446886314441,210,5495.828320000988,10.991656640001976,0.0,0.0
cmv_s25,holdout_B,close,smart,0.3,0.0,77.24220230345009,-22.75779769654992,23.54740376728816,-1.6301594453451758,-2.8404594742978526,-1.0834468832411375,-25.512361220088977,210,5337.170804922734,16.0115124147682,0.0,0.0
cmv_s25,holdout_B,close,smart,0.5,0.0,68.46007598636416,-31.539924013635844,31.869246628210618,-2.42123746711736,-3.986361928683828,-1.1011358220938212,-35.092369085465435,210,5038.035490751433,25.190177453757165,0.0,0.0
cmv_s25,holdout_B,close,smart_w_short,0.0,0.0,101.32034976991594,1.3203497699159294,17.536656807349953,0.17499974700205095,0.31055612659455534,0.0859580515143887,1.5074168492363427,320,16686.595511026942,0.0,0.0,0.0
cmv_s25,holdout_B,close,smart_w_short,0.1,0.0,86.29348237972769,-13.706517620272308,23.694815221673206,-0.6548293899136085,-1.1112208599256592,-0.6531808878096182,-15.477000442977362,320,15393.352300938348,15.393352300938348,0.0,0.0
cmv_s25,holdout_B,close,smart_w_short,0.2,0.0,73.49529469307001,-26.50470530692999,29.39309683444763,-1.4845474936383007,-2.409760766865977,-1.0077029550109673,-29.619510536996387,320,14230.072927872341,28.46014585574468,0.0,0.0
cmv_s25,holdout_B,close,smart_w_short,0.2,1.0,73.0030531462769,-26.996946853723102,29.633700489650327,-1.519465680782252,-2.461773564000469,-1.0176563841871962,-30.156924490383897,320,14184.34786580925,28.3686957316185,0.5926522744398155,0.0
cmv_s25,holdout_B,close,smart_w_short,0.2,2.0,72.5140815691063,-27.485918430893708,29.873497692060695,-1.5543836095925139,-2.5135799596315342,-1.0273408370912325,-30.690264125804635,320,14138.815138094371,28.27763027618874,1.181515776222223,0.0
cmv_s25,holdout_B,close,smart_w_short,0.2,5.0,71.06657191082246,-28.93342808917754,30.58807712288731,-1.6591302083598793,-2.667756754505526,-1.0548601184052524,-32.2661426556379,320,14003.361883566606,28.00672376713321,2.9256162217037267,0.0
cmv_s25,holdout_B,close,smart_w_short,0.3,0.0,62.59522988398765,-37.40477011601235,38.3549176515545,-2.3110644701504603,-3.590141509960822,-1.0792788235616926,-41.39565040077534,320,13182.220659361701,39.546661978085105,0.0,0.0
cmv_s25,holdout_B,close,smart_w_short,0.5,0.0,45.40512581008318,-54.59487418991682,54.96058454834334,-3.9424837114264824,-5.618923962799632,-1.0801632579833953,-59.366404066410404,320,11383.073700243061,56.91536850121531,0.0,0.0
cmv_s25,holdout_B,next_open,buy_hold,0.0,0.0,54.37654257667572,-45.62345742332429,53.05695758004633,-1.3289049816694223,-1.762422409170783,-0.9440445107581981,-50.08812956097331,1,100.0,0.0,0.0,0.0
cmv_s25,holdout_B,next_open,buy_hold,0.1,0.0,54.32222035631939,-45.67777964368061,53.05695758004633,-1.3315898162963764,-1.7658463757365432,-0.9451163750313937,-50.144999418247814,1,99.90009990009989,0.09990009990009989,0.0,0.0
cmv_s25,holdout_B,next_open,buy_hold,0.2,0.0,54.268006563548624,-45.731993436451376,53.05695758004633,-1.3342619627666088,-1.7692635080376977,-0.9461859495856474,-50.20174779000155,1,99.8003992015968,0.1996007984031936,0.0,0.0
cmv_s25,holdout_B,next_open,buy_hold,0.3,0.0,54.21390087405354,-45.78609912594646,53.05695758004633,-1.3369214313648294,-1.7726738265157227,-0.9472532415900962,-50.25837505660711,1,99.70089730807575,0.2991026919242273,0.0,0.0
cmv_s25,holdout_B,next_open,buy_hold,0.5,0.0,54.106012514105196,-45.893987485894804,53.05695758004633,-1.3422023792122222,-1.779474103361452,-0.9493810064784538,-50.371267788029016,1,99.50248756218906,0.4975124378109453,0.0,0.0
cmv_s25,holdout_B,next_open,vanilla,0.0,0.0,127.9222684213979,27.92226842139791,11.268900160159202,1.3033366662604313,2.558955288731658,2.8778068557505,32.42971813767406,35,3995.8443318700406,0.0,0.0,0.0
cmv_s25,holdout_B,next_open,vanilla,0.1,0.0,123.52249556782338,23.522495567823377,11.268900160159195,1.1346699694435833,2.196124030932325,2.417901116472205,27.247086278662724,35,3922.19627084341,3.9221962708434104,0.0,0.0
cmv_s25,holdout_B,next_open,vanilla,0.2,0.0,119.27415992075967,19.274159920759672,11.568902445223825,0.9654744551384321,1.840114318832285,1.9247639367950866,22.267406214867314,35,3850.2954816704823,7.700590963340965,0.0,0.0
cmv_s25,holdout_B,next_open,vanilla,0.3,0.0,115.17203724075065,15.172037240750647,11.921922560311216,0.7960757100116954,1.4927315628427615,1.4664342782709807,17.4827159053325,35,3780.095847860629,11.340287543581887,0.0,0.0
cmv_s25,holdout_B,next_open,vanilla,0.5,0.0,107.38643207213693,7.386432072136917,12.623747599704446,0.4579617923243074,0.8294393588325314,0.6708000457244225,8.468010467095311,35,3644.6220240538396,18.223110120269197,0.0,0.0
cmv_s25,holdout_B,next_open,smart,0.0,0.0,92.67304799195563,-7.326952008044374,12.994436672055343,-0.42291468364095536,-0.8010293046397696,-0.6397594751325677,-8.313313984957516,210,5837.6016959389035,0.0,0.0,0.0
cmv_s25,holdout_B,next_open,smart,0.1,0.0,87.2457554371862,-12.754244562813799,15.056075592273022,-0.8242341404825557,-1.5203766251024557,-0.957239904566466,-14.412276363092925,210,5665.618710484816,5.665618710484816,0.0,0.0
cmv_s25,holdout_B,next_open,smart,0.2,0.0,82.13633031180532,-17.863669688194673,19.00184850925603,-1.2251505468391153,-2.1988757917203388,-1.0580818671820031,-20.105511350583182,210,5500.3692214021585,11.000738442804316,0.0,0.0
cmv_s25,holdout_B,next_open,smart,0.3,0.0,77.32615060796103,-22.67384939203897,23.461662984614893,-1.624789209833244,-2.8356634591609042,-1.0834703128696943,-25.420015334384026,210,5341.557333464039,16.024672000392115,0.0,0.0
cmv_s25,holdout_B,next_open,smart,0.5,0.0,68.5344327355584,-31.465567264441606,31.79288397654558,-2.416802458671875,-3.984856155586346,-1.1012511738320068,-35.01195079867562,210,5042.131414528045,25.210657072640224,0.0,0.0
cmv_s25,holdout_B,next_open,smart_w_short,0.0,0.0,101.44113067998066,1.4411306799806622,17.516369808858105,0.18113679770555174,0.32177800698525966,0.0939377572636867,1.6454484952454829,320,16707.460726284604,0.0,0.0,0.0
cmv_s25,holdout_B,next_open,smart_w_short,0.1,0.0,86.39624936699528,-13.603750633004719,23.676126277689967,-0.6490410139301473,-1.1024559197774217,-0.6488467340660928,-15.362177210615535,320,15412.474628849573,15.412474628849575,0.0,0.0
cmv_s25,holdout_B,next_open,smart_w_short,0.2,0.0,73.58273428884831,-26.417265711151682,29.375880442127954,-1.4791107353313238,-2.402940244098733,-1.0050420011537942,-29.52399366521088,320,14247.623848600804,28.49524769720161,0.0,0.0
cmv_s25,holdout_B,next_open,smart_w_short,0.2,1.0,73.089905861983,-26.910094138017005,29.61654413331652,-1.514041054682101,-2.4550146480449357,-1.0150454487089688,-30.062138329011244,320,14201.837864419536,28.403675728839076,0.5933485337443113,0.0
cmv_s25,holdout_B,next_open,smart_w_short,0.2,2.0,72.6003513108366,-27.399648689163403,29.85640116604956,-1.548971062191448,-2.506881578304915,-1.0247786715993878,-30.596203125682685,320,14156.244464348008,28.31248892869602,1.1829033257573158,0.0
cmv_s25,holdout_B,next_open,smart_w_short,0.2,5.0,71.15111591025388,-28.848884089746118,30.57115886077356,-1.6537535692180805,-2.661233926892624,-1.0524371813179578,-32.17422426105604,320,14020.610679838866,28.041221359677735,2.9290481397801087,0.0
cmv_s25,holdout_B,next_open,smart_w_short,0.3,0.0,62.66962797280697,-37.33037202719303,38.28333510122401,-2.305978535569106,-3.584846501611675,-1.079221383621783,-41.316193877599346,320,13198.352839047608,39.59505851714282,0.0,0.0
cmv_s25,holdout_B,next_open,smart_w_short,0.5,0.0,45.45898578540404,-54.54101421459596,54.908289225858894,-3.9380828264256786,-5.615869854737077,-1.0801906644476562,-59.31142142256461,320,11396.761938650066,56.98380969325034,0.0,0.0
cmt_thesis,holdout_B,close,buy_hold,0.0,0.0,54.36648102838577,-45.63351897161423,53.05998300134692,-1.3292346043475185,-1.7630432533531366,-0.9441892128719765,-50.0986635850422,1,100.0,0.0,0.0,0.0
cmt_thesis,holdout_B,close,buy_hold,0.1,0.0,54.31216885952624,-45.68783114047377,53.05998300134692,-1.3319175683230888,-1.7664667530919342,-0.9452607898219471,-50.155521439792274,1,99.90009990009989,0.09990009990009989,0.0,0.0
cmt_thesis,holdout_B,close,buy_hold,0.2,0.0,54.257965098189395,-45.742034901810605,53.05998300134692,-1.3345878441353296,-1.7698834194979178,-0.9463300776667555,-50.21225783466136,1,99.8003992015968,0.1996007984031936,0.0,0.0
cmt_thesis,holdout_B,close,buy_hold,0.3,0.0,54.203869420125386,-45.796130579874614,53.05998300134691,-1.3372454421764794,-1.773293273009774,-0.9473970835736186,-50.26887314994184,1,99.70089730807575,0.2991026919242273,0.0,0.0
cmt_thesis,holdout_B,close,buy_hold,0.5,0.0,54.09600102326943,-45.90399897673056,53.05998300134691,-1.3425226496380538,-1.7800926226990843,-0.9495242780947328,-50.38174205507272,1,99.50248756218906,0.4975124378109453,0.0,0.0
cmt_thesis,holdout_B,close,vanilla,0.0,0.0,112.52476211610232,12.524762116102316,-0.0,1.0696731402439006,0.0,,14.40759810607899,2,212.52476211610232,0.0,0.0,0.0
cmt_thesis,holdout_B,close,vanilla,0.1,0.0,112.29993741656965,12.299937416569652,0.09999999999999515,1.0609940997162,131.49595314654897,141.4690315423823,14.146903154237545,2,212.31244966643587,0.21231244966643587,0.0,0.0
cmt_thesis,holdout_B,close,vanilla,0.2,0.0,112.07556146893225,12.07556146893225,0.20000000000000187,1.0520876222806301,64.61489229638426,69.43400857758287,13.886801715516706,2,212.1005609941141,0.4242011219882282,0.0,0.0
cmt_thesis,holdout_B,close,vanilla,0.3,0.0,111.8516329309611,11.851632930961099,0.300000000000001,1.042947899163799,42.32200173588711,45.424306404810096,13.627291921443074,2,211.88909483160745,0.6356672844948223,0.0,0.0
cmt_thesis,holdout_B,close,vanilla,0.5,0.0,111.40511274181276,11.40511274181275,0.49999999999999556,1.0239451383917257,24.489117083211315,26.220079664420318,13.110039832210042,2,211.4674249911466,1.057337124955733,0.0,0.0
cmt_thesis,holdout_B,close,smart,0.0,0.0,111.74875522089611,11.748755220896111,0.7113402573623148,1.0091288349429808,18.778484471899773,18.989635044305192,13.508091879632488,23,262.8016933817909,0.0,0.0,0.0
cmt_thesis,holdout_B,close,smart,0.1,0.0,111.47472242708832,11.474722427088313,0.8488956429474224,0.995917869925999,17.736825532191055,15.538608465607487,13.190657023920128,23,262.47643674039546,0.2624764367403955,0.0,0.0
cmt_thesis,holdout_B,close,smart,0.2,0.0,111.20136138053914,11.201361380539133,0.9863594882432176,0.9824020281606581,16.452601802898922,13.052147593711853,12.874109621008568,23,262.151856974244,0.5243037139484881,0.0,0.0
cmt_thesis,holdout_B,close,smart,0.3,0.0,110.92866998948048,10.928669989480477,1.123731845766931,0.9685749148830459,15.065543132811822,11.175661455277275,12.55844667480508,23,261.82795204381404,0.7854838561314421,0.0,0.0
cmt_thesis,holdout_B,close,smart,0.5,0.0,110.38528784868723,10.38528784868722,1.3982023073887782,0.9399613298623716,12.37808762970647,8.53221466484614,11.929762231524244,23,261.18215857266745,1.3059107928633373,0.0,0.0
cmt_thesis,holdout_B,close,smart_w_short,0.0,0.0,129.46885355155885,29.46885355155886,7.062796394328203,1.436579932385934,4.492341634064919,4.850415560722321,34.25749753326301,320,1544.7909038326948,0.0,0.0,0.0
cmt_thesis,holdout_B,close,smart_w_short,0.1,0.0,127.84438916155965,27.844389161559647,7.380381508959576,1.382568188744593,4.274211111202999,4.381583928702652,32.3377610073515,320,1534.539527557486,1.5345395275574858,0.0,0.0
cmt_thesis,holdout_B,close,smart_w_short,0.2,0.0,126.2403436278581,26.2403436278581,7.6968982836121125,1.3273505526040903,4.0568306063927535,3.955556704747089,30.445517611498254,320,1524.3764763864965,3.0487529527729933,0.0,0.0
cmt_thesis,holdout_B,close,smart_w_short,0.2,1.0,125.57081521577972,25.570815215779707,7.831551949870065,1.2994760674964965,3.957766771638374,3.786821923873987,29.656692621726034,320,1520.4097603420173,3.0408195206840354,0.6303410254425805,0.0
cmt_thesis,holdout_B,close,smart_w_short,0.2,2.0,124.9048165504947,24.9048165504947,7.966013927522661,1.2715937282258873,3.8593393418570185,3.624474315270315,28.87261287539149,320,1516.4553771457238,3.0329107542914473,1.2571789463111407,0.0
cmt_thesis,holdout_B,close,smart_w_short,0.2,5.0,122.92781453718398,22.927814537183977,8.442183283705065,1.1879012036100287,3.567839275769016,3.144750722001677,26.54856197670199,320,1504.6658043190246,3.0093316086380493,3.1168603471540193,0.0
cmt_thesis,holdout_B,close,smart_w_short,0.3,0.0,124.65645769249596,24.65645769249596,8.012350698304726,1.2709156405903552,3.8396047649903435,3.5670393805398843,28.580370471549198,320,1514.300888654945,4.542902665964835,0.0,0.0
cmt_thesis,holdout_B,close,smart_w_short,0.5,0.0,121.5481442961446,21.5481442961446,8.640078281132006,1.154356277930669,3.405734766457466,2.8853681197696788,24.929806424692693,320,1494.4087025213826,7.472043512606913,0.0,0.0
cmt_thesis,holdout_B,next_open,buy_hold,0.0,0.0,54.37654257667572,-45.62345742332429,53.05695758004633,-1.3289049816694223,-1.762422409170783,-0.9440445107581981,-50.08812956097331,1,100.0,0.0,0.0,0.0
cmt_thesis,holdout_B,next_open,buy_hold,0.1,0.0,54.32222035631939,-45.67777964368061,53.05695758004633,-1.3315898162963764,-1.7658463757365432,-0.9451163750313937,-50.144999418247814,1,99.90009990009989,0.09990009990009989,0.0,0.0
cmt_thesis,holdout_B,next_open,buy_hold,0.2,0.0,54.268006563548624,-45.731993436451376,53.05695758004633,-1.3342619627666088,-1.7692635080376977,-0.9461859495856474,-50.20174779000155,1,99.8003992015968,0.1996007984031936,0.0,0.0
cmt_thesis,holdout_B,next_open,buy_hold,0.3,0.0,54.21390087405354,-45.78609912594646,53.05695758004633,-1.3369214313648294,-1.7726738265157227,-0.9472532415900962,-50.25837505660711,1,99.70089730807575,0.2991026919242273,0.0,0.0
cmt_thesis,holdout_B,next_open,buy_hold,0.5,0.0,54.106012514105196,-45.893987485894804,53.05695758004633,-1.3422023792122222,-1.779474103361452,-0.9493810064784538,-50.371267788029016,1,99.50248756218906,0.4975124378109453,0.0,0.0
cmt_thesis,holdout_B,next_open,vanilla,0.0,0.0,112.51801108214809,12.518011082148096,-0.0,1.0696731402439006,0.0,,14.399768893037246,2,212.5180110821481,0.0,0.0,0.0
cmt_thesis,holdout_B,next_open,vanilla,0.1,0.0,112.29319987119473,12.293199871194727,0.099999999999996,1.0609893629142275,131.42392410135574,141.3909178123801,14.139091781237445,2,212.3057053767713,0.2123057053767713,0.0,0.0
cmt_thesis,holdout_B,next_open,vanilla,0.2,0.0,112.06883738521336,12.06883738521336,0.20000000000000573,1.0520779098649216,64.57891371642431,69.39504070971115,13.879008141942627,2,212.09382343527753,0.4241876468705551,0.0,0.0
cmt_thesis,holdout_B,next_open,vanilla,0.3,0.0,111.84492228205545,11.844922282055448,0.30000000000000165,1.0429329633177042,42.298039929892624,45.398387022690436,13.619516106807206,2,211.8823639901775,0.6356470919705326,0.0,0.0
cmt_thesis,holdout_B,next_open,vanilla,0.5,0.0,111.39842888232573,11.398428882325739,0.4999999999999963,1.0239189755718898,24.474768610726276,26.20459882899217,13.102299414495988,2,211.460707544426,1.0573035377221298,0.0,0.0
cmt_thesis,holdout_B,next_open,smart,0.0,0.0,111.74638057067462,11.746380570674608,0.7076041508547013,1.0094408069292016,18.87833036470838,19.086011068362378,13.50534065523199,23,262.79702735067235,0.0,0.0,0.0
cmt_thesis,holdout_B,next_open,smart,0.1,0.0,111.4723498867287,11.472349886728693,0.8451679085149618,0.9962253846361775,17.826578153372363,15.603892504678827,13.187909192871693,23,262.47177333938674,0.26247177333938676,0.0,0.0
cmt_thesis,holdout_B,next_open,smart,0.2,0.0,111.19899095283887,11.198990952838873,0.9826401145862955,0.9827047761807222,16.528855833451697,13.098758124642579,12.871365184536954,23,262.14719619961977,0.5242943923992396,0.0,0.0
cmt_thesis,holdout_B,next_open,smart,0.3,0.0,110.92630167722221,10.926301677222217,1.1200208215932057,0.9688725750662524,15.12774357243278,11.210243052675363,12.555705634116986,23,261.82329389185884,0.7854698816755766,0.0,0.0
cmt_thesis,holdout_B,next_open,smart,0.5,0.0,110.38292377560312,10.382923775603125,1.3945079483325435,0.9402478034738468,12.416807684065331,8.552857658656544,11.92702798595342,23,261.1775056549453,1.3058875282747266,0.0,0.0
cmt_thesis,holdout_B,next_open,smart_w_short,0.0,0.0,129.47114668634504,29.47114668634503,7.061601269745836,1.4371927766338717,4.496585212198847,4.851620557128443,34.260209886543215,320,1544.697157909796,0.0,0.0,0.0
cmt_thesis,holdout_B,next_open,smart_w_short,0.1,0.0,127.84679121035356,27.84679121035356,7.379207310207707,1.383165078830783,4.278278587215082,4.382665479644746,32.34059714558948,320,1534.4473138787412,1.5344473138787413,0.0,0.0
cmt_thesis,holdout_B,next_open,smart_w_short,0.2,0.0,126.24285153900269,26.242851539002675,7.695744904472246,1.3279308865871504,4.060739464619661,3.956533625829621,30.448473490351404,320,1524.2857745344618,3.0485715490689236,0.0,0.0
cmt_thesis,holdout_B,next_open,smart_w_short,0.2,1.0,125.57331109762858,25.57331109762857,7.8304009806086965,1.300045012238471,3.961587028448433,3.787753934574701,29.65963212359819,320,1520.319120931246,3.0406382418624927,0.6303555790363868,0.0
cmt_thesis,holdout_B,next_open,smart_w_short,0.2,2.0,124.90730046010732,24.90730046010732,7.964865363842027,1.2721512668873212,3.8630710281671155,3.625363991873924,28.875536090196686,320,1516.3648002688776,3.0327296005377553,1.257207986931377,0.0
cmt_thesis,holdout_B,next_open,smart_w_short,0.2,5.0,122.93026286978638,22.930262869786368,8.441400681507288,1.1884244248899796,3.571294404527825,3.1453828418656262,26.551436864925826,320,1504.5754155926134,3.0091508311852264,3.1169324524231437,0.0
cmt_thesis,holdout_B,next_open,smart_w_short,0.3,0.0,124.65906847359582,24.659068473595823,8.011218033124884,1.2714788363274654,3.8433306241652323,3.5679271265066097,28.583442136745198,320,1514.2116784758205,4.542635035427461,0.0,0.0
cmt_thesis,holdout_B,next_open,smart_w_short,0.5,0.0,121.55095207194398,21.550952071943975,8.638986729165671,1.1548835512759887,3.408937026467103,2.886113722930236,24.933098151257237,320,1494.3224162641661,7.471612081320831,0.0,0.0
cmt_s23,holdout_B,close,buy_hold,0.0,0.0,54.36648102838577,-45.63351897161423,53.05998300134692,-1.3292346043475185,-1.7630432533531366,-0.9441892128719765,-50.0986635850422,1,100.0,0.0,0.0,0.0
cmt_s23,holdout_B,close,buy_hold,0.1,0.0,54.31216885952624,-45.68783114047377,53.05998300134692,-1.3319175683230888,-1.7664667530919342,-0.9452607898219471,-50.155521439792274,1,99.90009990009989,0.09990009990009989,0.0,0.0
cmt_s23,holdout_B,close,buy_hold,0.2,0.0,54.257965098189395,-45.742034901810605,53.05998300134692,-1.3345878441353296,-1.7698834194979178,-0.9463300776667555,-50.21225783466136,1,99.8003992015968,0.1996007984031936,0.0,0.0
cmt_s23,holdout_B,close,buy_hold,0.3,0.0,54.203869420125386,-45.796130579874614,53.05998300134691,-1.3372454421764794,-1.773293273009774,-0.9473970835736186,-50.26887314994184,1,99.70089730807575,0.2991026919242273,0.0,0.0
cmt_s23,holdout_B,close,buy_hold,0.5,0.0,54.09600102326943,-45.90399897673056,53.05998300134691,-1.3425226496380538,-1.7800926226990843,-0.9495242780947328,-50.38174205507272,1,99.50248756218906,0.4975124378109453,0.0,0.0
cmt_s23,holdout_B,close,vanilla,0.0,0.0,112.52476211610232,12.524762116102316,-0.0,1.0696731402439006,0.0,,14.40759810607899,2,212.52476211610232,0.0,0.0,0.0
cmt_s23,holdout_B,close,vanilla,0.1,0.0,112.29993741656965,12.299937416569652,0.09999999999999515,1.0609940997162,131.49595314654897,141.4690315423823,14.146903154237545,2,212.31244966643587,0.21231244966643587,0.0,0.0
cmt_s23,holdout_B,close,vanilla,0.2,0.0,112.07556146893225,12.07556146893225,0.20000000000000187,1.0520876222806301,64.61489229638426,69.43400857758287,13.886801715516706,2,212.1005609941141,0.4242011219882282,0.0,0.0
cmt_s23,holdout_B,close,vanilla,0.3,0.0,111.8516329309611,11.851632930961099,0.300000000000001,1.042947899163799,42.32200173588711,45.424306404810096,13.627291921443074,2,211.88909483160745,0.6356672844948223,0.0,0.0
cmt_s23,holdout_B,close,vanilla,0.5,0.0,111.40511274181276,11.40511274181275,0.49999999999999556,1.0239451383917257,24.489117083211315,26.220079664420318,13.110039832210042,2,211.4674249911466,1.057337124955733,0.0,0.0
cmt_s23,holdout_B,close,smart,0.0,0.0,110.76786763181546,10.767867631815452,1.6402530156080442,0.9329154573352723,13.677549002818525,7.542955622161674,12.372355705848337,62,359.6683803750499,0.0,0.0,0.0
cmt_s23,holdout_B,close,smart,0.1,0.0,110.40006797383712,10.400067973837125,1.7204052231659142,0.91154142536063,12.942861483515594,6.9442109867520125,11.946856852374289,62,359.06244475729625,0.35906244475729626,0.0,0.0
cmt_s23,holdout_B,close,smart,0.2,0.0,110.03348944647888,10.033489446478882,1.9186617756243702,0.8897260380064173,12.088538428361517,6.005732301714636,11.522969001932438,62,358.4580027889449,0.7169160055778897,0.0,0.0
cmt_s23,holdout_B,close,smart,0.3,0.0,109.66812755431133,9.668127554311322,2.136598216411014,0.8674617294164898,11.17017760949602,5.195495091244331,11.100685545324819,62,357.8550496486921,1.0735651489460762,0.0,0.0
cmt_s23,holdout_B,close,smart,0.5,0.0,108.94103579028693,8.941035790286932,2.5713128617966343,0.8215566502885686,9.325623406632527,3.9905317175221144,10.260905530672026,62,356.6535906655308,1.7832679533276543,0.0,0.0
cmt_s23,holdout_B,close,smart_w_short,0.0,0.0,126.479999809533,26.479999809532995,8.984146666680878,1.4717849689261242,4.048348470043075,3.4202490287229033,30.728018910619383,320,2676.1024316940257,0.0,0.0,0.0
cmt_s23,holdout_B,close,smart_w_short,0.1,0.0,123.66898881028047,23.668988810280478,9.814246336594925,1.3489419678409567,3.6551174963814836,2.793819509489277,27.419232886112567,320,2644.524128046021,2.6445241280460214,0.0,0.0
cmt_s23,holdout_B,close,smart_w_short,0.2,0.0,120.92045983509325,20.920459835093254,10.647631189221036,1.2239240273380667,3.2666242738145272,2.2722615068754544,24.194202490673476,320,2613.4248028792344,5.22684960575847,0.0,0.0
cmt_s23,holdout_B,close,smart_w_short,0.2,1.0,120.24017413637043,20.240174136370428,10.866121722792315,1.1902146715579272,3.1652041496747705,2.153257643591419,23.397559655797306,320,2605.424934035708,5.210849868071417,0.6396012687193715,0.0
cmt_s23,holdout_B,close,smart_w_short,0.2,2.0,119.56369457560491,19.563694575604917,11.084085153291708,1.1565060490493722,3.0644958693349102,2.039500952497498,22.606002227701815,320,2597.454920378453,5.194909840756907,1.2754375379710028,0.0
cmt_s23,holdout_B,close,smart_w_short,0.2,5.0,117.55688152866793,17.556881528667923,11.734825358467043,1.0553869843351933,2.7665920314393704,1.7266145614846244,20.261520340408225,320,2573.722808033498,5.147445616066996,3.160569671063672,0.0
cmt_s23,holdout_B,close,smart_w_short,0.3,0.0,118.23302162222498,18.233021622224975,11.477583819525721,1.0967625297276833,2.882559651307016,1.8340798087758372,21.050804736924377,320,2582.796371570773,7.748389114712318,0.0,0.0
cmt_s23,holdout_B,close,smart_w_short,0.5,0.0,113.03600715345723,13.03600715345723,13.114736969532787,0.8361650449179524,2.1295673694324995,1.1438036174150374,15.000683587198328,320,2522.9205766170844,12.614602883085421,0.0,0.0
cmt_s23,holdout_B,next_open,buy_hold,0.0,0.0,54.37654257667572,-45.62345742332429,53.05695758004633,-1.3289049816694223,-1.762422409170783,-0.9440445107581981,-50.08812956097331,1,100.0,0.0,0.0,0.0
cmt_s23,holdout_B,next_open,buy_hold,0.1,0.0,54.32222035631939,-45.67777964368061,53.05695758004633,-1.3315898162963764,-1.7658463757365432,-0.9451163750313937,-50.144999418247814,1,99.90009990009989,0.09990009990009989,0.0,0.0
cmt_s23,holdout_B,next_open,buy_hold,0.2,0.0,54.268006563548624,-45.731993436451376,53.05695758004633,-1.3342619627666088,-1.7692635080376977,-0.9461859495856474,-50.20174779000155,1,99.8003992015968,0.1996007984031936,0.0,0.0
cmt_s23,holdout_B,next_open,buy_hold,0.3,0.0,54.21390087405354,-45.78609912594646,53.05695758004633,-1.3369214313648294,-1.7726738265157227,-0.9472532415900962,-50.25837505660711,1,99.70089730807575,0.2991026919242273,0.0,0.0
cmt_s23,holdout_B,next_open,buy_hold,0.5,0.0,54.106012514105196,-45.893987485894804,53.05695758004633,-1.3422023792122222,-1.779474103361452,-0.9493810064784538,-50.371267788029016,1,99.50248756218906,0.4975124378109453,0.0,0.0
cmt_s23,holdout_B,next_open,vanilla,0.0,0.0,112.51801108214809,12.518011082148096,-0.0,1.0696731402439006,0.0,,14.399768893037246,2,212.5180110821481,0.0,0.0,0.0
cmt_s23,holdout_B,next_open,vanilla,0.1,0.0,112.29319987119473,12.293199871194727,0.099999999999996,1.0609893629142275,131.42392410135574,141.3909178123801,14.139091781237445,2,212.3057053767713,0.2123057053767713,0.0,0.0
cmt_s23,holdout_B,next_open,vanilla,0.2,0.0,112.06883738521336,12.06883738521336,0.20000000000000573,1.0520779098649216,64.57891371642431,69.39504070971115,13.879008141942627,2,212.09382343527753,0.4241876468705551,0.0,0.0
cmt_s23,holdout_B,next_open,vanilla,0.3,0.0,111.84492228205545,11.844922282055448,0.30000000000000165,1.0429329633177042,42.298039929892624,45.398387022690436,13.619516106807206,2,211.8823639901775,0.6356470919705326,0.0,0.0
cmt_s23,holdout_B,next_open,vanilla,0.5,0.0,111.39842888232573,11.398428882325739,0.4999999999999963,1.0239189755718898,24.474768610726276,26.20459882899217,13.102299414495988,2,211.460707544426,1.0573035377221298,0.0,0.0
cmt_s23,holdout_B,next_open,smart,0.0,0.0,110.76436584339959,10.764365843399592,1.637653981364378,0.9330934051207149,13.710854308021599,7.552452331960822,12.368303630500321,62,359.65970381697764,0.0,0.0,0.0
cmt_s23,holdout_B,next_open,smart,0.1,0.0,110.39657231874061,10.396572318740605,1.7178131298772195,0.9117089072009019,12.973055883595034,6.95233582624268,11.942813765635464,62,359.05377839221745,0.3590537783922175,0.0,0.0
cmt_s23,holdout_B,next_open,smart,0.2,0.0,110.02999992154348,10.029999921543475,1.9160618570559724,0.8898825875079287,12.114769289043934,6.011776107443069,11.518934892632092,62,358.44934660309923,0.7168986932061985,0.0,0.0
cmt_s23,holdout_B,next_open,smart,0.3,0.0,109.66464415634888,9.664644156348889,2.1340084814845603,0.8676068672838781,11.192159099284295,5.199913917188605,11.096660402270086,62,357.8464036283423,1.073539210885027,0.0,0.0
cmt_s23,holdout_B,next_open,smart,0.5,0.0,108.93756463658866,8.937564636588657,2.5687434074860604,0.8216774763596971,9.339843934273814,3.9929633518680485,10.256898286444493,62,356.64496493505646,1.7832248246752824,0.0,0.0
cmt_s23,holdout_B,next_open,smart_w_short,0.0,0.0,126.45689298661702,26.45689298661702,8.969564728583126,1.4711591949990015,4.044744965531672,3.4227723146877387,30.700777827793967,320,2675.6405651639616,0.0,0.0,0.0
cmt_s23,holdout_B,next_open,smart_w_short,0.1,0.0,123.64638095699085,23.646380956990853,9.79976568152104,1.3482609314469862,3.651557113591175,2.7952366460263365,27.392664155458867,320,2644.0681010260496,2.6440681010260496,0.0,0.0
cmt_s23,holdout_B,next_open,smart_w_short,0.2,0.0,120.89834023810413,20.89834023810413,10.633176523444982,1.223187706813369,3.263044733411098,2.2729134173559182,24.168289589252055,320,2612.9745299144215,5.225949059828844,0.0,0.0
cmt_s23,holdout_B,next_open,smart_w_short,0.2,1.0,120.2181779614065,20.218177961406504,10.851699044092298,1.1894672937721156,3.1616636438890318,2.153746771174804,23.371811777974493,320,2604.976178880633,5.209952357761266,0.6394983698116246,0.0
cmt_s23,holdout_B,next_open,smart_w_short,0.2,2.0,119.54182113844858,19.54182113844858,11.06969439189057,1.155747597208832,3.0609932215389177,2.0398411671527543,22.58041832837836,320,2597.007677422419,5.194015354844838,1.275232426713349,0.0
cmt_s23,holdout_B,next_open,smart_w_short,0.2,5.0,117.53537223721213,17.535372237212133,11.720529931801721,1.0545952119660194,2.7631958338307894,1.7265791128345211,20.236422171600665,320,2573.2800682306624,5.146560136461325,3.160062002667636,0.0
cmt_s23,holdout_B,next_open,smart_w_short,0.3,0.0,118.2113797975003,18.211379797500292,11.463232775532289,1.0959710530646243,2.878989430970417,1.8341712114327635,21.025531546833818,320,2582.351768570579,7.747055305711739,0.0,0.0
cmt_s23,holdout_B,next_open,smart_w_short,0.5,0.0,113.01529031389222,13.015290313892214,13.100590962391287,0.8352642816670119,2.126087250824315,1.1432036218699109,14.976643036841942,320,2522.48706661676,12.612435333083802,0.0,0.0
cmt_s24,holdout_B,close,buy_hold,0.0,0.0,54.36648102838577,-45.63351897161423,53.05998300134692,-1.3292346043475185,-1.7630432533531366,-0.9441892128719765,-50.0986635850422,1,100.0,0.0,0.0,0.0
cmt_s24,holdout_B,close,buy_hold,0.1,0.0,54.31216885952624,-45.68783114047377,53.05998300134692,-1.3319175683230888,-1.7664667530919342,-0.9452607898219471,-50.155521439792274,1,99.90009990009989,0.09990009990009989,0.0,0.0
cmt_s24,holdout_B,close,buy_hold,0.2,0.0,54.257965098189395,-45.742034901810605,53.05998300134692,-1.3345878441353296,-1.7698834194979178,-0.9463300776667555,-50.21225783466136,1,99.8003992015968,0.1996007984031936,0.0,0.0
cmt_s24,holdout_B,close,buy_hold,0.3,0.0,54.203869420125386,-45.796130579874614,53.05998300134691,-1.3372454421764794,-1.773293273009774,-0.9473970835736186,-50.26887314994184,1,99.70089730807575,0.2991026919242273,0.0,0.0
cmt_s24,holdout_B,close,buy_hold,0.5,0.0,54.09600102326943,-45.90399897673056,53.05998300134691,-1.3425226496380538,-1.7800926226990843,-0.9495242780947328,-50.38174205507272,1,99.50248756218906,0.4975124378109453,0.0,0.0
cmt_s24,holdout_B,close,vanilla,0.0,0.0,100.0,0.0,-0.0,0.0,0.0,,0.0,0,0.0,0.0,0.0,0.0
cmt_s24,holdout_B,close,vanilla,0.1,0.0,100.0,0.0,-0.0,0.0,0.0,,0.0,0,0.0,0.0,0.0,0.0
cmt_s24,holdout_B,close,vanilla,0.2,0.0,100.0,0.0,-0.0,0.0,0.0,,0.0,0,0.0,0.0,0.0,0.0
cmt_s24,holdout_B,close,vanilla,0.3,0.0,100.0,0.0,-0.0,0.0,0.0,,0.0,0,0.0,0.0,0.0,0.0
cmt_s24,holdout_B,close,vanilla,0.5,0.0,100.0,0.0,-0.0,0.0,0.0,,0.0,0,0.0,0.0,0.0,0.0
cmt_s24,holdout_B,close,smart,0.0,0.0,99.31501208319231,-0.6849879168076889,0.9475640524634374,-1.2689075051292384,-1.588677436592987,-0.8241525137411131,-0.7809372957684579,170,80.59064889421137,0.0,0.0,0.0
cmt_s24,holdout_B,close,smart,0.1,0.0,99.23467613437374,-0.7653238656262551,0.985937571572715,-1.4201851804221852,-1.7681784510715366,-0.8849208882777685,-0.8724767516225529,170,80.55805729799216,0.08055805729799216,0.0,0.0
cmt_s24,holdout_B,close,smart,0.2,0.0,99.15440521976991,-0.8455947802300856,1.0242963513773622,-1.5715923314217408,-1.9458316761167755,-0.9410671964855447,-0.9639316957610666,170,80.52548339582847,0.16105096679165692,0.0,0.0
cmt_s24,holdout_B,close,smart,0.3,0.0,99.07419928640924,-0.9258007135907631,1.0720283945845634,-1.7230727831954553,-2.121594530541391,-0.9843976259534789,-1.0553022065837636,170,80.49292717678843,0.24147878153036528,0.0,0.0
cmt_s24,holdout_B,close,smart,0.5,0.0,98.91398215174644,-1.086017848253562,1.2091070377210311,-2.026027098356568,-2.467299814712546,-1.0237226340606602,-1.237790241517056,170,80.42786774438798,0.40213933872193997,0.0,0.0
cmt_s24,holdout_B,close,smart_w_short,0.0,0.0,100.17607061631237,0.17607061631237375,0.6861102976675314,0.14732283930217235,0.23117464001919247,0.2927450551845345,0.20085539695335886,320,170.13681468758446,0.0,0.0,0.0
cmt_s24,holdout_B,close,smart_w_short,0.1,0.0,100.00582314743973,0.0058231474397318905,0.7445897334100067,0.011787637578193136,0.018399824201310304,0.008920422139993249,0.006642054743122294,320,169.9919551725394,0.1699919551725394,0.0,0.0
cmt_s24,holdout_B,close,smart_w_short,0.2,0.0,99.83586512804219,-0.16413487195781062,0.8035228601198738,-0.12386867872479802,-0.19233740690023965,-0.23296751257876153,-0.18719472202229914,320,169.84726035106692,0.3396945207021339,0.0,0.0
cmt_s24,holdout_B,close,smart_w_short,0.2,1.0,99.79340667446962,-0.2065933255303798,0.8151734366076406,-0.15781471173597766,-0.24449561656962038,-0.2890320648203707,-0.2356112615694239,320,169.81719103162467,0.33963438206324936,0.04252584088150234,0.0
cmt_s24,holdout_B,close,smart_w_short,0.2,2.0,99.7509661091614,-0.2490338908386014,0.8268226795040592,-0.19176786755407732,-0.2964305987654087,-0.3434890149901761,-0.28400450775438735,320,169.78712974043077,0.33957425948086156,0.08503374866194775,0.0
cmt_s24,holdout_B,close,smart_w_short,0.2,5.0,99.62375166818093,-0.37624833181907347,0.861762408131838,-0.29366371221287796,-0.4509011766981837,-0.49786877822035097,-0.4290445972528256,320,169.69699401237926,0.3393939880247585,0.21244994823655222,0.0
cmt_s24,holdout_B,close,smart_w_short,0.3,0.0,99.66619606492219,-0.33380393507781436,0.8624211448735545,-0.25963107902745586,-0.40102629467381795,-0.44138025488677524,-0.380655664744034,320,169.7027300117664,0.5091081900352992,0.0,0.0
cmt_s24,holdout_B,close,smart_w_short,0.5,0.0,99.32772283894478,-0.6722771610552236,0.9801132712863687,-0.5314136696778076,-0.8122182605086249,-0.7820044774307235,-0.7664529665352138,320,169.41416193553425,0.8470708096776712,0.0,0.0
cmt_s24,holdout_B,next_open,buy_hold,0.0,0.0,54.37654257667572,-45.62345742332429,53.05695758004633,-1.3289049816694223,-1.762422409170783,-0.9440445107581981,-50.08812956097331,1,100.0,0.0,0.0,0.0
cmt_s24,holdout_B,next_open,buy_hold,0.1,0.0,54.32222035631939,-45.67777964368061,53.05695758004633,-1.3315898162963764,-1.7658463757365432,-0.9451163750313937,-50.144999418247814,1,99.90009990009989,0.09990009990009989,0.0,0.0
cmt_s24,holdout_B,next_open,buy_hold,0.2,0.0,54.268006563548624,-45.731993436451376,53.05695758004633,-1.3342619627666088,-1.7692635080376977,-0.9461859495856474,-50.20174779000155,1,99.8003992015968,0.1996007984031936,0.0,0.0
cmt_s24,holdout_B,next_open,buy_hold,0.3,0.0,54.21390087405354,-45.78609912594646,53.05695758004633,-1.3369214313648294,-1.7726738265157227,-0.9472532415900962,-50.25837505660711,1,99.70089730807575,0.2991026919242273,0.0,0.0
cmt_s24,holdout_B,next_open,buy_hold,0.5,0.0,54.106012514105196,-45.893987485894804,53.05695758004633,-1.3422023792122222,-1.779474103361452,-0.9493810064784538,-50.371267788029016,1,99.50248756218906,0.4975124378109453,0.0,0.0
cmt_s24,holdout_B,next_open,vanilla,0.0,0.0,100.0,0.0,-0.0,0.0,0.0,,0.0,0,0.0,0.0,0.0,0.0
cmt_s24,holdout_B,next_open,vanilla,0.1,0.0,100.0,0.0,-0.0,0.0,0.0,,0.0,0,0.0,0.0,0.0,0.0
cmt_s24,holdout_B,next_open,vanilla,0.2,0.0,100.0,0.0,-0.0,0.0,0.0,,0.0,0,0.0,0.0,0.0,0.0
cmt_s24,holdout_B,next_open,vanilla,0.3,0.0,100.0,0.0,-0.0,0.0,0.0,,0.0,0,0.0,0.0,0.0,0.0
cmt_s24,holdout_B,next_open,vanilla,0.5,0.0,100.0,0.0,-0.0,0.0,0.0,,0.0,0,0.0,0.0,0.0,0.0
cmt_s24,holdout_B,next_open,smart,0.0,0.0,99.31568637160612,-0.6843136283938844,0.9471854193565874,-1.2685545645910814,-1.588579071062208,-0.8236707536692043,-0.7801689282259217,170,80.59028958712285,0.0,0.0,0.0
cmt_s24,holdout_B,next_open,smart,0.1,0.0,99.23535063393525,-0.7646493660647402,0.985557231315503,-1.4199430093850196,-1.7682380780509341,-0.8844826086548961,-0.8717082309326329,170,80.55769843079312,0.08055769843079312,0.0,0.0
cmt_s24,holdout_B,next_open,smart,0.2,0.0,99.15507992965343,-0.8449200703465776,1.0239143053862894,-1.5714622507310516,-1.9460447111354322,-0.9406676104069561,-0.9631630229092192,170,80.52512496810002,0.16105024993620007,0.0,0.0
cmt_s24,holdout_B,next_open,smart,0.3,0.0,99.07487420578958,-0.925125794210413,1.0717554944752437,-1.7230559988372707,-2.1219564473430084,-0.983930931999366,-1.0545333825544678,170,80.49256918811196,0.24147770756433584,0.0,0.0
cmt_s24,holdout_B,next_open,smart,0.5,0.0,98.91465748765121,-1.0853425123487859,1.2088346208783534,-2.0262400481010547,-2.467945982735523,-1.0233170830093519,-1.2370211180779522,170,80.42751063256136,0.4021375531628068,0.0,0.0
cmt_s24,holdout_B,next_open,smart_w_short,0.0,0.0,100.17659683052482,0.17659683052482222,0.6852877058425334,0.14772878617323887,0.231963766323442,0.29397252722274153,0.20145575876120425,320,170.13903989483205,0.0,0.0,0.0
cmt_s24,holdout_B,next_open,smart_w_short,0.1,0.0,100.00634750784539,0.006347507845383404,0.7437594952818286,0.012205820749064037,0.019065027863873457,0.009734542543437814,0.007240158448906797,320,169.99417766331226,0.16999417766331226,0.0,0.0
cmt_s24,holdout_B,next_open,smart_w_short,0.2,0.0,99.83638763928303,-0.16361236071696927,0.8026886935844496,-0.12343831665079602,-0.19179371662934586,-0.2324672959399619,-0.18659887007915765,320,169.84948012920933,0.3396989602584187,0.0,0.0
cmt_s24,holdout_B,next_open,smart_w_short,0.2,1.0,99.79392894368704,-0.20607105631296196,0.8143392933224148,-0.15738106355414258,-0.24398191160023186,-0.28859680869248944,-0.235015721245746,320,169.8194098683171,0.33963881973663423,0.04252618984456594,0.0
cmt_s24,holdout_B,next_open,smart_w_short,0.2,2.0,99.75148813646476,-0.24851186353523902,0.8259885594749725,-0.19133091296235194,-0.29594649929909755,-0.34311525945420024,-0.2834092788904563,320,169.7893476359285,0.339578695271857,0.08503444643090755,0.0
cmt_s24,holdout_B,next_open,smart_w_short,0.2,5.0,99.62427297039868,-0.37572702960132487,0.8609283579086453,-0.29321671817905537,-0.4505039533560752,-0.4976608075154133,-0.4284503018097352,320,169.6992090858231,0.3393984181716462,0.21245169148086473,0.0
cmt_s24,holdout_B,next_open,smart_w_short,0.3,0.0,99.66671673163006,-0.3332832683699438,0.8615830548974943,-0.2591886004649942,-0.4006015596697065,-0.4411206279875778,-0.3800620582398384,320,169.70494708111679,0.5091148412433504,0.0,0.0
cmt_s24,holdout_B,next_open,smart_w_short,0.5,0.0,99.3282398304412,-0.6717601695587994,0.9792673493104821,-0.5309471653488951,-0.8120234479267289,-0.7820783900745257,-0.76586383200129,320,169.41637359879292,0.8470818679939646,0.0,0.0
cmt_s25,holdout_B,close,buy_hold,0.0,0.0,54.36648102838577,-45.63351897161423,53.05998300134692,-1.3292346043475185,-1.7630432533531366,-0.9441892128719765,-50.0986635850422,1,100.0,0.0,0.0,0.0
cmt_s25,holdout_B,close,buy_hold,0.1,0.0,54.31216885952624,-45.68783114047377,53.05998300134692,-1.3319175683230888,-1.7664667530919342,-0.9452607898219471,-50.155521439792274,1,99.90009990009989,0.09990009990009989,0.0,0.0
cmt_s25,holdout_B,close,buy_hold,0.2,0.0,54.257965098189395,-45.742034901810605,53.05998300134692,-1.3345878441353296,-1.7698834194979178,-0.9463300776667555,-50.21225783466136,1,99.8003992015968,0.1996007984031936,0.0,0.0
cmt_s25,holdout_B,close,buy_hold,0.3,0.0,54.203869420125386,-45.796130579874614,53.05998300134691,-1.3372454421764794,-1.773293273009774,-0.9473970835736186,-50.26887314994184,1,99.70089730807575,0.2991026919242273,0.0,0.0
cmt_s25,holdout_B,close,buy_hold,0.5,0.0,54.09600102326943,-45.90399897673056,53.05998300134691,-1.3425226496380538,-1.7800926226990843,-0.9495242780947328,-50.38174205507272,1,99.50248756218906,0.4975124378109453,0.0,0.0
cmt_s25,holdout_B,close,vanilla,0.0,0.0,112.52476211610232,12.524762116102316,-0.0,1.0696731402439006,0.0,,14.40759810607899,2,212.52476211610232,0.0,0.0,0.0
cmt_s25,holdout_B,close,vanilla,0.1,0.0,112.29993741656965,12.299937416569652,0.09999999999999515,1.0609940997162,131.49595314654897,141.4690315423823,14.146903154237545,2,212.31244966643587,0.21231244966643587,0.0,0.0
cmt_s25,holdout_B,close,vanilla,0.2,0.0,112.07556146893225,12.07556146893225,0.20000000000000187,1.0520876222806301,64.61489229638426,69.43400857758287,13.886801715516706,2,212.1005609941141,0.4242011219882282,0.0,0.0
cmt_s25,holdout_B,close,vanilla,0.3,0.0,111.8516329309611,11.851632930961099,0.300000000000001,1.042947899163799,42.32200173588711,45.424306404810096,13.627291921443074,2,211.88909483160745,0.6356672844948223,0.0,0.0
cmt_s25,holdout_B,close,vanilla,0.5,0.0,111.40511274181276,11.40511274181275,0.49999999999999556,1.0239451383917257,24.489117083211315,26.220079664420318,13.110039832210042,2,211.4674249911466,1.057337124955733,0.0,0.0
cmt_s25,holdout_B,close,smart,0.0,0.0,112.42117800674652,12.421178006746514,0.7731771987109411,1.0584502920104346,17.31072036066667,18.47891830109249,14.287478287247035,120,732.0778613093752,0.0,0.0,0.0
cmt_s25,holdout_B,close,smart,0.1,0.0,111.6625095004522,11.6625095004522,0.8221698036944596,1.0085392845697019,15.681570985052948,16.308278957610796,13.408174509173353,120,729.5460386598197,0.7295460386598198,0.0,0.0
cmt_s25,holdout_B,close,smart,0.2,0.0,110.90896035727576,10.908960357275754,0.8874944884773299,0.9576723418148794,13.955392424040172,14.124747280700038,12.535635362756437,120,727.0258575823343,1.4540517151646686,0.0,0.0
cmt_s25,holdout_B,close,smart,0.3,0.0,110.16049558243384,10.160495582433837,1.0219955037846664,0.9058376181482829,12.25105658669884,11.41864934169937,11.669808286510497,120,724.5172566483532,2.1735517699450595,0.0,0.0
cmt_s25,holdout_B,close,smart,0.5,0.0,108.6786803831599,8.678680383159909,1.7658918539805637,0.7992204378050531,9.18287647903483,5.639123457468177,9.958082177133765,120,719.5345512845518,3.5976727564227584,0.0,0.0
cmt_s25,holdout_B,close,smart_w_short,0.0,0.0,127.21153931943088,27.211539319430877,7.040595991687713,1.516014219455779,3.819428043414791,4.486950583749568,31.59080629484805,320,3029.802766875864,0.0,0.0,0.0
cmt_s25,holdout_B,close,smart_w_short,0.1,0.0,124.01055791954515,24.01055791954514,7.499228084677167,1.3748171812808074,3.418072621222213,3.709812178393119,27.820727677083056,320,2989.5217563979486,2.9895217563979486,0.0,0.0
cmt_s25,holdout_B,close,smart_w_short,0.2,0.0,120.89012209015674,20.890122090156726,8.564504279928277,1.2311194206040281,3.0204244244729845,2.8207893283575203,24.15866227549399,320,2949.9310211218835,5.899862042243767,0.0,0.0
cmt_s25,holdout_B,close,smart_w_short,0.2,1.0,120.3452941679637,20.34529416796369,8.712498144275566,1.2039162889676664,2.943699908181229,2.699641122898475,23.52061827346297,320,2941.789799418101,5.883579598836203,0.5119469495401352,0.0
cmt_s25,holdout_B,close,smart_w_short,0.2,2.0,119.802898503065,19.802898503065002,8.860258463624445,1.1767106530728764,2.867479853246998,2.5829749912931095,22.885826027935053,320,2933.6750392845834,5.867350078569167,1.0214943024110033,0.0
cmt_s25,holdout_B,close,smart_w_short,0.2,5.0,118.1901977292211,18.190197729221104,9.302141742685752,1.0950820576060425,2.641811153114104,2.257630174693926,21.000795887567293,320,2909.488615416163,5.818977230832326,2.535846981786482,0.0
cmt_s25,holdout_B,close,smart_w_short,0.3,0.0,117.84820258941,17.84820258941,9.652925549374686,1.0849458290055247,2.6264968483806332,2.1342247469534485,20.601512587974668,320,2911.017385934264,8.733052157802792,0.0,0.0
cmt_s25,holdout_B,close,smart_w_short,0.5,0.0,111.9920505520537,11.992050552053701,11.791243572481639,0.785301447441119,1.850359149076486,1.1695130088895698,13.7900127490028,320,2835.1700493346502,14.175850246673251,0.0,0.0
cmt_s25,holdout_B,next_open,buy_hold,0.0,0.0,54.37654257667572,-45.62345742332429,53.05695758004633,-1.3289049816694223,-1.762422409170783,-0.9440445107581981,-50.08812956097331,1,100.0,0.0,0.0,0.0
cmt_s25,holdout_B,next_open,buy_hold,0.1,0.0,54.32222035631939,-45.67777964368061,53.05695758004633,-1.3315898162963764,-1.7658463757365432,-0.9451163750313937,-50.144999418247814,1,99.90009990009989,0.09990009990009989,0.0,0.0
cmt_s25,holdout_B,next_open,buy_hold,0.2,0.0,54.268006563548624,-45.731993436451376,53.05695758004633,-1.3342619627666088,-1.7692635080376977,-0.9461859495856474,-50.20174779000155,1,99.8003992015968,0.1996007984031936,0.0,0.0
cmt_s25,holdout_B,next_open,buy_hold,0.3,0.0,54.21390087405354,-45.78609912594646,53.05695758004633,-1.3369214313648294,-1.7726738265157227,-0.9472532415900962,-50.25837505660711,1,99.70089730807575,0.2991026919242273,0.0,0.0
cmt_s25,holdout_B,next_open,buy_hold,0.5,0.0,54.106012514105196,-45.893987485894804,53.05695758004633,-1.3422023792122222,-1.779474103361452,-0.9493810064784538,-50.371267788029016,1,99.50248756218906,0.4975124378109453,0.0,0.0
cmt_s25,holdout_B,next_open,vanilla,0.0,0.0,112.51801108214809,12.518011082148096,-0.0,1.0696731402439006,0.0,,14.399768893037246,2,212.5180110821481,0.0,0.0,0.0
cmt_s25,holdout_B,next_open,vanilla,0.1,0.0,112.29319987119473,12.293199871194727,0.099999999999996,1.0609893629142275,131.42392410135574,141.3909178123801,14.139091781237445,2,212.3057053767713,0.2123057053767713,0.0,0.0
cmt_s25,holdout_B,next_open,vanilla,0.2,0.0,112.06883738521336,12.06883738521336,0.20000000000000573,1.0520779098649216,64.57891371642431,69.39504070971115,13.879008141942627,2,212.09382343527753,0.4241876468705551,0.0,0.0
cmt_s25,holdout_B,next_open,vanilla,0.3,0.0,111.84492228205545,11.844922282055448,0.30000000000000165,1.0429329633177042,42.298039929892624,45.398387022690436,13.619516106807206,2,211.8823639901775,0.6356470919705326,0.0,0.0
cmt_s25,holdout_B,next_open,vanilla,0.5,0.0,111.39842888232573,11.398428882325739,0.4999999999999963,1.0239189755718898,24.474768610726276,26.20459882899217,13.102299414495988,2,211.460707544426,1.0573035377221298,0.0,0.0
cmt_s25,holdout_B,next_open,smart,0.0,0.0,112.4121070301806,12.412107030180586,0.7725245142456572,1.0582703623008598,17.307498400017806,18.48091515249788,14.276960000998628,120,732.0378926866238,0.0,0.0,0.0
cmt_s25,holdout_B,next_open,smart,0.1,0.0,111.65350037342984,11.653500373429825,0.8215173349558763,1.0083307718155847,15.677743862805103,16.308527298680666,13.397737883467297,120,729.5062527577434,0.7295062527577434,0.0,0.0
cmt_s25,holdout_B,next_open,smart,0.2,0.0,110.90001265815131,10.900012658151304,0.8874278117981759,0.9574342407320544,13.95090351830989,14.114139310456842,12.52527976369333,120,726.9862534782187,1.4539725069564375,0.0,0.0
cmt_s25,holdout_B,next_open,smart,0.3,0.0,110.15160889247194,10.15160889247193,1.0215931904837108,0.9055689055204021,12.246002038936906,11.413088099812175,11.659533085158792,120,724.4778334245598,2.1734335002736795,0.0,0.0
cmt_s25,holdout_B,next_open,smart,0.5,0.0,108.6699144668568,8.669914466856788,1.7677690073956445,0.7988873673024542,9.177182929348984,5.627412779875292,9.94796590408571,120,719.495487088639,3.5974774354431953,0.0,0.0
cmt_s25,holdout_B,next_open,smart_w_short,0.0,0.0,127.16071727559364,27.160717275593637,7.032132089402572,1.5140355181979368,3.815826027688114,4.483824123501582,31.530843502112837,320,3028.9902682996108,0.0,0.0,0.0
cmt_s25,holdout_B,next_open,smart_w_short,0.1,0.0,123.96101182320936,23.961011823209354,7.48980148237654,1.3727746548705044,3.4142154338477684,3.7067043111803084,27.762479444609788,320,2988.7230510973022,2.9887230510973017,0.0,0.0
cmt_s25,holdout_B,next_open,smart_w_short,0.2,0.0,120.84181972545896,20.841819725458954,8.577210592054147,1.229013273990946,3.016320905650577,2.810013710875865,24.102079364741847,320,2949.1458477805963,5.898291695561191,0.0,0.0
cmt_s25,holdout_B,next_open,smart_w_short,0.2,1.0,120.29720124530157,20.297201245301565,8.725185815689649,1.201801188489129,2.9395755480113954,2.689262667865322,23.46431648432221,320,2941.006890594401,5.882013781188801,0.5118378277840399,0.0
cmt_s25,holdout_B,next_open,smart_w_short,0.2,2.0,119.75501412315538,19.75501412315537,8.8729275208912,1.1745866607041986,2.863334521312425,2.572973116466348,22.829803975607454,320,2932.8943874536917,5.865788774907384,1.0212767193836974,0.0
cmt_s25,holdout_B,next_open,smart_w_short,0.2,5.0,118.14293362002552,18.142933620025524,9.314755116529758,1.0929317645607322,2.6376007260571757,2.24864792926125,20.945604804360272,320,2908.7146896798445,5.817429379359689,2.5353079455774914,0.0
cmt_s25,holdout_B,next_open,smart_w_short,0.3,0.0,117.8011125594852,17.801112559485198,9.665538839418497,1.082776434383325,2.6221702304288486,2.1257528962682364,20.546547181887,320,2910.2454885184648,8.730736465555394,0.0,0.0
cmt_s25,holdout_B,next_open,smart_w_short,0.5,0.0,111.94729417268263,11.947294172682632,11.80367208119334,0.7830073909083916,1.8455991506513663,1.1638873299150279,13.738144381772678,320,2834.4239562406024,14.172119781203014,0.0,0.0
naive,holdout_B,close,buy_hold,0.0,0.0,54.36648102838577,-45.63351897161423,53.05998300134692,-1.3292346043475185,-1.7630432533531366,-0.9441892128719765,-50.0986635850422,1,100.0,0.0,0.0,0.0
naive,holdout_B,close,buy_hold,0.1,0.0,54.31216885952624,-45.68783114047377,53.05998300134692,-1.3319175683230888,-1.7664667530919342,-0.9452607898219471,-50.155521439792274,1,99.90009990009989,0.09990009990009989,0.0,0.0
naive,holdout_B,close,buy_hold,0.2,0.0,54.257965098189395,-45.742034901810605,53.05998300134692,-1.3345878441353296,-1.7698834194979178,-0.9463300776667555,-50.21225783466136,1,99.8003992015968,0.1996007984031936,0.0,0.0
naive,holdout_B,close,buy_hold,0.3,0.0,54.203869420125386,-45.796130579874614,53.05998300134691,-1.3372454421764794,-1.773293273009774,-0.9473970835736186,-50.26887314994184,1,99.70089730807575,0.2991026919242273,0.0,0.0
naive,holdout_B,close,buy_hold,0.5,0.0,54.09600102326943,-45.90399897673056,53.05998300134691,-1.3425226496380538,-1.7800926226990843,-0.9495242780947328,-50.38174205507272,1,99.50248756218906,0.4975124378109453,0.0,0.0
naive,holdout_B,close,vanilla,0.0,0.0,100.0,0.0,-0.0,0.0,0.0,,0.0,0,0.0,0.0,0.0,0.0
naive,holdout_B,close,vanilla,0.1,0.0,100.0,0.0,-0.0,0.0,0.0,,0.0,0,0.0,0.0,0.0,0.0
naive,holdout_B,close,vanilla,0.2,0.0,100.0,0.0,-0.0,0.0,0.0,,0.0,0,0.0,0.0,0.0,0.0
naive,holdout_B,close,vanilla,0.3,0.0,100.0,0.0,-0.0,0.0,0.0,,0.0,0,0.0,0.0,0.0,0.0
naive,holdout_B,close,vanilla,0.5,0.0,100.0,0.0,-0.0,0.0,0.0,,0.0,0,0.0,0.0,0.0,0.0
naive,holdout_B,close,smart,0.0,0.0,100.0,0.0,-0.0,0.0,0.0,,0.0,0,0.0,0.0,0.0,0.0
naive,holdout_B,close,smart,0.1,0.0,100.0,0.0,-0.0,0.0,0.0,,0.0,0,0.0,0.0,0.0,0.0
naive,holdout_B,close,smart,0.2,0.0,100.0,0.0,-0.0,0.0,0.0,,0.0,0,0.0,0.0,0.0,0.0
naive,holdout_B,close,smart,0.3,0.0,100.0,0.0,-0.0,0.0,0.0,,0.0,0,0.0,0.0,0.0,0.0
naive,holdout_B,close,smart,0.5,0.0,100.0,0.0,-0.0,0.0,0.0,,0.0,0,0.0,0.0,0.0,0.0
naive,holdout_B,close,smart_w_short,0.0,0.0,100.0,0.0,-0.0,0.0,0.0,,0.0,0,0.0,0.0,0.0,0.0
naive,holdout_B,close,smart_w_short,0.1,0.0,100.0,0.0,-0.0,0.0,0.0,,0.0,0,0.0,0.0,0.0,0.0
naive,holdout_B,close,smart_w_short,0.2,0.0,100.0,0.0,-0.0,0.0,0.0,,0.0,0,0.0,0.0,0.0,0.0
naive,holdout_B,close,smart_w_short,0.2,1.0,100.0,0.0,-0.0,0.0,0.0,,0.0,0,0.0,0.0,0.0,0.0
naive,holdout_B,close,smart_w_short,0.2,2.0,100.0,0.0,-0.0,0.0,0.0,,0.0,0,0.0,0.0,0.0,0.0
naive,holdout_B,close,smart_w_short,0.2,5.0,100.0,0.0,-0.0,0.0,0.0,,0.0,0,0.0,0.0,0.0,0.0
naive,holdout_B,close,smart_w_short,0.3,0.0,100.0,0.0,-0.0,0.0,0.0,,0.0,0,0.0,0.0,0.0,0.0
naive,holdout_B,close,smart_w_short,0.5,0.0,100.0,0.0,-0.0,0.0,0.0,,0.0,0,0.0,0.0,0.0,0.0
naive,holdout_B,next_open,buy_hold,0.0,0.0,54.37654257667572,-45.62345742332429,53.05695758004633,-1.3289049816694223,-1.762422409170783,-0.9440445107581981,-50.08812956097331,1,100.0,0.0,0.0,0.0
naive,holdout_B,next_open,buy_hold,0.1,0.0,54.32222035631939,-45.67777964368061,53.05695758004633,-1.3315898162963764,-1.7658463757365432,-0.9451163750313937,-50.144999418247814,1,99.90009990009989,0.09990009990009989,0.0,0.0
naive,holdout_B,next_open,buy_hold,0.2,0.0,54.268006563548624,-45.731993436451376,53.05695758004633,-1.3342619627666088,-1.7692635080376977,-0.9461859495856474,-50.20174779000155,1,99.8003992015968,0.1996007984031936,0.0,0.0
naive,holdout_B,next_open,buy_hold,0.3,0.0,54.21390087405354,-45.78609912594646,53.05695758004633,-1.3369214313648294,-1.7726738265157227,-0.9472532415900962,-50.25837505660711,1,99.70089730807575,0.2991026919242273,0.0,0.0
naive,holdout_B,next_open,buy_hold,0.5,0.0,54.106012514105196,-45.893987485894804,53.05695758004633,-1.3422023792122222,-1.779474103361452,-0.9493810064784538,-50.371267788029016,1,99.50248756218906,0.4975124378109453,0.0,0.0
naive,holdout_B,next_open,vanilla,0.0,0.0,100.0,0.0,-0.0,0.0,0.0,,0.0,0,0.0,0.0,0.0,0.0
naive,holdout_B,next_open,vanilla,0.1,0.0,100.0,0.0,-0.0,0.0,0.0,,0.0,0,0.0,0.0,0.0,0.0
naive,holdout_B,next_open,vanilla,0.2,0.0,100.0,0.0,-0.0,0.0,0.0,,0.0,0,0.0,0.0,0.0,0.0
naive,holdout_B,next_open,vanilla,0.3,0.0,100.0,0.0,-0.0,0.0,0.0,,0.0,0,0.0,0.0,0.0,0.0
naive,holdout_B,next_open,vanilla,0.5,0.0,100.0,0.0,-0.0,0.0,0.0,,0.0,0,0.0,0.0,0.0,0.0
naive,holdout_B,next_open,smart,0.0,0.0,100.0,0.0,-0.0,0.0,0.0,,0.0,0,0.0,0.0,0.0,0.0
naive,holdout_B,next_open,smart,0.1,0.0,100.0,0.0,-0.0,0.0,0.0,,0.0,0,0.0,0.0,0.0,0.0
naive,holdout_B,next_open,smart,0.2,0.0,100.0,0.0,-0.0,0.0,0.0,,0.0,0,0.0,0.0,0.0,0.0
naive,holdout_B,next_open,smart,0.3,0.0,100.0,0.0,-0.0,0.0,0.0,,0.0,0,0.0,0.0,0.0,0.0
naive,holdout_B,next_open,smart,0.5,0.0,100.0,0.0,-0.0,0.0,0.0,,0.0,0,0.0,0.0,0.0,0.0
naive,holdout_B,next_open,smart_w_short,0.0,0.0,100.0,0.0,-0.0,0.0,0.0,,0.0,0,0.0,0.0,0.0,0.0
naive,holdout_B,next_open,smart_w_short,0.1,0.0,100.0,0.0,-0.0,0.0,0.0,,0.0,0,0.0,0.0,0.0,0.0
naive,holdout_B,next_open,smart_w_short,0.2,0.0,100.0,0.0,-0.0,0.0,0.0,,0.0,0,0.0,0.0,0.0,0.0
naive,holdout_B,next_open,smart_w_short,0.2,1.0,100.0,0.0,-0.0,0.0,0.0,,0.0,0,0.0,0.0,0.0,0.0
naive,holdout_B,next_open,smart_w_short,0.2,2.0,100.0,0.0,-0.0,0.0,0.0,,0.0,0,0.0,0.0,0.0,0.0
naive,holdout_B,next_open,smart_w_short,0.2,5.0,100.0,0.0,-0.0,0.0,0.0,,0.0,0,0.0,0.0,0.0,0.0
naive,holdout_B,next_open,smart_w_short,0.3,0.0,100.0,0.0,-0.0,0.0,0.0,,0.0,0,0.0,0.0,0.0,0.0
naive,holdout_B,next_open,smart_w_short,0.5,0.0,100.0,0.0,-0.0,0.0,0.0,,0.0,0,0.0,0.0,0.0,0.0
cmv_thesis,thesis304_val,close,buy_hold,0.0,0.0,157.59138314741142,57.59138314741141,20.057790713601424,1.487634275105975,2.494319751459223,3.6220802549008995,72.65092770067034,1,100.0,0.0,0.0,0.0
cmv_thesis,thesis304_val,close,buy_hold,0.1,0.0,157.43394919821318,57.433949198213185,20.057790713601413,1.4847253025230702,2.4890850027162035,3.611756742552558,72.44386085055798,1,99.90009990009989,0.09990009990009989,0.0,0.0
cmv_thesis,thesis304_val,close,buy_hold,0.2,0.0,157.27682948843454,57.27682948843453,20.057790713601424,1.481813336086257,2.48381905375002,3.601455901105602,72.23724872864099,1,99.8003992015968,0.1996007984031936,0.0,0.0
cmv_thesis,thesis304_val,close,buy_hold,0.3,0.0,157.12002307817687,57.12002307817687,20.057790713601417,1.4788984715812767,2.4785224678763402,3.5911776582225134,72.03108988398841,1,99.70089730807575,0.2991026919242273,0.0,0.0
cmv_thesis,thesis304_val,close,buy_hold,0.5,0.0,156.80734641533476,56.807346415334756,20.057790713601413,1.4730604289260485,2.4678396408972665,3.570688680309385,71.62012625307126,1,99.50248756218906,0.4975124378109453,0.0,0.0
cmv_thesis,thesis304_val,close,vanilla,0.0,0.0,98.05889141869923,-1.9411085813007656,23.02352597466686,0.07323284646895754,0.10933246535568891,-0.10102904392629648,-2.3260448170328463,29,2949.7315564983933,0.0,0.0,0.0
cmv_thesis,thesis304_val,close,vanilla,0.1,0.0,95.25606831870472,-4.743931681295277,23.484002162319822,-0.04158821628168578,-0.061895511981701165,-0.2413719455215233,-5.668379290550796,29,2907.2650655666325,2.907265065566632,0.0,0.0
cmv_thesis,thesis304_val,close,vanilla,0.2,0.0,92.53344564411964,-7.466554355880362,23.941724676652512,-0.156268514552084,-0.2317809542858906,-0.37157884381032735,-8.896238374175724,29,2865.616307759196,5.731232615518392,0.0,0.0
cmv_thesis,thesis304_val,close,vanilla,0.3,0.0,89.88872082587332,-10.111279174126675,24.396710886576653,-0.2706910733852075,-0.4000055861688928,-0.49242508834688387,-12.013552513695892,29,2824.7675080657764,8.474302524197329,0.0,0.0
cmv_thesis,thesis304_val,close,vanilla,0.5,0.0,84.82408492650148,-15.175915073498514,27.37603477904349,-0.4983027095019907,-0.7302824297003444,-0.6550106741540803,-17.931594996286826,29,2745.400744753853,13.727003723769265,0.0,0.0
cmv_thesis,thesis304_val,close,smart,0.0,0.0,113.22284977033006,13.222849770330058,6.695564789461897,1.2708929115141816,2.209917301564729,2.401549128409147,16.07972778433919,252,8439.574325219925,0.0,0.0,0.0
cmv_thesis,thesis304_val,close,smart,0.1,0.0,104.67562775669258,4.675627756692569,7.508395658495454,0.5073059353218597,0.8471248311091919,0.7511381660939107,5.639842545229756,252,8106.8257971506955,8.106825797150696,0.0,0.0
cmv_thesis,thesis304_val,close,smart,0.2,0.0,96.77362842427202,-3.226371575727982,8.314090009029606,-0.2597367154750735,-0.4157600221267507,-0.464406781946771,-3.8611197859092394,252,7791.202879333811,15.582405758667623,0.0,0.0
cmv_thesis,thesis304_val,close,smart,0.3,0.0,89.46813962479442,-10.531860375205582,11.017729086436589,-1.0264684233755215,-1.5736012293025403,-1.1352255712580446,-12.50760779611635,252,7491.722693915913,22.47516808174774,0.0,0.0
cmv_thesis,thesis304_val,close,smart,0.5,0.0,76.46995910213948,-23.530040897860516,23.848827277145304,-2.544056174823891,-3.5788252006564596,-1.1546754741230332,-27.537655943516082,252,6937.554746614516,34.68777373307259,0.0,0.0
cmv_thesis,thesis304_val,close,smart_w_short,0.0,0.0,98.11028332730555,-1.8897166726944525,20.760941286201955,-0.01297874250404836,-0.016922967105511843,-0.109078855190885,-2.264579708184089,304,13919.556897011258,0.0,0.0,0.0
cmv_thesis,thesis304_val,close,smart_w_short,0.1,0.0,84.78245274868199,-15.21754725131801,25.62401464439641,-0.8936021914625248,-1.1314130464145724,-0.7016837514267567,-17.979954722294224,304,12947.44909027709,12.947449090277091,0.0,0.0
cmv_thesis,thesis304_val,close,smart_w_short,0.2,0.0,73.26511147795821,-26.73488852204179,30.188608071983563,-1.7788171616414736,-2.186148518667256,-1.032456159845165,-31.168414361070894,304,12065.238127344554,24.130476254689107,0.0,0.0
cmv_thesis,thesis304_val,close,smart_w_short,0.2,1.0,72.95688461027744,-27.043115389722562,30.308563626110256,-1.803632018547908,-2.2142427099518462,-1.039836408422482,-31.515947945418766,304,12042.81921927775,24.0856384385555,0.3423457146358011,0.0
cmv_thesis,thesis304_val,close,smart_w_short,0.2,2.0,72.6499384502308,-27.35006154976919,30.42832016303116,-1.8284224260537456,-2.242249627738491,-1.0471082422739926,-31.861744841261842,304,12020.459091955272,24.04091818391055,0.6833276239551171,0.0
cmv_thesis,thesis304_val,close,smart_w_short,0.2,5.0,71.73673176800574,-28.263268231994264,30.786398854659396,-1.902643762336028,-2.3257459382966057,-1.0682899690001195,-32.8888010780694,304,11953.72965115331,23.907459302306616,1.6981456940393402,0.0
cmv_thesis,thesis304_val,close,smart_w_short,0.3,0.0,63.31231513547555,-36.68768486452445,36.793423023996965,-2.6644252198393805,-3.1777743712953392,-1.1479298731197944,-42.236269423579756,304,11263.623821414036,33.79087146424211,0.0,0.0
cmv_thesis,thesis304_val,close,smart_w_short,0.5,0.0,47.279097653319205,-52.72090234668079,52.755004919764836,-4.419919292268879,-4.9649843392212984,-1.1244288049957212,-59.31924713947456,304,9869.978066711825,49.349890333559124,0.0,0.0
cmv_thesis,thesis304_val,next_open,buy_hold,0.0,0.0,157.5791532271916,57.579153227191604,20.060734456096828,1.485355697142157,2.487968543360268,3.620746828881344,72.6348406669433,1,100.0,0.0,0.0,0.0
cmv_thesis,thesis304_val,next_open,buy_hold,0.1,0.0,157.42173149569587,57.42173149569587,20.060734456096835,1.4824534049930687,2.482755579239133,3.6104257931898687,72.42779311062475,1,99.90009990009989,0.09990009990009989,0.0,0.0
cmv_thesis,thesis304_val,next_open,buy_hold,0.2,0.0,157.2646239792331,57.26462397923311,20.060734456096835,1.4795481487438746,2.477511696513392,3.6001274229609344,72.22120024013152,1,99.80039920159679,0.19960079840319359,0.0,0.0
cmv_thesis,thesis304_val,next_open,buy_hold,0.3,0.0,157.10782973797762,57.10782973797763,20.060734456096828,1.4766400235558481,2.472237452669823,3.5898516458743686,72.01506060466785,1,99.70089730807575,0.2991026919242273,0.0,0.0
cmv_thesis,thesis304_val,next_open,buy_hold,0.5,0.0,156.79517734048915,56.795177340489154,20.060734456096828,1.470815544437692,2.4616001137261248,3.5693675833588485,71.60413526596192,1,99.50248756218906,0.4975124378109453,0.0,0.0
cmv_thesis,thesis304_val,next_open,vanilla,0.0,0.0,97.9938897391793,-2.0061102608207038,23.11854083437912,0.07132025853208526,0.10646864971069986,-0.10397620132327089,-2.4037780560956623,29,2948.4101140272496,0.0,0.0,0.0
cmv_thesis,thesis304_val,next_open,vanilla,0.1,0.0,95.19292458603962,-4.807075413960371,23.57844863953695,-0.04314114885909243,-0.06420288400095785,-0.2435890774797031,-5.7434525525073665,29,2905.9691695322645,2.9059691695322645,0.0,0.0
cmv_thesis,thesis304_val,next_open,vanilla,0.2,0.0,92.47210669472292,-7.527893305277078,24.03560617033362,-0.1574584367589677,-0.23353571706203072,-0.3731440222488483,-8.968742763587523,29,2864.3454265014707,5.7286908530029415,0.0,0.0
cmv_thesis,thesis304_val,next_open,vanilla,0.3,0.0,89.82913502249501,-10.17086497750499,24.49003077424172,-0.27151576260022975,-0.40121422543423846,-0.49340795519994196,-12.083576007102259,29,2823.521121584992,8.470563364754977,0.0,0.0
cmv_thesis,thesis304_val,next_open,vanilla,0.5,0.0,84.76785638970904,-15.23214361029096,27.42582550564756,-0.4983948057056227,-0.7304302409033387,-0.6562029881984318,-17.996908650614696,29,2744.201833142074,13.721009165710374,0.0,0.0
cmv_thesis,thesis304_val,next_open,smart,0.0,0.0,113.20440406126076,13.204404061260755,6.806373509234538,1.2639130581055669,2.1995107818680038,2.3591156622659994,16.05702234886759,252,8436.014971603308,0.0,0.0,0.0
cmv_thesis,thesis304_val,next_open,smart,0.1,0.0,104.65855670013816,4.658556700138172,7.618228994059112,0.503882387118343,0.8421430763399357,0.7375936830846007,5.619157582309953,252,8103.4618779137145,8.103461877913716,0.0,0.0
cmv_thesis,thesis304_val,next_open,smart,0.2,0.0,96.75782958050647,-3.2421704194935286,8.42295660726113,-0.2595060199639734,-0.4157983690286023,-0.46064158287544693,-3.879964064059971,252,7788.024178214189,15.576048356428377,0.0,0.0
cmv_thesis,thesis304_val,next_open,smart,0.3,0.0,89.45351818848377,-10.546481811516228,11.047230474294494,-1.0225388426787996,-1.5693144281504898,-1.1337479749016872,-12.524775178503589,252,7488.719532527735,22.46615859758321,0.0,0.0
cmv_thesis,thesis304_val,next_open,smart,0.5,0.0,76.45743579940043,-23.54256420059957,23.865396641703455,-2.532812298604715,-3.567921159818356,-1.154470814480551,-27.551903898848796,252,6934.875638388388,34.67437819194194,0.0,0.0
cmv_thesis,thesis304_val,next_open,smart_w_short,0.0,0.0,98.22550309276527,-1.774496907234735,20.772081934785064,-0.00541386182074286,-0.007065815569129386,-0.10238514047527014,-2.12675252685679,304,13928.203308878512,0.0,0.0,0.0
cmv_thesis,thesis304_val,next_open,smart_w_short,0.1,0.0,84.88220776296698,-15.117792237033012,25.634278122623712,-0.8837427989568362,-1.1200258738306021,-0.6968821885126162,-17.86407183903509,304,12955.684857404398,12.9556848574044,0.0,0.0
cmv_thesis,thesis304_val,next_open,smart_w_short,0.2,0.0,73.35147686255073,-26.648523137449274,30.198060282816115,-1.7665219506116343,-2.1731939461590204,-1.0289065665797184,-31.07098252295969,304,12073.095239570728,24.146190479141456,0.0,0.0
cmv_thesis,thesis304_val,next_open,smart_w_short,0.2,1.0,73.04289366831976,-26.957106331680237,30.317995843262242,-1.7912739691553046,-2.2012557982706364,-1.0363152070160082,-31.419000138620788,304,12050.66780638745,24.1013356127749,0.342571669765859,0.0
cmv_thesis,thesis304_val,next_open,smart_w_short,0.2,2.0,72.73559263046637,-27.26440736953363,30.437732428274316,-1.8160016969869985,-2.229230768162758,-1.043615149859399,-31.76527868951379,304,12028.299173506039,24.056598347012077,0.6837789877343695,0.0
cmv_thesis,thesis304_val,next_open,smart_w_short,0.2,5.0,71.82132994935573,-28.17867005064427,30.795751513967133,-1.8900359707324077,-2.312634782183563,-1.0648795413879641,-32.793765748891026,304,11961.544332664453,23.9230886653289,1.6992700240978085,0.0
cmv_thesis,thesis304_val,next_open,smart_w_short,0.3,0.0,63.38708763040225,-36.61291236959775,36.72366913371965,-2.6495839889723065,-3.163300200377409,-1.147879619956538,-42.15435136862376,304,11271.130651559342,33.81339195467804,0.0,0.0
cmv_thesis,thesis304_val,next_open,smart_w_short,0.5,0.0,47.335142743561434,-52.664857256438566,52.70265590764293,-4.399797437687286,-4.947718366150235,-1.124446946540266,-59.261340509911406,304,9876.85727138148,49.384286356907396,0.0,0.0
cmt_thesis,thesis304_val,close,buy_hold,0.0,0.0,157.59138314741142,57.59138314741141,20.057790713601424,1.487634275105975,2.494319751459223,3.6220802549008995,72.65092770067034,1,100.0,0.0,0.0,0.0
cmt_thesis,thesis304_val,close,buy_hold,0.1,0.0,157.43394919821318,57.433949198213185,20.057790713601413,1.4847253025230702,2.4890850027162035,3.611756742552558,72.44386085055798,1,99.90009990009989,0.09990009990009989,0.0,0.0
cmt_thesis,thesis304_val,close,buy_hold,0.2,0.0,157.27682948843454,57.27682948843453,20.057790713601424,1.481813336086257,2.48381905375002,3.601455901105602,72.23724872864099,1,99.8003992015968,0.1996007984031936,0.0,0.0
cmt_thesis,thesis304_val,close,buy_hold,0.3,0.0,157.12002307817687,57.12002307817687,20.057790713601417,1.4788984715812767,2.4785224678763402,3.5911776582225134,72.03108988398841,1,99.70089730807575,0.2991026919242273,0.0,0.0
cmt_thesis,thesis304_val,close,buy_hold,0.5,0.0,156.80734641533476,56.807346415334756,20.057790713601413,1.4730604289260485,2.4678396408972665,3.570688680309385,71.62012625307126,1,99.50248756218906,0.4975124378109453,0.0,0.0
cmt_thesis,thesis304_val,close,vanilla,0.0,0.0,100.0,0.0,-0.0,0.0,0.0,,0.0,0,0.0,0.0,0.0,0.0
cmt_thesis,thesis304_val,close,vanilla,0.1,0.0,100.0,0.0,-0.0,0.0,0.0,,0.0,0,0.0,0.0,0.0,0.0
cmt_thesis,thesis304_val,close,vanilla,0.2,0.0,100.0,0.0,-0.0,0.0,0.0,,0.0,0,0.0,0.0,0.0,0.0
cmt_thesis,thesis304_val,close,vanilla,0.3,0.0,100.0,0.0,-0.0,0.0,0.0,,0.0,0,0.0,0.0,0.0,0.0
cmt_thesis,thesis304_val,close,vanilla,0.5,0.0,100.0,0.0,-0.0,0.0,0.0,,0.0,0,0.0,0.0,0.0,0.0
cmt_thesis,thesis304_val,close,smart,0.0,0.0,101.74800758716277,1.748007587162781,0.7976007718231669,1.0870449819301649,1.9246733271304697,2.6359337767885442,2.1024228148412982,147,138.21957660084882,0.0,0.0,0.0
cmt_thesis,thesis304_val,close,smart,0.1,0.0,101.60987361614558,1.609873616145574,0.8024850979499903,1.0031721988950288,1.7683115518425305,2.4125259757807784,1.936016143981334,147,138.12575346374285,0.13812575346374284,0.0,0.0
cmt_thesis,thesis304_val,close,smart,0.2,0.0,101.4719268852937,1.471926885293695,0.8073697323028323,0.9191217589027311,1.612775761098762,2.1921559118067186,1.7698803316814615,147,138.03201582167725,0.27606403164335447,0.0,0.0
cmt_thesis,thesis304_val,close,smart,0.3,0.0,101.33416713873008,1.3341671387300913,0.8675615670554885,0.8349147364320454,1.4581637840100439,1.8488773541585504,1.6040149346671972,147,137.9383635854943,0.413815090756483,0.0,0.0
cmt_thesis,thesis304_val,close,smart,0.5,0.0,101.05920757673627,1.0592075767362763,1.1012726901281906,0.6661160939823828,1.1520644585577857,1.1560203285499817,1.273093617065113,147,137.75131497465298,0.688756574873265,0.0,0.0
cmt_thesis,thesis304_val,close,smart_w_short,0.0,0.0,97.97485522841991,-2.0251447715800897,3.5241978415217265,-0.6355431285111882,-0.8083598395508016,-0.6885364880067434,-2.4265388048423153,304,479.80036671080177,0.0,0.0,0.0
cmt_thesis,thesis304_val,close,smart_w_short,0.1,0.0,97.50030863013498,-2.4996913698650203,3.9351062094598985,-0.7909464848815935,-1.0004097072269238,-0.7607663876866424,-2.993696536134083,304,478.6410849134782,0.47864108491347823,0.0,0.0
cmt_thesis,thesis304_val,close,smart_w_short,0.2,0.0,97.02805822395209,-2.971941776047915,4.344275511794932,-0.9462413230408163,-1.19018688232669,-0.8189076243302655,-3.5575603388001364,304,477.48555183862777,0.9549711036772555,0.0,0.0
cmt_thesis,thesis304_val,close,smart_w_short,0.2,1.0,96.88270345922004,-3.117296540779957,4.464712061134586,-0.9934145237779523,-1.2470024387632654,-0.8356647006683674,-3.7310022681384836,304,477.09792911785456,0.9541958582357093,0.1472776408523424,0.0
cmt_thesis,thesis304_val,close,smart_w_short,0.2,2.0,96.7375642922216,-3.2624357077783994,4.584998800413255,-1.0405041060621585,-1.3034933866499607,-0.8515018255291933,-3.9041348486010485,304,476.7106856936532,0.9534213713873066,0.294337841037511,0.0
cmt_thesis,thesis304_val,close,smart_w_short,0.2,5.0,96.30343721377669,-3.696562786223312,4.944961997728376,-1.1812564739846836,-1.471030620567926,-0.8941791597074755,-4.421681963914159,304,475.5512272114478,0.9511024544228956,0.7342169834091312,0.0
cmt_thesis,thesis304_val,close,smart_w_short,0.3,0.0,96.55809286637077,-3.4419071336292295,4.751713097049691,-1.1013550545896282,-1.3776316952876237,-0.8666662518761937,-4.118149379811076,304,476.33375375361106,1.4290012612608334,0.0,0.0
cmt_thesis,thesis304_val,close,smart_w_short,0.5,0.0,95.62497299498871,-4.375027005011289,5.561422354799473,-1.4107506055630634,-1.7453253563327062,-0.9403312590842494,-5.22957928518788,304,474.04130789347744,2.3702065394673872,0.0,0.0
cmt_thesis,thesis304_val,next_open,buy_hold,0.0,0.0,157.5791532271916,57.579153227191604,20.060734456096828,1.485355697142157,2.487968543360268,3.620746828881344,72.6348406669433,1,100.0,0.0,0.0,0.0
cmt_thesis,thesis304_val,next_open,buy_hold,0.1,0.0,157.42173149569587,57.42173149569587,20.060734456096835,1.4824534049930687,2.482755579239133,3.6104257931898687,72.42779311062475,1,99.90009990009989,0.09990009990009989,0.0,0.0
cmt_thesis,thesis304_val,next_open,buy_hold,0.2,0.0,157.2646239792331,57.26462397923311,20.060734456096835,1.4795481487438746,2.477511696513392,3.6001274229609344,72.22120024013152,1,99.80039920159679,0.19960079840319359,0.0,0.0
cmt_thesis,thesis304_val,next_open,buy_hold,0.3,0.0,157.10782973797762,57.10782973797763,20.060734456096828,1.4766400235558481,2.472237452669823,3.5898516458743686,72.01506060466785,1,99.70089730807575,0.2991026919242273,0.0,0.0
cmt_thesis,thesis304_val,next_open,buy_hold,0.5,0.0,156.79517734048915,56.795177340489154,20.060734456096828,1.470815544437692,2.4616001137261248,3.5693675833588485,71.60413526596192,1,99.50248756218906,0.4975124378109453,0.0,0.0
cmt_thesis,thesis304_val,next_open,vanilla,0.0,0.0,100.0,0.0,-0.0,0.0,0.0,,0.0,0,0.0,0.0,0.0,0.0
cmt_thesis,thesis304_val,next_open,vanilla,0.1,0.0,100.0,0.0,-0.0,0.0,0.0,,0.0,0,0.0,0.0,0.0,0.0
cmt_thesis,thesis304_val,next_open,vanilla,0.2,0.0,100.0,0.0,-0.0,0.0,0.0,,0.0,0,0.0,0.0,0.0,0.0
cmt_thesis,thesis304_val,next_open,vanilla,0.3,0.0,100.0,0.0,-0.0,0.0,0.0,,0.0,0,0.0,0.0,0.0,0.0
cmt_thesis,thesis304_val,next_open,vanilla,0.5,0.0,100.0,0.0,-0.0,0.0,0.0,,0.0,0,0.0,0.0,0.0,0.0
cmt_thesis,thesis304_val,next_open,smart,0.0,0.0,101.74621752384283,1.7462175238428301,0.7974302497667128,1.0841694375057476,1.9195250971500373,2.633792835406422,2.100266078571922,147,138.20713106306096,0.0,0.0,0.0
cmt_thesis,thesis304_val,next_open,smart,0.1,0.0,101.60808733650735,1.6080873365073467,0.8023178390181576,1.0004073159933884,1.7632666778885182,2.410347195324341,1.933864553036102,147,138.11331702302584,0.13811331702302582,0.0,0.0
cmt_thesis,thesis304_val,next_open,smart,0.2,0.0,101.47014438200239,1.4701443820023918,0.8072057361175026,0.9164731826181931,1.6078672437320374,2.1899421615696126,1.7677338745845539,147,138.01958846913698,0.27603917693827396,0.0,0.0
cmt_thesis,thesis304_val,next_open,smart,0.3,0.0,101.33238840446442,1.3323884044644352,0.8621851367533845,0.83238805013175,1.4534240423536726,1.8579230047961135,1.601873599967396,147,137.92594531224677,0.4137778359367404,0.0,0.0
cmt_thesis,thesis304_val,next_open,smart,0.5,0.0,101.05743635861403,1.0574363586140167,1.095899737941893,0.6638496480159911,1.1477569154446179,1.1597434043491976,1.2709624929061247,147,137.73891483338036,0.6886945741669018,0.0,0.0
cmt_thesis,thesis304_val,next_open,smart_w_short,0.0,0.0,97.96576925874662,-2.0342307412533844,3.5412276951161505,-0.6372358139802192,-0.8109038447559082,-0.6882932590242195,-2.4374031512183203,304,479.71354219319346,0.0,0.0,0.0
cmt_thesis,thesis304_val,next_open,smart_w_short,0.1,0.0,97.49129367956608,-2.5087063204339177,3.952022871469399,-0.7923398826792994,-1.002650006788874,-0.7602348377446844,-3.00446546645482,304,478.5545679731091,0.47855456797310914,0.0,0.0
cmt_thesis,thesis304_val,next_open,smart_w_short,0.2,0.0,97.01911381662302,-2.980886183376985,4.361079636335469,-0.9473364699927195,-1.1921336604559951,-0.8181998252690605,-3.568234596434139,304,477.39934126270737,0.9547986825254148,0.0,0.0
cmt_thesis,thesis304_val,next_open,smart_w_short,0.2,1.0,96.87377169301269,-3.126228306987311,4.481496816661663,-0.994421950030535,-1.2488695938007024,-0.8349126166673564,-3.7416582337854165,304,477.01176906287185,0.9540235381257436,0.14726673452676986,0.0
cmt_thesis,thesis304_val,next_open,smart_w_short,0.2,2.0,96.72864514952347,-3.2713548504765266,4.601764208813897,-1.0414242442076322,-1.3052822246498639,-0.8507112436920273,-3.9147725532575284,304,476.62457611491874,0.9532491522298374,0.2943160509117074,0.0
cmt_thesis,thesis304_val,next_open,smart_w_short,0.2,5.0,96.2945558361717,-3.7054441638283087,4.961669495828311,-1.181917415387036,-1.4725917231009555,-0.8933011509106717,-4.432265071061803,304,475.4652687937248,0.9509305375874497,0.7341626766790335,0.0
cmt_thesis,thesis304_val,next_open,smart_w_short,0.3,0.0,96.54921852939758,-3.4507814706024265,4.768405334700619,-1.1021534102725254,-1.379290248340706,-0.8658512464571183,-4.128729702663303,304,476.24784833455976,1.4287435450036794,0.0,0.0
cmt_thesis,thesis304_val,next_open,smart_w_short,0.5,0.0,95.61623739191181,-4.383762608088193,5.577892756351063,-1.4109614231427579,-1.7464206921905898,-0.9394181923917921,-5.239973930526586,304,473.9560091861594,2.3697800459307974,0.0,0.0
cmv_s23,thesis304_val,close,buy_hold,0.0,0.0,157.5913831475595,57.5913831475595,20.05779071364898,1.4876342751075626,2.494319751462157,3.622080254902023,72.65092770086513,1,100.0,0.0,0.0,0.0
cmv_s23,thesis304_val,close,buy_hold,0.1,0.0,157.43394919836112,57.43394919836111,20.057790713648973,1.4847253025246723,2.4890850027192037,3.611756742553692,72.44386085075251,1,99.90009990009989,0.09990009990009989,0.0,0.0
cmv_s23,thesis304_val,close,buy_hold,0.2,0.0,157.2768294885823,57.2768294885823,20.05779071364897,1.4818133360878707,2.48381905375308,3.6014559011067515,72.23724872883528,1,99.8003992015968,0.1996007984031936,0.0,0.0
cmv_s23,thesis304_val,close,buy_hold,0.3,0.0,157.1200230783245,57.120023078324486,20.05779071364898,1.4788984715829026,2.478522467879464,3.5911776582236716,72.03108988418245,1,99.70089730807575,0.2991026919242273,0.0,0.0
cmv_s23,thesis304_val,close,buy_hold,0.5,0.0,156.80734641548207,56.807346415482066,20.05779071364898,1.473060428927699,2.4678396409005146,3.570688680310568,71.62012625326484,1,99.50248756218906,0.4975124378109453,0.0,0.0
cmv_s23,thesis304_val,close,vanilla,0.0,0.0,163.3400294527233,63.34002945272328,15.00021055358966,1.7955322529918627,3.1388790221627603,5.349262929811719,80.24007025368769,39,5738.136196788889,0.0,0.0,0.0
cmv_s23,thesis304_val,close,vanilla,0.1,0.0,157.09246566219502,57.09246566219504,15.339530731698936,1.666330287860054,2.901993882497229,4.693420203872174,71.9948634540739,39,5621.530950635886,5.6215309506358855,0.0,0.0
cmv_s23,thesis304_val,close,vanilla,0.2,0.0,151.0840031299081,51.084003129908105,15.677497014172785,1.5369287279350035,2.665188489975468,4.090386429682461,64.12702103815965,39,5507.983338554306,11.015966677108613,0.0,0.0
cmv_s23,thesis304_val,close,vanilla,0.3,0.0,145.30547452584818,45.30547452584819,16.014115472290154,1.4074482341877463,2.4290237915843758,3.535583905353889,56.61924892230776,39,5397.403885886231,16.192211657658692,0.0,0.0
cmv_s23,thesis304_val,close,vanilla,0.5,0.0,134.40329892724435,34.40329892724434,16.77710330767543,1.1487281901562008,1.9608901430769066,2.540287992905025,42.61867408821507,39,5184.805417537234,25.924027087686166,0.0,0.0
cmv_s23,thesis304_val,close,smart,0.0,0.0,111.7181478438284,11.718147843828408,8.704598901190684,0.9989615366859014,1.613698698339826,1.6347666990830068,14.229988412541061,283,10786.00548800193,0.0,0.0,0.0
cmv_s23,thesis304_val,close,smart,0.1,0.0,100.91546032802765,0.9154603280276508,9.616362057853182,0.14759828228155444,0.23010612006745,0.11440519331626521,1.1001617602278912,283,10238.256231218933,10.238256231218932,0.0,0.0
cmv_s23,thesis304_val,close,smart,0.2,0.0,91.15733752228955,-8.84266247771045,11.013249894855534,-0.7062919722302481,-1.0604791824348958,-0.9552592536915879,-10.520508875278656,283,9726.72306299697,19.453446125993942,0.0,0.0
cmv_s23,thesis304_val,close,smart,0.3,0.0,82.34276846339736,-17.657231536602637,18.498213450622828,-1.5591428611484532,-2.251513490192822,-1.12472997557189,-20.80549516244262,283,9248.738992070197,27.746216976210597,0.0,0.0
cmv_s23,thesis304_val,close,smart,0.5,0.0,67.1881493982,-32.81185060180001,33.41081539958728,-3.2476236876785665,-4.3317008671658614,-1.1363052508401812,-37.96488497340301,283,8383.775372678123,41.918876863390615,0.0,0.0
cmv_s23,thesis304_val,close,smart_w_short,0.0,0.0,101.21723812764643,1.217238127646425,20.868759104288273,0.174544969152831,0.2327957006370168,0.07011752027232669,1.463265639553235,304,15096.530490838391,0.0,0.0,0.0
cmv_s23,thesis304_val,close,smart_w_short,0.1,0.0,86.46620345480675,-13.533796545193255,25.8957054545443,-0.7540382873903114,-0.9748229500757956,-0.6186484651627822,-16.020338433761317,304,13952.272661475647,13.952272661475646,0.0,0.0
cmv_s23,thesis304_val,close,smart_w_short,0.2,0.0,73.86490142115835,-26.135098578841653,30.603277163716914,-1.6860570570339766,-2.111836871410059,-0.9963408657116696,-30.491295662911877,304,12922.256475697553,25.844512951395107,0.0,0.0
cmv_s23,thesis304_val,close,smart_w_short,0.2,1.0,73.63311125395016,-26.366888746049845,30.69188310574093,-1.7041544384721032,-2.1326538160845825,-1.0019945955241196,-30.753100998410442,304,12903.645799005986,25.80729159801197,0.25418041341666553,0.0
cmv_s23,thesis304_val,close,smart_w_short,0.2,2.0,73.4020362242118,-26.5979637757882,30.780381515105717,-1.7222368293994492,-2.15341809076566,-1.0075877072144117,-31.013934037990232,304,12885.072608700582,25.770145217401165,0.5076041982033108,0.0
cmv_s23,thesis304_val,close,smart_w_short,0.2,5.0,72.71308030167337,-27.286919698326628,31.04523278563015,-1.7763921725856384,-2.215394893311773,-1.0240101962687074,-31.790634918020842,304,12829.577112041112,25.659154224082226,1.263358511470333,0.0
cmv_s23,thesis304_val,close,smart_w_short,0.3,0.0,63.100037668644646,-36.899962331355354,37.51081436701687,-2.617069585733414,-3.174883846008996,-1.1321728908761095,-42.46872714102259,304,11993.754076519268,35.9812622295578,0.0,0.0
cmv_s23,thesis304_val,close,smart_w_short,0.5,0.0,46.048094101185946,-53.951905898814054,54.329191362855326,-4.458419764942186,-5.073629036452033,-1.1151949873104174,-60.58764187248469,304,10397.716255681898,51.9885812784095,0.0,0.0
cmv_s23,thesis304_val,next_open,buy_hold,0.0,0.0,157.5791532271916,57.579153227191604,20.060734456096828,1.485355697142157,2.487968543360268,3.620746828881344,72.6348406669433,1,100.0,0.0,0.0,0.0
cmv_s23,thesis304_val,next_open,buy_hold,0.1,0.0,157.42173149569587,57.42173149569587,20.060734456096835,1.4824534049930687,2.482755579239133,3.6104257931898687,72.42779311062475,1,99.90009990009989,0.09990009990009989,0.0,0.0
cmv_s23,thesis304_val,next_open,buy_hold,0.2,0.0,157.2646239792331,57.26462397923311,20.060734456096835,1.4795481487438746,2.477511696513392,3.6001274229609344,72.22120024013152,1,99.80039920159679,0.19960079840319359,0.0,0.0
cmv_s23,thesis304_val,next_open,buy_hold,0.3,0.0,157.10782973797762,57.10782973797763,20.060734456096828,1.4766400235558481,2.472237452669823,3.5898516458743686,72.01506060466785,1,99.70089730807575,0.2991026919242273,0.0,0.0
cmv_s23,thesis304_val,next_open,buy_hold,0.5,0.0,156.79517734048915,56.795177340489154,20.060734456096828,1.470815544437692,2.4616001137261248,3.5693675833588485,71.60413526596192,1,99.50248756218906,0.4975124378109453,0.0,0.0
cmv_s23,thesis304_val,next_open,vanilla,0.0,0.0,163.08491191132208,63.08491191132208,14.929983387876966,1.7905935097477796,3.1280192849116606,5.35178907468122,79.90212198041205,39,5731.060373825947,0.0,0.0,0.0
cmv_s23,thesis304_val,next_open,vanilla,0.1,0.0,156.8471060663468,56.84710606634682,15.26958391367333,1.6613474885987582,2.8911108359120066,4.693800123417367,71.67237485853173,39,5614.648270122994,5.614648270122995,0.0,0.0
cmv_s23,thesis304_val,next_open,vanilla,0.2,0.0,150.8480280321153,50.8480280321153,15.607829425240318,1.5319095627999006,2.654308227198231,4.08892760339986,63.81928456602171,39,5501.28832646057,11.00257665292114,0.0,0.0
cmv_s23,thesis304_val,next_open,vanilla,0.3,0.0,145.07852479688472,45.07852479688472,15.944725998872961,1.4024004140680932,2.418206193911422,3.532552986451828,56.32558944547479,39,5390.891229514546,16.17267368854364,0.0,0.0
cmv_s23,thesis304_val,next_open,vanilla,0.5,0.0,134.19337708938582,34.19337708938581,16.763947025264432,1.1436460865011657,1.9503418799088024,2.526330194256156,42.351265544836195,39,5178.642155327645,25.893210776638227,0.0,0.0
cmv_s23,thesis304_val,next_open,smart,0.0,0.0,111.73333785624168,11.733337856241665,8.809678875213175,0.9961883699038472,1.610930750800308,1.6173843491357618,14.24863673368173,283,10779.645776258143,0.0,0.0,0.0
cmv_s23,thesis304_val,next_open,smart,0.1,0.0,100.92910637693305,0.9291063769330421,9.720380070078013,0.1486931657886786,0.23206621012883902,0.11486960371963127,1.116576206654063,283,10232.28701946844,10.232287019468439,0.0,0.0
cmv_s23,thesis304_val,next_open,smart,0.2,0.0,91.16959614665042,-8.830403853349578,11.09741440713195,-0.7012177233820809,-1.054069460138346,-0.946712521372376,-10.50606117409002,283,9721.120404182693,19.442240808365383,0.0,0.0
cmv_s23,thesis304_val,next_open,smart,0.3,0.0,82.35378036630262,-17.64621963369738,18.496526584629223,-1.5500273906476825,-2.2411285036572184,-1.1241450591096325,-20.792778970800907,283,9243.480408745523,27.73044122623657,0.0,0.0
cmv_s23,thesis304_val,next_open,smart,0.5,0.0,67.19703445712517,-32.80296554287483,33.40952685037877,-3.230443991076071,-4.315137563815875,-1.1360542541838476,-37.955035108642285,283,8379.142941522598,41.89571470761299,0.0,0.0
cmv_s23,thesis304_val,next_open,smart_w_short,0.0,0.0,101.33350166489691,1.333501664896919,20.833178964762382,0.18137834544214565,0.24204960076274876,0.07695483266290208,1.6032138010695807,304,15103.173073930848,0.0,0.0,0.0
cmv_s23,thesis304_val,next_open,smart_w_short,0.1,0.0,86.56547216573331,-13.434527834266685,25.862279142473298,-0.7442296795842461,-0.962762044601893,-0.6149715105672738,-15.904564870959303,304,13958.703559487829,13.958703559487827,0.0,0.0
cmv_s23,thesis304_val,next_open,smart_w_short,0.2,0.0,73.94965921277579,-26.050340787224215,30.571874756494903,-1.6730720770162018,-2.0970545410986317,-0.9942315081910524,-30.39552114737789,304,12928.48896558721,25.856977931174423,0.0,0.0
cmv_s23,thesis304_val,next_open,smart_w_short,0.2,1.0,73.7176057285269,-26.2823942714731,30.66051343827068,-1.6911102833112914,-2.1178307569155472,-0.9999077243601834,-30.65768421977606,304,12909.876613139908,25.819753226279822,0.25431518367941885,0.0
cmv_s23,thesis304_val,next_open,smart_w_short,0.2,2.0,73.48626818330072,-26.51373181669928,30.749044559064743,-1.7091336028738358,-2.1385545489979556,-1.0055230699099642,-30.918873681829062,304,12891.301748300444,25.782603496600885,0.5078736526217157,0.0
cmv_s23,thesis304_val,next_open,smart_w_short,0.2,5.0,72.7965294997514,-27.203470500248596,31.01399379410732,-1.7631123736375462,-2.200411382308108,-1.0220107800549418,-31.696635990134748,304,12835.80123525151,25.671602470503025,1.2640315018923949,0.0
cmv_s23,thesis304_val,next_open,smart_w_short,0.3,0.0,63.17240544291299,-36.827594557087004,37.445468961196894,-2.6007494742451054,-3.1575749531195623,-1.1320327524387663,-42.38949729450411,304,11999.799179788473,35.99939753936543,0.0,0.0
cmv_s23,thesis304_val,next_open,smart_w_short,0.5,0.0,46.100850010461905,-53.899149989538095,54.28148143112072,-4.435145745633008,-5.051928270513462,-1.1151763010877955,-60.53342167992306,304,10403.412717447578,52.0170635872379,0.0,0.0
cmv_s24,thesis304_val,close,buy_hold,0.0,0.0,157.5913831475595,57.5913831475595,20.05779071364898,1.4876342751075626,2.494319751462157,3.622080254902023,72.65092770086513,1,100.0,0.0,0.0,0.0
cmv_s24,thesis304_val,close,buy_hold,0.1,0.0,157.43394919836112,57.43394919836111,20.057790713648973,1.4847253025246723,2.4890850027192037,3.611756742553692,72.44386085075251,1,99.90009990009989,0.09990009990009989,0.0,0.0
cmv_s24,thesis304_val,close,buy_hold,0.2,0.0,157.2768294885823,57.2768294885823,20.05779071364897,1.4818133360878707,2.48381905375308,3.6014559011067515,72.23724872883528,1,99.8003992015968,0.1996007984031936,0.0,0.0
cmv_s24,thesis304_val,close,buy_hold,0.3,0.0,157.1200230783245,57.120023078324486,20.05779071364898,1.4788984715829026,2.478522467879464,3.5911776582236716,72.03108988418245,1,99.70089730807575,0.2991026919242273,0.0,0.0
cmv_s24,thesis304_val,close,buy_hold,0.5,0.0,156.80734641548207,56.807346415482066,20.05779071364898,1.473060428927699,2.4678396409005146,3.570688680310568,71.62012625326484,1,99.50248756218906,0.4975124378109453,0.0,0.0
cmv_s24,thesis304_val,close,vanilla,0.0,0.0,124.9970632581218,24.997063258121788,5.623510020059548,1.526228774345857,3.146099402419309,5.462859677846833,30.72044613655094,34,3679.126567143574,0.0,0.0,0.0
cmv_s24,thesis304_val,close,vanilla,0.1,0.0,120.81859813939417,20.818598139394172,5.812074435603899,1.309382028990896,2.6437091705378153,4.385969234306096,25.491579662055663,34,3614.2747928241242,3.6142747928241246,0.0,0.0
cmv_s24,thesis304_val,close,vanilla,0.2,0.0,116.77980492723229,16.7798049272323,6.027299404427708,1.0908929405553334,2.1534235388117335,3.396522817625003,20.4718599557963,34,3550.915404139193,7.101830808278386,0.0,0.0
cmv_s24,thesis304_val,close,vanilla,0.3,0.0,112.87600745365792,12.876007453657913,7.333758931418775,0.8714466246050094,1.679454197940717,2.134364186211527,15.652912413529151,34,3489.010071581963,10.46703021474589,0.0,0.0
cmv_s24,thesis304_val,close,vanilla,0.5,0.0,105.45547505114682,5.45547505114683,9.892466399627004,0.4324481435866084,0.7921949991336948,0.6657088305065922,6.585502237721452,34,3369.413469447502,16.84706734723751,0.0,0.0
cmv_s24,thesis304_val,close,smart,0.0,0.0,111.5210133522542,11.521013352254194,4.046211171144405,1.2609071988381655,2.3875802516993687,3.4570658585372143,13.988018496195199,190,5696.986549355147,0.0,0.0,0.0
cmv_s24,thesis304_val,close,smart,0.1,0.0,105.55093339204129,5.550933392041291,4.728650056376574,0.6551738087764987,1.1836183931192397,1.4171811490794235,6.701353720490233,190,5539.0678891273565,5.539067889127358,0.0,0.0
cmv_s24,thesis304_val,close,smart,0.2,0.0,99.90044354732228,-0.09955645267771818,5.7618672415724745,0.04196622717517185,0.07222734642927814,-0.02074350089106774,-0.11952129825977265,190,5386.893020128698,10.773786040257395,0.0,0.0
cmv_s24,thesis304_val,close,smart,0.3,0.0,94.55243185276687,-5.447568147233128,8.14105692846114,-0.5751574599517586,-0.9427069883555738,-0.7989608520436272,-6.504385780098987,190,5240.228486701418,15.720685460104253,0.0,0.0
cmv_s24,thesis304_val,close,smart,0.5,0.0,84.69992916312826,-15.300070836871738,15.868598079665402,-1.8063601830798925,-2.6914188270202044,-1.139092409038194,-18.07579961462492,190,4962.546600359246,24.812733001796232,0.0,0.0
cmv_s24,thesis304_val,close,smart_w_short,0.0,0.0,81.34941464746888,-18.650585352531124,31.284207372827893,-0.9771646883634189,-1.1992045141289642,-0.7016696874082315,-21.95118000810644,304,12702.766990219261,0.0,0.0,0.0
cmv_s24,thesis304_val,close,smart_w_short,0.1,0.0,69.52468789858551,-30.475312101414488,35.787633808513746,-1.816250662560692,-2.1720765224798257,-0.98821026661738,-35.36570714751653,304,11779.704923613644,11.779704923613647,0.0,0.0
cmv_s24,thesis304_val,close,smart_w_short,0.2,0.0,59.41870709989232,-40.58129290010768,41.28686641535203,-2.6580292534597443,-3.0971830779434266,-1.1256533850724517,-46.474700939475134,304,10947.141810945373,21.894283621890743,0.0,0.0
cmv_s24,thesis304_val,close,smart_w_short,0.2,1.0,58.982080637773365,-41.01791936222664,41.69334860974101,-2.6957925705381967,-3.136865552578156,-1.1259972236689513,-46.946594780030104,304,10910.73947867959,21.821478957359183,0.5123071358988865,0.0
cmv_s24,thesis304_val,close,smart_w_short,0.2,2.0,58.548636870078624,-41.45136312992137,42.09704078470365,-2.733501995077081,-3.176384648221636,-1.1263109039808576,-47.4143560611386,304,10874.501958567267,21.749003917134534,1.0211942693583498,0.0
cmv_s24,thesis304_val,close,smart_w_short,0.2,5.0,57.26717243292036,-42.73282756707963,43.29156640567924,-2.8463014713439456,-3.2939633424584884,-1.1270833219350287,-48.793202476283845,304,10766.769812541666,21.533539625083336,2.5275746677247413,0.0
cmv_s24,thesis304_val,close,smart_w_short,0.3,0.0,50.781650777575486,-49.21834922242452,49.336500927826805,-3.4991335202194245,-3.972067953197578,-1.1284628019021645,-55.674406073064176,304,10195.102037699344,30.585306113098035,0.0,0.0
cmv_s24,thesis304_val,close,smart_w_short,0.5,0.0,37.09131081209703,-62.90868918790298,62.90868918790298,-5.165830466139451,-5.56533238027061,-1.106399203780823,-69.60212362839113,304,8898.39944299718,44.49199721498591,0.0,0.0
cmv_s24,thesis304_val,next_open,buy_hold,0.0,0.0,157.5791532271916,57.579153227191604,20.060734456096828,1.485355697142157,2.487968543360268,3.620746828881344,72.6348406669433,1,100.0,0.0,0.0,0.0
cmv_s24,thesis304_val,next_open,buy_hold,0.1,0.0,157.42173149569587,57.42173149569587,20.060734456096835,1.4824534049930687,2.482755579239133,3.6104257931898687,72.42779311062475,1,99.90009990009989,0.09990009990009989,0.0,0.0
cmv_s24,thesis304_val,next_open,buy_hold,0.2,0.0,157.2646239792331,57.26462397923311,20.060734456096835,1.4795481487438746,2.477511696513392,3.6001274229609344,72.22120024013152,1,99.80039920159679,0.19960079840319359,0.0,0.0
cmv_s24,thesis304_val,next_open,buy_hold,0.3,0.0,157.10782973797762,57.10782973797763,20.060734456096828,1.4766400235558481,2.472237452669823,3.5898516458743686,72.01506060466785,1,99.70089730807575,0.2991026919242273,0.0,0.0
cmv_s24,thesis304_val,next_open,buy_hold,0.5,0.0,156.79517734048915,56.795177340489154,20.060734456096828,1.470815544437692,2.4616001137261248,3.5693675833588485,71.60413526596192,1,99.50248756218906,0.4975124378109453,0.0,0.0
cmv_s24,thesis304_val,next_open,vanilla,0.0,0.0,124.99286923947508,24.99286923947508,5.631582642916334,1.518050774897002,3.133551287885901,5.454093804590758,30.715180002770825,34,3677.464508291227,0.0,0.0,0.0
cmv_s24,thesis304_val,next_open,vanilla,0.1,0.0,120.81454432052621,20.814544320526206,5.820130929344074,1.3024581156179187,2.6333780986954562,4.379029352602213,25.4865241755857,34,3612.6407127026264,3.6126407127026265,0.0,0.0
cmv_s24,thesis304_val,next_open,vanilla,0.2,0.0,116.77588662174045,16.775886621740455,6.155807462935802,1.0852549126820152,2.145334804076722,3.324828922004828,20.467006691062117,34,3549.308745479122,7.098617490958245,0.0,0.0
cmv_s24,thesis304_val,next_open,vanilla,0.3,0.0,112.87222013203865,12.87222013203866,7.46048040109558,0.867114276818157,1.6735584130998282,2.0974860117631455,15.648253282331082,34,3487.430289158593,10.46229086747578,0.0,0.0
cmv_s24,thesis304_val,next_open,vanilla,0.5,0.0,105.45193671018721,5.451936710187222,10.01568882620987,0.4307374714036347,0.7903213798990388,0.6570899421439778,6.581208391346327,34,3367.885850639075,16.839429253195377,0.0,0.0
cmv_s24,thesis304_val,next_open,smart,0.0,0.0,111.40027330187294,11.400273301872943,4.159707423063031,1.2415751994688322,2.3459311462949333,3.327123473906601,13.839860211856546,190,5691.334944155605,0.0,0.0,0.0
cmv_s24,thesis304_val,next_open,smart,0.1,0.0,105.43673848722665,5.4367384872266555,4.841328764189755,0.6395900177097984,1.1533935325091618,1.3555711039645106,6.562765377527846,190,5533.6175277991315,5.533617527799132,0.0,0.0
cmv_s24,thesis304_val,next_open,smart,0.2,0.0,99.79243905803217,-0.2075609419678326,5.899269043401176,0.0303690103832264,0.05219389112467749,-0.042235361144468776,-0.24915775853643352,190,5381.636086454651,10.763272172909302,0.0,0.0
cmv_s24,thesis304_val,next_open,smart,0.3,0.0,94.45028227495848,-5.549717725041514,8.274963983387451,-0.5825949212888688,-0.953944478165172,-0.8006860830795823,-6.625648499483116,190,5235.157485078107,15.705472455234318,0.0,0.0
cmv_s24,thesis304_val,next_open,smart,0.5,0.0,84.60855464517303,-15.39144535482697,15.967802554309344,-1.8052525722880237,-2.6892591771038554,-1.1386602679893074,-18.181902335690225,190,4957.826190491769,24.789130952458848,0.0,0.0
cmv_s24,thesis304_val,next_open,smart_w_short,0.0,0.0,81.1960184805418,-18.8039815194582,31.397087277157983,-0.9862395707271082,-1.211945763213322,-0.7047739839165388,-22.127850283697903,304,12682.173157049481,0.0,0.0,0.0
cmv_s24,thesis304_val,next_open,smart_w_short,0.1,0.0,69.39448576935193,-30.60551423064807,35.89226593728259,-1.8244580241407695,-2.184559359556296,-0.9893778206449677,-35.511011851038255,304,11761.395432017896,11.761395432017899,0.0,0.0
cmv_s24,thesis304_val,next_open,smart_w_short,0.2,0.0,59.308197388885226,-40.69180261111477,41.40233231812513,-2.6651900445046723,-3.108967964314042,-1.125400434158298,-46.59420276598415,304,10930.85828715083,21.86171657430166,0.0,0.0
cmv_s24,thesis304_val,next_open,smart_w_short,0.2,1.0,58.87237924678598,-41.127620753214025,41.80801851234239,-2.702919569462631,-3.1486287883254023,-1.1257421125423497,-47.06504708129399,304,10894.535932450652,21.789071864901302,0.5115950421427068,0.0
cmv_s24,thesis304_val,next_open,smart_w_short,0.2,2.0,58.4397379349577,-41.560262065042295,42.21092012657577,-2.7405954020021976,-3.188126205362675,-1.1260538232680808,-47.53176799219423,304,10858.377978897108,21.716755957794216,1.0197775236745734,0.0
cmv_s24,thesis304_val,next_open,smart_w_short,0.2,5.0,57.1606461009146,-42.839353899085395,43.40310633482112,-2.853295311104297,-3.305639560035825,-1.1268213629663306,-48.907547437175715,304,10750.882088067858,21.501764176135715,2.524088024160082,0.0
cmv_s24,thesis304_val,next_open,smart_w_short,0.3,0.0,50.68785976655791,-49.31214023344209,49.435481767245975,-3.5050770193291587,-3.982839327865254,-1.128191334168332,-55.77268213024349,304,10180.616045263474,30.54184813579042,0.0,0.0
cmv_s24,thesis304_val,next_open,smart_w_short,0.5,0.0,37.02376218219459,-62.97623781780541,62.97623781780541,-5.168880487741731,-5.5733751727771965,-1.1062677132876908,-69.66857860216538,304,8886.925560721513,44.43462780360757,0.0,0.0
cmv_s25,thesis304_val,close,buy_hold,0.0,0.0,157.5913831475595,57.5913831475595,20.05779071364898,1.4876342751075626,2.494319751462157,3.622080254902023,72.65092770086513,1,100.0,0.0,0.0,0.0
cmv_s25,thesis304_val,close,buy_hold,0.1,0.0,157.43394919836112,57.43394919836111,20.057790713648973,1.4847253025246723,2.4890850027192037,3.611756742553692,72.44386085075251,1,99.90009990009989,0.09990009990009989,0.0,0.0
cmv_s25,thesis304_val,close,buy_hold,0.2,0.0,157.2768294885823,57.2768294885823,20.05779071364897,1.4818133360878707,2.48381905375308,3.6014559011067515,72.23724872883528,1,99.8003992015968,0.1996007984031936,0.0,0.0
cmv_s25,thesis304_val,close,buy_hold,0.3,0.0,157.1200230783245,57.120023078324486,20.05779071364898,1.4788984715829026,2.478522467879464,3.5911776582236716,72.03108988418245,1,99.70089730807575,0.2991026919242273,0.0,0.0
cmv_s25,thesis304_val,close,buy_hold,0.5,0.0,156.80734641548207,56.807346415482066,20.05779071364898,1.473060428927699,2.4678396409005146,3.570688680310568,71.62012625326484,1,99.50248756218906,0.4975124378109453,0.0,0.0
cmv_s25,thesis304_val,close,vanilla,0.0,0.0,106.09521002143897,6.095210021438979,15.744242501353567,0.44874190087124494,0.7420445419011094,0.4676190402218422,7.36230756750289,34,3276.179467917984,0.0,0.0,0.0
cmv_s25,thesis304_val,close,vanilla,0.1,0.0,102.5486056230362,2.548605623036204,17.329948780734796,0.24871007646504392,0.40562723744381335,0.17702160369860934,3.067775325180433,34,3220.235306122636,3.2202353061226363,0.0,0.0
cmv_s25,thesis304_val,close,vanilla,0.2,0.0,99.12055217195136,-0.8794478280486406,18.88573379255901,0.04836194193005832,0.07773137402985737,-0.05586132473335068,-1.0549821082137534,34,3165.5657451967586,6.331131490393517,0.0,0.0
cmv_s25,thesis304_val,close,vanilla,0.3,0.0,95.80708062274574,-4.192919377254256,20.41216662027159,-0.1517769963895497,-0.24025995183840812,-0.24558112772807103,-5.012842897979586,34,3112.1381678940406,9.336414503682123,0.0,0.0
cmv_s25,thesis304_val,close,vanilla,0.5,0.0,89.50866909855223,-10.491330901447771,23.37919744990529,-0.5493500597743871,-0.842403918545533,-0.5329532052379844,-12.460018216818735,34,3008.88292457673,15.04441462288365,0.0,0.0
cmv_s25,thesis304_val,close,smart,0.0,0.0,107.99171937667998,7.991719376679973,5.684879243981604,0.8886817633260401,1.545234806095719,1.7011222317276797,9.670674466624352,214,6414.021187218607,0.0,0.0,0.0
cmv_s25,thesis304_val,close,smart,0.1,0.0,101.45314270878804,1.4531427087880466,6.384609996828564,0.21170807010782436,0.3527528749492403,0.27366764126232834,1.7472611582119546,214,6213.304891404809,6.2133048914048095,0.0,0.0
cmv_s25,thesis304_val,close,smart,0.2,0.0,95.31045149982016,-4.689548500179841,8.135522904363867,-0.46880767203391643,-0.7476507748837184,-0.688795759364517,-5.603713676738731,214,6020.836420275845,12.04167284055169,0.0,0.0
cmv_s25,thesis304_val,close,smart,0.3,0.0,89.53967267840201,-10.460327321597983,11.025603892427682,-1.1490312581704254,-1.7533475071973526,-1.1267964198573441,-12.42361099275271,214,5836.236978096921,17.508710934290768,0.0,0.0
cmv_s25,thesis304_val,close,smart,0.5,0.0,79.02513279115543,-20.97486720884457,21.338256394931307,-2.4933672557190287,-3.4900988820304435,-1.1538378191921135,-24.620887224089707,214,5489.221550940402,27.446107754702012,0.0,0.0
cmv_s25,thesis304_val,close,smart_w_short,0.0,0.0,87.59437778717722,-12.405622212822776,27.389356206913533,-0.6675243373938192,-0.8375135951425648,-0.5368152515001509,-14.703024140641507,304,12893.130408953297,0.0,0.0,0.0
cmv_s25,thesis304_val,close,smart_w_short,0.1,0.0,75.45177818400114,-24.54822181599886,31.948506207524446,-1.5451814249895286,-1.8852572178894291,-0.8981491019396137,-28.694522158600254,304,11989.871399799442,11.989871399799444,0.0,0.0
cmv_s25,thesis304_val,close,smart_w_short,0.2,0.0,64.99238748389172,-35.007612516108274,36.259348458369544,-2.426942354334739,-2.8788825641609668,-1.1139470714073116,-40.390995026337976,304,11171.362415705877,22.342724831411754,0.0,0.0
cmv_s25,thesis304_val,close,smart_w_short,0.2,1.0,64.61583210827656,-35.384167891723436,36.41993945045024,-2.4601082573758917,-2.9145390651536833,-1.1204142389146101,-40.80541874069239,304,11142.081120970552,22.284162241941104,0.4314347283958546,0.0
cmv_s25,thesis304_val,close,smart_w_short,0.2,2.0,64.24143855575589,-35.75856144424411,36.58013538759361,-2.4932373728066284,-2.95006759094408,-1.1267586254372675,-41.21698306763412,304,11112.904973660852,22.225809947321704,0.8605557870433792,0.0
cmv_s25,thesis304_val,close,smart_w_short,0.2,5.0,63.13110620716145,-36.868893792838556,37.058362344794574,-2.592399094738721,-3.0558853700967488,-1.1450779840884056,-42.43471484739505,304,11026.003154016722,22.052006308033448,2.134165225641972,0.0
cmv_s25,thesis304_val,close,smart_w_short,0.3,0.0,55.98287716009867,-44.01712283990133,44.01712283990133,-3.3089286972180894,-3.815621030559329,-1.1397586504441986,-50.16889652444245,304,10428.67972039592,31.28603916118776,0.0,0.0
cmv_s25,thesis304_val,close,smart_w_short,0.5,0.0,41.53742673921246,-58.46257326078754,58.46257326078754,-5.0579357423598825,-5.512570261427451,-1.1148358812879935,-65.17617438355397,304,9139.978950232435,45.69989475116217,0.0,0.0
cmv_s25,thesis304_val,next_open,buy_hold,0.0,0.0,157.5791532271916,57.579153227191604,20.060734456096828,1.485355697142157,2.487968543360268,3.620746828881344,72.6348406669433,1,100.0,0.0,0.0,0.0
cmv_s25,thesis304_val,next_open,buy_hold,0.1,0.0,157.42173149569587,57.42173149569587,20.060734456096835,1.4824534049930687,2.482755579239133,3.6104257931898687,72.42779311062475,1,99.90009990009989,0.09990009990009989,0.0,0.0
cmv_s25,thesis304_val,next_open,buy_hold,0.2,0.0,157.2646239792331,57.26462397923311,20.060734456096835,1.4795481487438746,2.477511696513392,3.6001274229609344,72.22120024013152,1,99.80039920159679,0.19960079840319359,0.0,0.0
cmv_s25,thesis304_val,next_open,buy_hold,0.3,0.0,157.10782973797762,57.10782973797763,20.060734456096828,1.4766400235558481,2.472237452669823,3.5898516458743686,72.01506060466785,1,99.70089730807575,0.2991026919242273,0.0,0.0
cmv_s25,thesis304_val,next_open,buy_hold,0.5,0.0,156.79517734048915,56.795177340489154,20.060734456096828,1.470815544437692,2.4616001137261248,3.5693675833588485,71.60413526596192,1,99.50248756218906,0.4975124378109453,0.0,0.0
cmv_s25,thesis304_val,next_open,vanilla,0.0,0.0,106.18170026047778,6.181700260477774,15.818789927828265,0.45205745642979456,0.7494392384539629,0.47205896332111075,7.467401574325039,34,3277.3047803335703,0.0,0.0,0.0
cmv_s25,thesis304_val,next_open,vanilla,0.1,0.0,102.63220462257294,2.6322046225729423,17.40309321320906,0.253176625554431,0.4139714403029684,0.18207484691450665,3.1686655326339297,34,3221.337605474804,3.2213376054748046,0.0,0.0
cmv_s25,thesis304_val,next_open,vanilla,0.2,0.0,99.20135657630931,-0.7986434236906925,18.95750170463603,0.053984688119161545,0.08699241735573386,-0.05054081331105474,-0.9581275544980117,34,3166.645634429266,6.333291268858532,0.0,0.0
cmv_s25,thesis304_val,next_open,vanilla,0.3,0.0,95.8851838406291,-4.114816159370904,20.48258398204348,-0.14500187698373987,-0.23013008967202708,-0.24019735935321238,-4.919862585217249,34,3113.1962325646455,9.339588697693936,0.0,0.0
cmv_s25,thesis304_val,next_open,vanilla,0.5,0.0,89.58163776683443,-10.418362233165567,23.44698965561453,-0.5403172494340587,-0.8307256550724831,-0.5277576320321564,-12.37432773892959,34,3009.8990298497647,15.049495149248823,0.0,0.0
cmv_s25,thesis304_val,next_open,smart,0.0,0.0,107.93275706798543,7.932757067985441,5.79026327016535,0.8790887970078521,1.5290155491778206,1.6577457299490088,9.598784211397193,214,6409.665529786765,0.0,0.0,0.0
cmv_s25,thesis304_val,next_open,smart,0.1,0.0,101.39773187158798,1.3977318715879816,6.488796930439422,0.20529368578042767,0.34219895707802794,0.2589913817763028,1.6805424830803384,214,6209.12440096018,6.20912440096018,0.0,0.0
cmv_s25,thesis304_val,next_open,smart,0.2,0.0,95.25837821987429,-4.7416217801257154,8.235968144204662,-0.4719077973229958,-0.7529715525135228,-0.6879133939186943,-5.6656327982860795,214,6016.823587681325,12.03364717536265,0.0,0.0
cmv_s25,thesis304_val,next_open,smart,0.3,0.0,89.4907359282223,-10.509264071777691,11.083786130717215,-1.1487364669904299,-1.7540180494566322,-1.126066100038933,-12.481075821882348,214,5832.384629307432,17.4971538879223,0.0,0.0
cmv_s25,thesis304_val,next_open,smart,0.5,0.0,78.9819137289022,-21.0180862710978,21.389710913405693,-2.486271698360864,-3.4834422039105095,-1.1533761153695448,-24.670381682181418,214,5485.669911337038,27.428349556685188,0.0,0.0
cmv_s25,thesis304_val,next_open,smart_w_short,0.0,0.0,87.60056188483073,-12.39943811516927,27.495570268464974,-0.6653964735355816,-0.8356252434609792,-0.5344785978545208,-14.69579384429961,304,12884.474086744172,0.0,0.0,0.0
cmv_s25,thesis304_val,next_open,smart_w_short,0.1,0.0,75.4579898437628,-24.542010156237193,32.04718031772774,-1.5410963672290852,-1.8819637738057926,-0.8951637423727207,-28.687473865710555,304,11982.124302716846,11.982124302716846,0.0,0.0
cmv_s25,thesis304_val,next_open,smart_w_short,0.2,0.0,64.99850015022992,-35.00149984977008,36.351230282280156,-2.420722988358211,-2.8739827595416223,-1.1109462690239356,-40.38426365652904,304,11164.430531954047,22.328861063908093,0.0,0.0
cmv_s25,thesis304_val,next_open,smart_w_short,0.2,1.0,64.62191260948462,-35.378087390515375,36.51159514271216,-2.453820799762225,-2.909597110698631,-1.1174184648689796,-40.798730594287115,304,11135.174602576777,22.270349205153554,0.4311997601786205,0.0
cmv_s25,thesis304_val,next_open,smart_w_short,0.2,2.0,64.24748705670112,-35.75251294329889,36.67156549224932,-2.4868820480871143,-2.9450842259357612,-1.1237681653113303,-41.210337872319315,304,11106.023728208078,22.21204745641616,0.8600877085553074,0.0
cmv_s25,thesis304_val,next_open,smart_w_short,0.2,5.0,63.137059688349396,-36.862940311650604,37.14911893811116,-2.5858415444150937,-3.0507823432015657,-1.1421050646960482,-42.42819688821263,304,11019.197176228681,22.038394352457367,2.1330088589528975,0.0
cmv_s25,thesis304_val,next_open,smart_w_short,0.3,0.0,55.98879884383897,-44.01120115616103,44.01120115616103,-3.3004205243933207,-3.809053748946796,-1.1397682069210515,-50.162567826199364,304,10422.478933739865,31.267436801219596,0.0,0.0
cmv_s25,thesis304_val,next_open,smart_w_short,0.5,0.0,41.54279431114635,-58.45720568885364,58.457205688853655,-5.044498585728082,-5.5026230293871885,-1.1148458185268313,-65.17077132498139,304,9135.02233316398,45.675111665819905,0.0,0.0
cmt_s23,thesis304_val,close,buy_hold,0.0,0.0,157.5913831475595,57.5913831475595,20.05779071364898,1.4876342751075626,2.494319751462157,3.622080254902023,72.65092770086513,1,100.0,0.0,0.0,0.0
cmt_s23,thesis304_val,close,buy_hold,0.1,0.0,157.43394919836112,57.43394919836111,20.057790713648973,1.4847253025246723,2.4890850027192037,3.611756742553692,72.44386085075251,1,99.90009990009989,0.09990009990009989,0.0,0.0
cmt_s23,thesis304_val,close,buy_hold,0.2,0.0,157.2768294885823,57.2768294885823,20.05779071364897,1.4818133360878707,2.48381905375308,3.6014559011067515,72.23724872883528,1,99.8003992015968,0.1996007984031936,0.0,0.0
cmt_s23,thesis304_val,close,buy_hold,0.3,0.0,157.1200230783245,57.120023078324486,20.05779071364898,1.4788984715829026,2.478522467879464,3.5911776582236716,72.03108988418245,1,99.70089730807575,0.2991026919242273,0.0,0.0
cmt_s23,thesis304_val,close,buy_hold,0.5,0.0,156.80734641548207,56.807346415482066,20.05779071364898,1.473060428927699,2.4678396409005146,3.570688680310568,71.62012625326484,1,99.50248756218906,0.4975124378109453,0.0,0.0
cmt_s23,thesis304_val,close,vanilla,0.0,0.0,100.0,0.0,-0.0,0.0,0.0,,0.0,0,0.0,0.0,0.0,0.0
cmt_s23,thesis304_val,close,vanilla,0.1,0.0,100.0,0.0,-0.0,0.0,0.0,,0.0,0,0.0,0.0,0.0,0.0
cmt_s23,thesis304_val,close,vanilla,0.2,0.0,100.0,0.0,-0.0,0.0,0.0,,0.0,0,0.0,0.0,0.0,0.0
cmt_s23,thesis304_val,close,vanilla,0.3,0.0,100.0,0.0,-0.0,0.0,0.0,,0.0,0,0.0,0.0,0.0,0.0
cmt_s23,thesis304_val,close,vanilla,0.5,0.0,100.0,0.0,-0.0,0.0,0.0,,0.0,0,0.0,0.0,0.0,0.0
cmt_s23,thesis304_val,close,smart,0.0,0.0,100.29571408740804,0.29571408740804994,4.224076363873499,0.10153877066594025,0.15025355415170868,0.08407914044138091,0.35515670983323755,197,376.31413769984175,0.0,0.0,0.0
cmt_s23,thesis304_val,close,smart,0.1,0.0,99.92323845131774,-0.07676154868225815,4.284640474590155,0.0017356957405429006,0.0025568790496872523,-0.02150874981948729,-0.09215726003440894,197,375.61691190681245,0.3756169119068124,0.0,0.0
cmt_s23,thesis304_val,close,smart,0.2,0.0,99.55214653022594,-0.44785346977406215,4.345169111511817,-0.09817895196023217,-0.14397675045376465,-0.12369527861393118,-0.537476903873102,197,374.9214232431853,0.7498428464863707,0.0,0.0
cmt_s23,thesis304_val,close,smart,0.3,0.0,99.18243314924389,-0.8175668507561129,4.5406474713430764,-0.1981892480295207,-0.28932489205212714,-0.21600689355733746,-0.9808111550237975,197,374.22766677436465,1.1226830003230939,0.0,0.0
cmt_s23,thesis304_val,close,smart,0.5,0.0,98.44712140599654,-1.5528785940034595,5.096609191161145,-0.3984326317713326,-0.576371969051382,-0.36525441545515247,-1.8615590109209212,197,372.8453307588703,1.8642266537943515,0.0,0.0
cmt_s23,thesis304_val,close,smart_w_short,0.0,0.0,97.16482780740513,-2.8351721925948703,6.465925771056592,-0.6395844280674068,-0.8841168241180619,-0.524954202126877,-3.3943149041566256,304,961.0388933215996,0.0,0.0,0.0
cmt_s23,thesis304_val,close,smart_w_short,0.1,0.0,96.2230652793575,-3.7769347206424997,7.090869710261956,-0.8638657095480063,-1.185940608560437,-0.6370793332761144,-4.517446547361481,304,956.4057559606917,0.9564057559606917,0.0,0.0
cmt_s23,thesis304_val,close,smart_w_short,0.2,0.0,95.29043110701477,-4.709568892985228,7.711632983097476,-1.0872397509041538,-1.4821538939174765,-0.7297443063246268,-5.627520261880581,304,951.8025624767793,1.9036051249535584,0.0,0.0
cmt_s23,thesis304_val,close,smart_w_short,0.2,1.0,95.15059577919395,-4.849404220806052,7.766231431433232,-1.120883736883014,-1.526334772472164,-0.7460211369467126,-5.793772802269115,304,950.9971143899576,1.9019942287799152,0.14369117559991013,0.0
cmt_s23,thesis304_val,close,smart_w_short,0.2,2.0,95.01096278708913,-4.989037212910874,7.8207991309186005,-1.1545020819201983,-1.5703807962038834,-0.7620366882966579,-5.959735869558591,304,950.1924203963974,1.900384840792795,0.28717663226106044,0.0
cmt_s23,thesis304_val,close,smart_w_short,0.2,5.0,94.59327494007806,-5.406725059921936,7.984317901280559,-1.255193282579492,-1.7016954043480554,-0.8085716638844687,-6.455893210420971,304,947.7828555886392,1.8955657111772788,0.7164016046991499,0.0
cmt_s23,thesis304_val,close,smart_w_short,0.3,0.0,94.36683658317676,-5.633163416823239,8.328243770034884,-1.309492582111766,-1.7722136707074725,-0.8074557278132692,-6.724688134739843,304,947.229093757714,2.841687281273143,0.0,0.0
cmt_s23,thesis304_val,close,smart_w_short,0.5,0.0,92.54641597568036,-7.453584024319637,9.574625303424195,-1.7498079639860202,-2.3323258095323802,-0.9275460454105666,-8.880905836479059,304,938.1704627717743,4.690852313858871,0.0,0.0
cmt_s23,thesis304_val,next_open,buy_hold,0.0,0.0,157.5791532271916,57.579153227191604,20.060734456096828,1.485355697142157,2.487968543360268,3.620746828881344,72.6348406669433,1,100.0,0.0,0.0,0.0
cmt_s23,thesis304_val,next_open,buy_hold,0.1,0.0,157.42173149569587,57.42173149569587,20.060734456096835,1.4824534049930687,2.482755579239133,3.6104257931898687,72.42779311062475,1,99.90009990009989,0.09990009990009989,0.0,0.0
cmt_s23,thesis304_val,next_open,buy_hold,0.2,0.0,157.2646239792331,57.26462397923311,20.060734456096835,1.4795481487438746,2.477511696513392,3.6001274229609344,72.22120024013152,1,99.80039920159679,0.19960079840319359,0.0,0.0
cmt_s23,thesis304_val,next_open,buy_hold,0.3,0.0,157.10782973797762,57.10782973797763,20.060734456096828,1.4766400235558481,2.472237452669823,3.5898516458743686,72.01506060466785,1,99.70089730807575,0.2991026919242273,0.0,0.0
cmt_s23,thesis304_val,next_open,buy_hold,0.5,0.0,156.79517734048915,56.795177340489154,20.060734456096828,1.470815544437692,2.4616001137261248,3.5693675833588485,71.60413526596192,1,99.50248756218906,0.4975124378109453,0.0,0.0
cmt_s23,thesis304_val,next_open,vanilla,0.0,0.0,100.0,0.0,-0.0,0.0,0.0,,0.0,0,0.0,0.0,0.0,0.0
cmt_s23,thesis304_val,next_open,vanilla,0.1,0.0,100.0,0.0,-0.0,0.0,0.0,,0.0,0,0.0,0.0,0.0,0.0
cmt_s23,thesis304_val,next_open,vanilla,0.2,0.0,100.0,0.0,-0.0,0.0,0.0,,0.0,0,0.0,0.0,0.0,0.0
cmt_s23,thesis304_val,next_open,vanilla,0.3,0.0,100.0,0.0,-0.0,0.0,0.0,,0.0,0,0.0,0.0,0.0,0.0
cmt_s23,thesis304_val,next_open,vanilla,0.5,0.0,100.0,0.0,-0.0,0.0,0.0,,0.0,0,0.0,0.0,0.0,0.0
cmt_s23,thesis304_val,next_open,smart,0.0,0.0,100.28031036431898,0.2803103643189697,4.224598932942532,0.097348415642237,0.14409135996828756,0.07968837689449197,0.33665143199639314,197,376.2746029177508,0.0,0.0,0.0
cmt_s23,thesis304_val,next_open,smart,0.1,0.0,99.9078932801221,-0.09210671987790464,4.285168132136173,-0.002321652354466085,-0.0034208183405770418,-0.025804924099985575,-0.1105784384054509,197,375.5774616841347,0.37557746168413464,0.0,0.0
cmt_s23,thesis304_val,next_open,smart,0.2,0.0,99.53685969315906,-0.46314030684093677,4.345701849546896,-0.10210339553164427,-0.1497581770869278,-0.12789979121425263,-0.5558143592364395,197,374.8820573683028,0.7497641147366056,0.0,0.0
cmt_s23,thesis304_val,next_open,smart,0.3,0.0,99.16720442933835,-0.8327955706616486,4.552982574271677,-0.20198095633835872,-0.2948986586177622,-0.21943094353491782,-0.9990652621704732,197,374.1883850362257,1.1225651551086773,0.0,0.0
cmt_s23,thesis304_val,next_open,smart,0.5,0.0,98.4320082726845,-1.5679917273154986,5.108834697721169,-0.4019596446800255,-0.5814974197744793,-0.3679209938454156,-1.8796475393775158,197,372.8062166633233,1.8640310833166167,0.0,0.0
cmt_s23,thesis304_val,next_open,smart_w_short,0.0,0.0,97.14729196939375,-2.8527080306062547,6.47797569934098,-0.6435099331743254,-0.8899882350372148,-0.5272091261105097,-3.4152479074146758,304,960.9872415604756,0.0,0.0,0.0
cmt_s23,thesis304_val,next_open,smart_w_short,0.1,0.0,96.20568705339942,-3.7943129466005865,7.101841816518219,-0.8677102554225629,-1.1917907825702365,-0.6390104171236017,-4.538150901519145,304,956.3543894544662,0.9563543894544662,0.0,0.0
cmt_s23,thesis304_val,next_open,smart_w_short,0.2,0.0,95.27320906366097,-4.7267909363390315,7.722511504766157,-1.0910034034298117,-1.487962287967038,-0.7313680887673049,-5.647998479724348,304,951.7514792529795,1.9035029585059589,0.0,0.0
cmt_s23,thesis304_val,next_open,smart_w_short,0.2,1.0,95.13339797049707,-4.866602029502931,7.777104000511283,-1.1246311484540188,-1.532148698013833,-0.7476068441375293,-5.814216178351595,304,950.9460950823646,1.9018921901647294,0.14368426547598578,0.0
cmt_s23,thesis304_val,next_open,smart_w_short,0.2,2.0,94.99378917926437,-5.006210820735635,7.831665750680037,-1.1582330235324019,-1.5762003229347101,-0.7635852515972209,-5.980144462658354,304,950.1414649402543,1.9002829298805086,0.28716282646917496,0.0
cmt_s23,thesis304_val,next_open,smart_w_short,0.2,5.0,94.5761737326245,-5.423826267375498,7.99516669272087,-1.2588734587087456,-1.7075335222679449,-0.8100141066678256,-6.47619780626465,304,947.7320912989558,1.8954641825979113,0.7163671983867064,0.0
cmt_s23,thesis304_val,next_open,smart_w_short,0.3,0.0,94.34976930608347,-5.650230693916525,8.339029486164543,-1.3131755583870397,-1.777960204279527,-0.8088402508259424,-6.744942701234258,304,947.1782918593083,2.8415348755779246,0.0,0.0
cmt_s23,thesis304_val,next_open,smart_w_short,0.5,0.0,92.5296540338909,-7.470345966109093,9.58986844056394,-1.7533308097157536,-2.3378844233701517,-0.9281379093566987,-8.9007204454308,304,938.1202177141769,4.690601088570885,0.0,0.0
cmt_s24,thesis304_val,close,buy_hold,0.0,0.0,157.5913831475595,57.5913831475595,20.05779071364898,1.4876342751075626,2.494319751462157,3.622080254902023,72.65092770086513,1,100.0,0.0,0.0,0.0
cmt_s24,thesis304_val,close,buy_hold,0.1,0.0,157.43394919836112,57.43394919836111,20.057790713648973,1.4847253025246723,2.4890850027192037,3.611756742553692,72.44386085075251,1,99.90009990009989,0.09990009990009989,0.0,0.0
cmt_s24,thesis304_val,close,buy_hold,0.2,0.0,157.2768294885823,57.2768294885823,20.05779071364897,1.4818133360878707,2.48381905375308,3.6014559011067515,72.23724872883528,1,99.8003992015968,0.1996007984031936,0.0,0.0
cmt_s24,thesis304_val,close,buy_hold,0.3,0.0,157.1200230783245,57.120023078324486,20.05779071364898,1.4788984715829026,2.478522467879464,3.5911776582236716,72.03108988418245,1,99.70089730807575,0.2991026919242273,0.0,0.0
cmt_s24,thesis304_val,close,buy_hold,0.5,0.0,156.80734641548207,56.807346415482066,20.05779071364898,1.473060428927699,2.4678396409005146,3.570688680310568,71.62012625326484,1,99.50248756218906,0.4975124378109453,0.0,0.0
cmt_s24,thesis304_val,close,vanilla,0.0,0.0,100.0,0.0,-0.0,0.0,0.0,,0.0,0,0.0,0.0,0.0,0.0
cmt_s24,thesis304_val,close,vanilla,0.1,0.0,100.0,0.0,-0.0,0.0,0.0,,0.0,0,0.0,0.0,0.0,0.0
cmt_s24,thesis304_val,close,vanilla,0.2,0.0,100.0,0.0,-0.0,0.0,0.0,,0.0,0,0.0,0.0,0.0,0.0
cmt_s24,thesis304_val,close,vanilla,0.3,0.0,100.0,0.0,-0.0,0.0,0.0,,0.0,0,0.0,0.0,0.0,0.0
cmt_s24,thesis304_val,close,vanilla,0.5,0.0,100.0,0.0,-0.0,0.0,0.0,,0.0,0,0.0,0.0,0.0,0.0
cmt_s24,thesis304_val,close,smart,0.0,0.0,102.14858667529592,2.148586675295916,0.5849443515694074,1.5171973630647926,2.744986829900837,4.419646065515859,2.5852470019594564,179,102.02904376255985,0.0,0.0,0.0
cmt_s24,thesis304_val,close,smart,0.1,0.0,102.04623055246617,2.0462305524661772,0.5901191262264616,1.4471210551479563,2.605750933014547,4.171766804057911,2.4618393812312123,179,101.97789592140447,0.10197789592140447,0.0,0.0
cmt_s24,thesis304_val,close,smart,0.2,0.0,101.94397673075358,1.9439767307535716,0.5952939198263557,1.3768945850133774,2.4674662616397884,3.928445801490118,2.338579899994442,179,101.92678258643164,0.20385356517286327,0.0,0.0
cmt_s24,thesis304_val,close,smart,0.3,0.0,101.84182510673344,1.8418251067334301,0.6004687324974018,1.3065244269716048,2.3301454211912884,3.6895649334654803,2.2154683790648777,179,101.87570373081455,0.3056271111924437,0.0,0.0
cmt_s24,thesis304_val,close,smart,0.5,0.0,101.63782803860991,1.637828038609901,0.6368749633501445,1.1653792857605398,2.0584508864833424,3.092739730470555,1.9696885024949706,179,101.77364935045685,0.5088682467522843,0.0,0.0
cmt_s24,thesis304_val,close,smart_w_short,0.0,0.0,101.20598655022489,1.2059865502249023,0.9474291253751932,0.7891704385300741,1.2866352935304817,1.5301658135930507,1.449723658451485,304,174.1224740774387,0.0,0.0,0.0
cmt_s24,thesis304_val,close,smart_w_short,0.1,0.0,101.03197273944008,1.031972739440068,0.9809825051247487,0.6776218226517263,1.099671050349681,1.2643707376537558,1.2403255736300078,304,173.97261337407187,0.17397261337407188,0.0,0.0
cmt_s24,thesis304_val,close,smart_w_short,0.2,0.0,100.85825781511907,0.858257815119079,1.0145248137009468,0.5659074604450556,0.9141247229819606,1.016593490678707,1.0313593217404105,304,173.82292474634818,0.3476458494926964,0.0,0.0
cmt_s24,thesis304_val,close,smart_w_short,0.2,1.0,100.82633274502254,0.826332745022551,1.0158133211607558,0.5451753317364028,0.8800453225358092,0.9775060496151838,0.9929636667143305,304,173.80028402008492,0.3476005680401698,0.03189661281117638,0.0
cmt_s24,thesis304_val,close,smart_w_short,0.2,2.0,100.79441766494938,0.7944176649493873,1.0171018161856753,0.5244502948556069,0.8460213438226859,0.9385318653001727,0.9545824647449352,304,173.77764671467781,0.34755529342935565,0.06378322481050505,0.0
cmt_s24,thesis304_val,close,smart_w_short,0.2,5.0,100.69873233397217,0.698732333972174,1.0669276452728886,0.4623194583771166,0.7442853943243715,0.78686265841988,0.8395255233010879,304,173.7097553177976,0.3474195106355952,0.15938308688056052,0.0
cmt_s24,thesis304_val,close,smart_w_short,0.3,0.0,100.6848412626559,0.6848412626558886,1.0772453202455083,0.45404205927131075,0.7300181946532662,0.7638223117884293,0.822824010873191,304,173.67340797076133,0.5210202239122841,0.0,0.0
cmt_s24,thesis304_val,close,smart_w_short,0.5,0.0,100.33890121933287,0.33890121933286554,1.3345008558280222,0.22991750178359285,0.3662219857635029,0.30501490653455143,0.40704265381066307,304,173.37488908353538,0.8668744454176769,0.0,0.0
cmt_s24,thesis304_val,next_open,buy_hold,0.0,0.0,157.5791532271916,57.579153227191604,20.060734456096828,1.485355697142157,2.487968543360268,3.620746828881344,72.6348406669433,1,100.0,0.0,0.0,0.0
cmt_s24,thesis304_val,next_open,buy_hold,0.1,0.0,157.42173149569587,57.42173149569587,20.060734456096835,1.4824534049930687,2.482755579239133,3.6104257931898687,72.42779311062475,1,99.90009990009989,0.09990009990009989,0.0,0.0
cmt_s24,thesis304_val,next_open,buy_hold,0.2,0.0,157.2646239792331,57.26462397923311,20.060734456096835,1.4795481487438746,2.477511696513392,3.6001274229609344,72.22120024013152,1,99.80039920159679,0.19960079840319359,0.0,0.0
cmt_s24,thesis304_val,next_open,buy_hold,0.3,0.0,157.10782973797762,57.10782973797763,20.060734456096828,1.4766400235558481,2.472237452669823,3.5898516458743686,72.01506060466785,1,99.70089730807575,0.2991026919242273,0.0,0.0
cmt_s24,thesis304_val,next_open,buy_hold,0.5,0.0,156.79517734048915,56.795177340489154,20.060734456096828,1.470815544437692,2.4616001137261248,3.5693675833588485,71.60413526596192,1,99.50248756218906,0.4975124378109453,0.0,0.0
cmt_s24,thesis304_val,next_open,vanilla,0.0,0.0,100.0,0.0,-0.0,0.0,0.0,,0.0,0,0.0,0.0,0.0,0.0
cmt_s24,thesis304_val,next_open,vanilla,0.1,0.0,100.0,0.0,-0.0,0.0,0.0,,0.0,0,0.0,0.0,0.0,0.0
cmt_s24,thesis304_val,next_open,vanilla,0.2,0.0,100.0,0.0,-0.0,0.0,0.0,,0.0,0,0.0,0.0,0.0,0.0
cmt_s24,thesis304_val,next_open,vanilla,0.3,0.0,100.0,0.0,-0.0,0.0,0.0,,0.0,0,0.0,0.0,0.0,0.0
cmt_s24,thesis304_val,next_open,vanilla,0.5,0.0,100.0,0.0,-0.0,0.0,0.0,,0.0,0,0.0,0.0,0.0,0.0
cmt_s24,thesis304_val,next_open,smart,0.0,0.0,102.13460582783755,2.1346058278375546,0.584837545373113,1.504486558810389,2.7168984635401747,4.391628550393033,2.568389261602344,179,102.0356929911971,0.0,0.0,0.0
cmt_s24,thesis304_val,next_open,smart,0.1,0.0,102.03224401947551,2.0322440194755043,0.5900125719001231,1.434493449347538,2.578143034506856,4.143942509748286,2.4449781779828372,179,101.98453181084273,0.10198453181084274,0.0,0.0
cmt_s24,thesis304_val,next_open,smart,0.2,0.0,101.929984539581,1.9299845395809978,0.5951876173172633,1.3643544102686866,2.4403489398965337,3.900812451994434,2.3217152689040788,179,101.93340515332301,0.20386681030664605,0.0,0.0
cmt_s24,thesis304_val,next_open,smart,0.3,0.0,101.82782728467876,1.8278272846787624,0.6003626817526733,1.2940759214523212,2.303527783867007,3.6621202848280707,2.198600355100244,179,101.88231299179222,0.30564693897537665,0.0,0.0
cmt_s24,thesis304_val,next_open,smart,0.5,0.0,101.62381903648654,1.6238190364865401,0.6350173511943088,1.1531268437832594,2.032865504802931,3.0752132893450885,1.9528137973574555,179,101.78023204942966,0.5089011602471483,0.0,0.0
cmt_s24,thesis304_val,next_open,smart_w_short,0.0,0.0,101.1910061944725,1.1910061944724992,0.9491499251796418,0.7781819333658824,1.2673285715876157,1.5083963965871916,1.4316943269619742,304,174.11407624141634,0.0,0.0,0.0
cmt_s24,thesis304_val,next_open,smart_w_short,0.1,0.0,101.01700646146041,1.0170064614604124,0.9827010692801149,0.6668030006790227,1.0809220497730945,1.2438364446352181,1.2223194041526053,304,173.9642150381106,0.1739642150381106,0.0,0.0
cmt_s24,thesis304_val,next_open,smart_w_short,0.2,0.0,100.84330561254312,0.8433056125431104,1.0162411435584697,0.555264456182441,0.8959412044457009,0.9971809388113453,1.01337629759235,304,173.81452592372477,0.3476290518474495,0.0,0.0
cmt_s24,thesis304_val,next_open,smart_w_short,0.2,1.0,100.81138515536782,0.8113851553678053,1.0175295182991722,0.5345727561552,0.8619807138905915,0.9581907109155723,0.9749873325166636,304,173.79188730511166,0.3475837746102233,0.03189328888208086,0.0
cmt_s24,thesis304_val,next_open,smart_w_short,0.2,2.0,100.77947468680892,0.7794746868089231,1.018817880607092,0.5138881240900199,0.8280751405394086,0.919313290295256,0.936612818032545,304,173.7692521068175,0.347538504213635,0.06377657828369519,0.0
cmt_s24,thesis304_val,next_open,smart_w_short,0.2,5.0,100.68380318193915,0.6838031819391466,1.0672502479807007,0.45187834932744014,0.7266911622348473,0.7698062622326628,0.8215759242649057,304,173.7013670280562,0.34740273405611244,0.15936648054459798,0.0
cmt_s24,thesis304_val,next_open,smart_w_short,0.3,0.0,100.66990313307791,0.6699031330779093,1.0805557824488567,0.4435809749313537,0.712407916919436,0.7448612356812936,0.8048641153374225,304,173.6650086747169,0.5209950260241506,0.0,0.0
cmt_s24,thesis304_val,next_open,smart_w_short,0.5,0.0,100.32399122839054,0.32399122839052996,1.3375188904742514,0.21983841042475302,0.34977822897561817,0.29093343502423646,0.38912896521547946,304,173.36648888023103,0.8668324444011553,0.0,0.0
cmt_s25,thesis304_val,close,buy_hold,0.0,0.0,157.5913831475595,57.5913831475595,20.05779071364898,1.4876342751075626,2.494319751462157,3.622080254902023,72.65092770086513,1,100.0,0.0,0.0,0.0
cmt_s25,thesis304_val,close,buy_hold,0.1,0.0,157.43394919836112,57.43394919836111,20.057790713648973,1.4847253025246723,2.4890850027192037,3.611756742553692,72.44386085075251,1,99.90009990009989,0.09990009990009989,0.0,0.0
cmt_s25,thesis304_val,close,buy_hold,0.2,0.0,157.2768294885823,57.2768294885823,20.05779071364897,1.4818133360878707,2.48381905375308,3.6014559011067515,72.23724872883528,1,99.8003992015968,0.1996007984031936,0.0,0.0
cmt_s25,thesis304_val,close,buy_hold,0.3,0.0,157.1200230783245,57.120023078324486,20.05779071364898,1.4788984715829026,2.478522467879464,3.5911776582236716,72.03108988418245,1,99.70089730807575,0.2991026919242273,0.0,0.0
cmt_s25,thesis304_val,close,buy_hold,0.5,0.0,156.80734641548207,56.807346415482066,20.05779071364898,1.473060428927699,2.4678396409005146,3.570688680310568,71.62012625326484,1,99.50248756218906,0.4975124378109453,0.0,0.0
cmt_s25,thesis304_val,close,vanilla,0.0,0.0,100.0,0.0,-0.0,0.0,0.0,,0.0,0,0.0,0.0,0.0,0.0
cmt_s25,thesis304_val,close,vanilla,0.1,0.0,100.0,0.0,-0.0,0.0,0.0,,0.0,0,0.0,0.0,0.0,0.0
cmt_s25,thesis304_val,close,vanilla,0.2,0.0,100.0,0.0,-0.0,0.0,0.0,,0.0,0,0.0,0.0,0.0,0.0
cmt_s25,thesis304_val,close,vanilla,0.3,0.0,100.0,0.0,-0.0,0.0,0.0,,0.0,0,0.0,0.0,0.0,0.0
cmt_s25,thesis304_val,close,vanilla,0.5,0.0,100.0,0.0,-0.0,0.0,0.0,,0.0,0,0.0,0.0,0.0,0.0
cmt_s25,thesis304_val,close,smart,0.0,0.0,109.85627881557811,9.856278815578111,2.229460870145925,1.9420268527813762,3.660314552168722,5.3591871237551825,11.948097988202067,274,1655.7160075401257,0.0,0.0,0.0
cmt_s25,thesis304_val,close,smart,0.1,0.0,108.18029049907983,8.180290499079824,2.466368244945405,1.6300222382797345,3.0245931575086535,4.014260303572622,9.900644139676418,274,1642.8466179115337,1.6428466179115337,0.0,0.0
cmt_s25,thesis304_val,close,smart,0.2,0.0,106.5298686534172,6.5298686534172035,2.702700097251892,1.3174374230804942,2.4059877788825474,2.9195372099379218,7.890633501229738,274,1630.1090350186969,3.2602180700373937,0.0,0.0
cmt_s25,thesis304_val,close,smart,0.3,0.0,104.90462307007488,4.904623070074887,2.959742497222045,1.0044675627253474,1.8050251552623142,1.9992891585586343,5.917381086821294,274,1617.5017437382157,4.852505231214648,0.0,0.0
cmt_s25,thesis304_val,close,smart,0.5,0.0,101.72812957698183,1.7281295769818295,4.514401636990445,0.37815697412703364,0.6575479449173427,0.46040951328300694,2.0784734604507804,274,1592.6720682083146,7.963360341041573,0.0,0.0
cmt_s25,thesis304_val,close,smart_w_short,0.0,0.0,104.46241394453166,4.462413944531662,4.672960224044855,0.8169984261763473,1.2582098652853089,1.1516341169549034,5.381540421183284,304,1992.894483391663,0.0,0.0,0.0
cmt_s25,thesis304_val,close,smart_w_short,0.1,0.0,102.45488121616089,2.454881216160887,4.872449389145337,0.46810371039783716,0.7109971670017639,0.6064065127256224,2.954685042503713,304,1973.4487096211928,1.9734487096211926,0.0,0.0
cmt_s25,thesis304_val,close,smart_w_short,0.2,0.0,100.48592125900981,0.48592125900981387,5.071517179835387,0.12024157031763805,0.18011390045188,0.1150955895370664,0.5837092596605142,304,1954.2537457689837,3.908507491537968,0.0,0.0
cmt_s25,thesis304_val,close,smart_w_short,0.2,1.0,100.43979717772756,0.4397971777275522,5.075063980997871,0.11200522997190392,0.16765412090239945,0.10409300849225457,0.5282786780727466,304,1953.628657119842,3.907257314239684,0.0456237305553825,0.0
cmt_s25,thesis304_val,close,smart_w_short,0.2,2.0,100.3936931721239,0.393693172123899,5.078610718858012,0.10377693467081738,0.15522439515666567,0.09311155219145385,0.47287732700902474,304,1953.003768428241,3.9060075368564817,0.09122753771881986,0.0
cmt_s25,thesis304_val,close,smart_w_short,0.2,5.0,100.25550152657348,0.25550152657347613,5.089250552624162,0.07914079751004041,0.1181159294442587,0.060293457035580485,0.3068485095379492,304,1951.1303014851128,3.902260602970226,0.22791950145293235,0.0
cmt_s25,thesis304_val,close,smart_w_short,0.3,0.0,98.554792777874,-1.4452072221259993,5.272027671179756,-0.22635881178472073,-0.33437548321640737,-0.32865414318181824,-1.7326737371024192,304,1935.3059617737636,5.805917885321291,0.0,0.0
cmt_s25,thesis304_val,close,smart_w_short,0.5,0.0,94.80313606384777,-5.19686393615223,6.566455606095333,-0.9148847390114092,-1.3141729789576453,-0.9452071929024433,-6.206661070755882,304,1898.1376923237278,9.490688461618639,0.0,0.0
cmt_s25,thesis304_val,next_open,buy_hold,0.0,0.0,157.5791532271916,57.579153227191604,20.060734456096828,1.485355697142157,2.487968543360268,3.620746828881344,72.6348406669433,1,100.0,0.0,0.0,0.0
cmt_s25,thesis304_val,next_open,buy_hold,0.1,0.0,157.42173149569587,57.42173149569587,20.060734456096835,1.4824534049930687,2.482755579239133,3.6104257931898687,72.42779311062475,1,99.90009990009989,0.09990009990009989,0.0,0.0
cmt_s25,thesis304_val,next_open,buy_hold,0.2,0.0,157.2646239792331,57.26462397923311,20.060734456096835,1.4795481487438746,2.477511696513392,3.6001274229609344,72.22120024013152,1,99.80039920159679,0.19960079840319359,0.0,0.0
cmt_s25,thesis304_val,next_open,buy_hold,0.3,0.0,157.10782973797762,57.10782973797763,20.060734456096828,1.4766400235558481,2.472237452669823,3.5898516458743686,72.01506060466785,1,99.70089730807575,0.2991026919242273,0.0,0.0
cmt_s25,thesis304_val,next_open,buy_hold,0.5,0.0,156.79517734048915,56.795177340489154,20.060734456096828,1.470815544437692,2.4616001137261248,3.5693675833588485,71.60413526596192,1,99.50248756218906,0.4975124378109453,0.0,0.0
cmt_s25,thesis304_val,next_open,vanilla,0.0,0.0,100.0,0.0,-0.0,0.0,0.0,,0.0,0,0.0,0.0,0.0,0.0
cmt_s25,thesis304_val,next_open,vanilla,0.1,0.0,100.0,0.0,-0.0,0.0,0.0,,0.0,0,0.0,0.0,0.0,0.0
cmt_s25,thesis304_val,next_open,vanilla,0.2,0.0,100.0,0.0,-0.0,0.0,0.0,,0.0,0,0.0,0.0,0.0,0.0
cmt_s25,thesis304_val,next_open,vanilla,0.3,0.0,100.0,0.0,-0.0,0.0,0.0,,0.0,0,0.0,0.0,0.0,0.0
cmt_s25,thesis304_val,next_open,vanilla,0.5,0.0,100.0,0.0,-0.0,0.0,0.0,,0.0,0,0.0,0.0,0.0,0.0
cmt_s25,thesis304_val,next_open,smart,0.0,0.0,109.81429880519221,9.814298805192202,2.24833995790421,1.9288422510744885,3.6348913484009286,5.291342409491137,11.896736570212063,274,1655.3046779670913,0.0,0.0,0.0
cmt_s25,thesis304_val,next_open,smart,0.1,0.0,108.1386710799517,8.138671079951699,2.4852039571586895,1.6176515348199139,3.000998850902493,3.9634094096695227,9.849880748750683,274,1642.436461820757,1.6424364618207568,0.0,0.0
cmt_s25,thesis304_val,next_open,smart,0.2,0.0,106.48860860362205,6.488608603622059,2.7214925266903105,1.305897140122878,2.3842827727895655,2.880942489459971,7.84046345488989,274,1629.7000650273444,3.259400130054689,0.0,0.0
cmt_s25,thesis304_val,next_open,smart,0.3,0.0,104.86372112095677,4.8637211209567655,2.975449525537476,0.9937725596884086,1.7852640181206565,1.972071656180086,5.8677996737069416,274,1617.0939720413398,4.8512819161240195,0.0,0.0
cmt_s25,thesis304_val,next_open,smart,0.5,0.0,101.6879398448478,1.6879398448478078,4.5164191397566045,0.36919020271832376,0.6417289941949379,0.4494833217212442,2.030055077223203,274,1592.2667280393453,7.961333640196726,0.0,0.0
cmt_s25,thesis304_val,next_open,smart_w_short,0.0,0.0,104.39879056019312,4.398790560193122,4.701783087781627,0.8038397788376698,1.2374402778407503,1.1281854109977145,5.304483085311018,304,1992.0832059096952,0.0,0.0,0.0
cmt_s25,thesis304_val,next_open,smart_w_short,0.1,0.0,102.3921923895173,2.3921923895173114,4.901190830212417,0.45595057866546473,0.6922342412390552,0.5874194198350667,2.879054673984327,304,1972.6437715472102,1.9726437715472105,0.0,0.0
cmt_s25,thesis304_val,next_open,smart_w_short,0.2,0.0,100.42415455141501,0.42415455141502356,5.100177414045959,0.10911177134718586,0.16336695259817252,0.09989475705182362,0.5094809836973191,304,1953.4551017779027,3.9069102035558054,0.0,0.0
cmt_s25,thesis304_val,next_open,smart_w_short,0.2,1.0,100.37805558837722,0.3780555883772241,5.103723634901133,0.10090571565154612,0.15097082896026137,0.08897178921453719,0.45408742345367514,304,1952.8302517322784,3.905660503464557,0.045612048008215306,0.0
cmt_s25,thesis304_val,next_open,smart_w_short,0.2,2.0,100.33197669135811,0.3319766913581157,5.107269792445518,0.09270768959432468,0.13860457711061633,0.07806971088319024,0.39872307609867264,304,1952.205601577362,3.9044112031547233,0.09120417896435583,0.0
cmt_s25,thesis304_val,next_open,smart_w_short,0.2,5.0,100.19386031363553,0.1938603136355299,5.117907885214146,0.06816226183607234,0.10168543065788482,0.045488345871229054,0.23280516401971152,304,1950.3328498434792,3.900665699686958,0.22786115208870641,0.0
cmt_s25,thesis304_val,next_open,smart_w_short,0.3,0.0,98.49393588407355,-1.5060641159264532,5.298743769818183,-0.23645000741195837,-0.349116688551266,-0.34074574732746,-1.8055244057434194,304,1934.513566648276,5.803540699944829,0.0,0.0
cmt_s25,thesis304_val,next_open,smart_w_short,0.5,0.0,94.74406241270549,-5.255937587294513,6.557017644090128,-0.9228631612415056,-1.324992011660619,-0.9572688052284313,-6.2768284460199,304,1897.3576597415604,9.486788298707804,0.0,0.0
cmv_thesis,thesis304_test,close,buy_hold,0.0,0.0,158.40603302249627,58.406033022496274,26.182038353390308,1.2919928883000582,2.0078297528133042,2.8157879441049447,73.7230679475697,1,99.99999999999999,0.0,0.0,0.0
cmv_thesis,thesis304_test,close,buy_hold,0.1,0.0,158.24778523725902,58.24778523725902,26.182038353390304,1.2896286177314182,2.003657774743619,2.807830095062142,73.51471523872056,1,99.9000999000999,0.0999000999000999,0.0,0.0
cmv_thesis,thesis304_test,close,buy_hold,0.2,0.0,158.08985331586453,58.08985331586454,26.182038353390308,1.2872652093422057,1.9994801234247945,2.799889721816802,73.30682008187084,1,99.8003992015968,0.1996007984031936,0.0,0.0
cmv_thesis,thesis304_test,close,buy_hold,0.3,0.0,157.93223631355556,57.93223631355558,26.182038353390308,1.284902703023818,1.995297009619679,2.7919667686077574,73.09938101707951,1,99.70089730807575,0.2991026919242273,0.0,0.0
cmv_thesis,thesis304_test,close,buy_hold,0.5,0.0,157.61794330596646,57.617943305966456,26.182038353390304,1.2801805543577356,1.9869152298733033,2.776172900419072,72.68586535441494,1,99.50248756218906,0.4975124378109453,0.0,0.0
cmv_thesis,thesis304_test,close,vanilla,0.0,0.0,127.14035238389559,27.140352383895582,23.93957832167568,1.1761711059407842,1.8762515277022263,1.395857546645285,33.41624106381686,46,6003.27962950556,0.0,0.0,0.0
cmv_thesis,thesis304_test,close,vanilla,0.1,0.0,121.4243697524931,21.42436975249311,25.07200831210338,0.9784958390939916,1.5463756178634376,1.046881228484678,26.247414862352848,46,5865.124810450263,5.865124810450262,0.0,0.0
cmv_thesis,thesis304_test,close,vanilla,0.2,0.0,115.96535589920977,15.965355899209776,26.289836245442284,0.7798339818940485,1.2203136691368204,0.7403536591232464,19.463776462064143,46,5731.072627215478,11.462145254430954,0.0,0.0
cmv_thesis,thesis304_test,close,vanilla,0.3,0.0,110.75174877823014,10.75174877823013,28.03783140083319,0.5805483936667941,0.8991389570248596,0.46525058925263557,13.04461758060369,46,5600.986122573171,16.802958367719512,0.0,0.0
cmv_thesis,thesis304_test,close,vanilla,0.5,0.0,101.01708858394365,1.0170885839436483,31.733061353594792,0.1815752463200191,0.27517934968362834,0.03852191227155433,1.2224182055710298,46,5352.186652910144,26.760933264550722,0.0,0.0
cmv_thesis,thesis304_test,close,smart,0.0,0.0,111.23355948916334,11.233559489163337,10.4288306966191,0.8697400740088199,1.4501701832795604,1.3074659641760378,13.635341181983751,222,8358.9332628369,0.0,0.0,0.0
cmv_thesis,thesis304_test,close,smart,0.1,0.0,103.29237144270031,3.292371442700315,14.302643870030762,0.32040765947234995,0.5196479744803322,0.2772883471660659,3.965956478825694,222,8051.3244076440715,8.05132440764407,0.0,0.0
cmv_thesis,thesis304_test,close,smart,0.2,0.0,95.91811472937954,-4.081885270620456,18.08462531374647,-0.23077893105153136,-0.3637414652881276,-0.269878661185884,-4.880654467722245,222,7758.473400765026,15.516946801530052,0.0,0.0
cmv_thesis,thesis304_test,close,smart,0.3,0.0,89.07031091757581,-10.929689082424188,21.69976611281515,-0.7821939404056302,-1.1974261177770353,-0.5979099991482563,-12.974507138030667,222,7479.588815121073,22.438766445363218,0.0,0.0
cmv_thesis,thesis304_test,close,smart,0.5,0.0,76.8063957482253,-23.1936042517747,28.45864038516812,-1.879207663519224,-2.7123536931138754,-0.9541816244820572,-27.154711713270395,222,6960.776516698093,34.80388258349046,0.0,0.0
cmv_thesis,thesis304_test,close,smart_w_short,0.0,0.0,136.2519337986257,36.25193379862572,14.039353318178843,1.5280130692542224,2.4832698635693773,3.203649107746187,44.97716173111712,304,23724.771897471383,0.0,0.0,0.0
cmv_thesis,thesis304_test,close,smart_w_short,0.1,0.0,112.02683973794751,12.026839737947515,16.799145595092487,0.6453743735483125,1.0046973544006659,0.869631130359813,14.609059972939352,304,21447.457236992024,21.447457236992026,0.0,0.0
cmv_thesis,thesis304_test,close,smart_w_short,0.2,0.0,92.10896134639435,-7.891038653605653,19.807582694494965,-0.2408011482484842,-0.35939022247991004,-0.47445431522762016,-9.397793083631068,304,19450.279135709978,38.90055827141995,0.0,0.0
cmv_thesis,thesis304_test,close,smart_w_short,0.2,1.0,91.40273272094097,-8.597267279059029,19.967926269339724,-0.27574421814959615,-0.4107375851857927,-0.5123826118622166,-10.231218215356453,304,19377.058564639003,38.754117129278,0.7602992073297185,0.0
cmv_thesis,thesis304_test,close,smart_w_short,0.2,2.0,90.70187457801433,-9.29812542198567,20.12795810437628,-0.310697838550513,-0.46189992516903805,-0.5493368532034903,-11.057029166469757,304,19304.208966472834,38.608417932945656,1.5149088761172251,0.0
cmv_thesis,thesis304_test,close,smart_w_short,0.2,5.0,88.63111952617751,-11.368880473822484,20.945278623006445,-0.4156167930506551,-0.6142781248582646,-0.6440336718041183,-13.489464698535148,304,19087.86508925406,38.17573017850812,3.7450240459363826,0.0
cmv_thesis,thesis304_test,close,smart_w_short,0.3,0.0,75.73244705232824,-24.267552947671756,29.7125795910829,-1.1275955914502027,-1.614823630672519,-0.9550141716487718,-28.375934585726238,304,17695.089896066092,53.08526968819828,0.0,0.0
cmv_thesis,thesis304_test,close,smart_w_short,0.5,0.0,51.196794423945406,-48.803205576054594,51.745052257658074,-2.8913806184766786,-3.8240095380940846,-1.067521845868274,-55.23897370064545,304,14784.761123121818,73.9238056156091,0.0,0.0
cmv_thesis,thesis304_test,next_open,buy_hold,0.0,0.0,158.3969421314372,58.39694213143722,26.177411466818697,1.291312599520065,2.005434159021383,2.815828357649002,73.71109753811425,1,100.0,0.0,0.0,0.0
cmv_thesis,thesis304_test,next_open,buy_hold,0.1,0.0,158.23870342800922,58.23870342800921,26.17741146681869,1.2889511349844849,2.0012744543630756,2.807869650481027,73.50275918583422,1,99.90009990009989,0.09990009990009989,0.0,0.0
cmv_thesis,thesis304_test,next_open,buy_hold,0.2,0.0,158.08078057029664,58.08078057029664,26.177411466818697,1.286590525934314,1.9971090646753689,2.7999284209949966,73.294878354026,1,99.8003992015968,0.1996007984031936,0.0,0.0
cmv_thesis,thesis304_test,next_open,buy_hold,0.3,0.0,157.92317261359642,57.92317261359643,26.177411466818697,1.2842308121962045,1.9929381997431173,2.7920046134237304,73.08745358284907,1,99.70089730807575,0.2991026919242273,0.0,0.0
cmv_thesis,thesis304_test,next_open,buy_hold,0.5,0.0,157.60889764322116,57.60889764322115,26.177411466818697,1.2795142281615748,1.984580875630548,2.77620904212208,72.6739664135323,1,99.50248756218906,0.4975124378109453,0.0,0.0
cmv_thesis,thesis304_test,next_open,vanilla,0.0,0.0,127.47015612947683,27.47015612947683,23.94193815819975,1.1844159136119068,1.888225650529323,1.4130801263934736,33.83187699869363,46,6017.415215054591,0.0,0.0,0.0
cmv_thesis,thesis304_test,next_open,vanilla,0.1,0.0,121.73934616398117,21.739346163981168,25.074333014064837,0.987419085369396,1.559567373447109,1.0624696380136565,26.640717520887346,46,5878.9041204779305,5.87890412047793,0.0,0.0
cmv_thesis,thesis304_test,next_open,vanilla,0.2,0.0,116.26617155699363,16.266171556993637,26.294071433816768,0.7894258365521732,1.2346568365254684,0.75438852755121,19.835945832283365,46,5744.5064661206325,11.489012932241266,0.0,0.0
cmv_thesis,thesis304_test,next_open,vanilla,0.3,0.0,111.03904027059943,11.039040270599433,28.0419661540929,0.5907953320943435,0.9145578489038025,0.4777407213080248,13.396789137351561,46,5614.084932408864,16.842254797226595,0.0,0.0
cmv_thesis,thesis304_test,next_open,vanilla,0.5,0.0,101.27912823978869,1.279128239788685,31.67377135910483,0.19307758305919218,0.2924954009870196,0.048549939457814835,1.537759681885209,46,5364.645345697099,26.8232267284855,0.0,0.0
cmv_thesis,thesis304_test,next_open,smart,0.0,0.0,111.74793683528857,11.747936835288563,10.317844231796403,0.9039893428644431,1.508374111424935,1.3827074357637577,14.266559940357082,222,8389.77373914913,0.0,0.0,0.0
cmv_thesis,thesis304_test,next_open,smart,0.1,0.0,103.76987981478722,3.769879814787225,14.198240809194152,0.35473550570957274,0.5757251619092842,0.31998941189489594,4.543286726476148,222,8080.854055481704,8.080854055481703,0.0,0.0
cmv_thesis,thesis304_test,next_open,smart,0.2,0.0,96.36139654381772,-3.6386034561822767,17.984805963061547,-0.19647261724224016,-0.30987728725839175,-0.24201609128478302,-4.352612441695413,222,7786.757888143315,15.57351577628663,0.0,0.0
cmv_thesis,thesis304_test,next_open,smart,0.3,0.0,89.48181920131907,-10.518180798680932,21.604329334267558,-0.7480094159185542,-1.1458246990837964,-0.5781964147596843,-12.491545764360978,222,7506.690211992442,22.520070635977326,0.0,0.0
cmv_thesis,thesis304_test,next_open,smart,0.5,0.0,77.161025401169,-22.838974598830998,28.371400248283273,-1.8455607302852641,-2.6652912866414513,-0.9428753885276727,-26.7506950321742,222,6985.684579201747,34.92842289600873,0.0,0.0
cmv_thesis,thesis304_test,next_open,smart_w_short,0.0,0.0,137.45875582038536,37.458755820385356,13.544414816403988,1.5674815867077685,2.5537213279979487,3.434648054975515,46.520298004943506,304,23895.927994145502,0.0,0.0,0.0
cmv_thesis,thesis304_test,next_open,smart_w_short,0.1,0.0,113.019834049135,13.019834049135003,16.319641295946287,0.6852144978160034,1.0692734019824601,0.9699888374714467,15.829869888605952,304,21599.66155558251,21.599661555582507,0.0,0.0
cmv_thesis,thesis304_test,next_open,smart_w_short,0.2,0.0,92.92601564582421,-7.0739843541757885,19.392384836446887,-0.20074059390234192,-0.30029539069231814,-0.4348088863963424,-8.431981255304787,304,19585.932320160853,39.1718646403217,0.0,0.0
cmv_thesis,thesis304_test,next_open,smart_w_short,0.2,1.0,92.21358963429282,-7.7864103657071855,19.685662822425655,-0.23567001986014946,-0.3518572985238764,-0.4711150087141876,-9.274211212131622,304,19512.11098962956,39.024221979259124,0.7656480852303185,0.0
cmv_thesis,thesis304_test,next_open,smart_w_short,0.2,2.0,91.50658072376058,-8.493419276239422,19.977891988557182,-0.2706102846129149,-0.40323327652135776,-0.5059966925627076,-10.10874727058495,304,19438.66375050976,38.877327501019515,1.525559827747185,0.0
cmv_thesis,thesis304_test,next_open,smart_w_short,0.2,5.0,89.41764961517929,-10.582350384820716,20.848323364868218,-0.37549090939702445,-0.5562469034255156,-0.6027768628665509,-12.566886953902678,304,19220.545485751507,38.441090971503016,3.771303963847811,0.0
cmv_thesis,thesis304_test,next_open,smart_w_short,0.3,0.0,76.40473545388936,-23.595264546110638,29.13886493540019,-1.0874685676935656,-1.5608125162405402,-0.947595482062177,-27.61185676520521,304,17816.263450277642,53.44879035083292,0.0,0.0
cmv_thesis,thesis304_test,next_open,smart_w_short,0.5,0.0,51.65195673734071,-48.34804326265929,51.37945366255655,-2.851580670192161,-3.7789674598609158,-1.0658103240897205,-54.76075215964218,304,14882.10360742424,74.4105180371212,0.0,0.0
cmt_thesis,thesis304_test,close,buy_hold,0.0,0.0,158.40603302249627,58.406033022496274,26.182038353390308,1.2919928883000582,2.0078297528133042,2.8157879441049447,73.7230679475697,1,99.99999999999999,0.0,0.0,0.0
cmt_thesis,thesis304_test,close,buy_hold,0.1,0.0,158.24778523725902,58.24778523725902,26.182038353390304,1.2896286177314182,2.003657774743619,2.807830095062142,73.51471523872056,1,99.9000999000999,0.0999000999000999,0.0,0.0
cmt_thesis,thesis304_test,close,buy_hold,0.2,0.0,158.08985331586453,58.08985331586454,26.182038353390308,1.2872652093422057,1.9994801234247945,2.799889721816802,73.30682008187084,1,99.8003992015968,0.1996007984031936,0.0,0.0
cmt_thesis,thesis304_test,close,buy_hold,0.3,0.0,157.93223631355556,57.93223631355558,26.182038353390308,1.284902703023818,1.995297009619679,2.7919667686077574,73.09938101707951,1,99.70089730807575,0.2991026919242273,0.0,0.0
cmt_thesis,thesis304_test,close,buy_hold,0.5,0.0,157.61794330596646,57.617943305966456,26.182038353390304,1.2801805543577356,1.9869152298733033,2.776172900419072,72.68586535441494,1,99.50248756218906,0.4975124378109453,0.0,0.0
cmt_thesis,thesis304_test,close,vanilla,0.0,0.0,100.0,0.0,-0.0,0.0,0.0,,0.0,0,0.0,0.0,0.0,0.0
cmt_thesis,thesis304_test,close,vanilla,0.1,0.0,100.0,0.0,-0.0,0.0,0.0,,0.0,0,0.0,0.0,0.0,0.0
cmt_thesis,thesis304_test,close,vanilla,0.2,0.0,100.0,0.0,-0.0,0.0,0.0,,0.0,0,0.0,0.0,0.0,0.0
cmt_thesis,thesis304_test,close,vanilla,0.3,0.0,100.0,0.0,-0.0,0.0,0.0,,0.0,0,0.0,0.0,0.0,0.0
cmt_thesis,thesis304_test,close,vanilla,0.5,0.0,100.0,0.0,-0.0,0.0,0.0,,0.0,0,0.0,0.0,0.0,0.0
cmt_thesis,thesis304_test,close,smart,0.0,0.0,103.33674162450757,3.3367416245075665,1.904642561724086,1.1707647885857657,1.811156344243775,2.110411519310865,4.019579602432266,133,124.50693479523575,0.0,0.0,0.0
cmt_thesis,thesis304_test,close,smart,0.1,0.0,103.21025321574011,3.210253215740111,1.9080593664019965,1.1273304306075211,1.739086351771002,2.0265226585611567,3.8667255398934897,133,124.43047889638274,0.12443047889638274,0.0,0.0
cmt_thesis,thesis304_test,close,smart,0.2,0.0,103.08391905676713,3.083919056767126,1.911476452559603,1.0838990227585672,1.6673907615831127,1.943050561874826,3.714095395156436,133,124.35408636763125,0.24870817273526252,0.0,0.0
cmt_thesis,thesis304_test,close,smart,0.3,0.0,102.9577389564923,2.9577389564923173,1.9148938204817798,1.0404739945977677,1.5960768966398888,1.8599928615691461,3.5616888367589805,133,124.27775714796718,0.37283327144390155,0.0,0.0
cmt_thesis,thesis304_test,close,smart,0.5,0.0,102.70584016887527,2.705840168875273,1.9217294027595557,0.9536567395913289,1.454620968006054,1.69511126330566,3.257545155643382,133,124.125288392173,0.620626441960865,0.0,0.0
cmt_thesis,thesis304_test,close,smart_w_short,0.0,0.0,99.37955811418485,-0.6204418858151595,4.259871541798918,-0.1408824273013453,-0.19049060016842745,-0.17476441742703533,-0.7444739683164947,304,510.8883469872002,0.0,0.0,0.0
cmt_thesis,thesis304_test,close,smart_w_short,0.1,0.0,98.88170381785007,-1.118296182149936,4.6309403314286435,-0.2722861887601963,-0.36641535240916856,-0.28961292235806574,-1.341180162650879,304,509.60862275641136,0.5096086227564114,0.0,0.0
cmt_thesis,thesis304_test,close,smart_w_short,0.2,0.0,98.38634200060852,-1.6136579993914824,5.000573294575994,-0.40306230950667526,-0.5398083885685221,-0.3868158408190407,-1.9343009635186537,304,508.3331686586427,1.0166663373172853,0.0,0.0
cmt_thesis,thesis304_test,close,smart_w_short,0.2,1.0,98.28272022642777,-1.7172797735722334,5.088545883031792,-0.4304516953833786,-0.5758840478277194,-0.4044960458401358,-2.058296688762462,304,508.1187649096246,1.0162375298192492,0.10631941795329262,0.0
cmt_thesis,thesis304_test,close,smart_w_short,0.2,2.0,98.17920666112178,-1.8207933388782127,5.176437832744589,-0.45781625239753426,-0.6118506942912872,-0.4215518105889102,-2.182136740794416,304,507.90449696017237,1.0158089939203447,0.21252838005044944,0.0
cmt_thesis,thesis304_test,close,smart_w_short,0.2,5.0,97.86931409865416,-2.1306859013458412,5.439630580735981,-0.5397587506513662,-0.7190971207868567,-0.4692827498335181,-2.5527247970062783,304,507.2625069469187,1.0145250138938373,0.5304936694370461,0.0
cmt_thesis,thesis304_test,close,smart_w_short,0.3,0.0,97.89346016525805,-2.1065398347419495,5.368776000834616,-0.5331739486315628,-0.7106321231284187,-0.47009931767967766,-2.5238579347673817,304,507.06196860744603,1.5211859058223385,0.0,0.0
cmt_thesis,thesis304_test,close,smart_w_short,0.5,0.0,96.91508676553957,-3.084913234460429,6.100912812418178,-0.7912624353556268,-1.0444542627161497,-0.6052153354880292,-3.6923659945508835,304,504.53226662385185,2.522661333119259,0.0,0.0
cmt_thesis,thesis304_test,next_open,buy_hold,0.0,0.0,158.3969421314372,58.39694213143722,26.177411466818697,1.291312599520065,2.005434159021383,2.815828357649002,73.71109753811425,1,100.0,0.0,0.0,0.0
cmt_thesis,thesis304_test,next_open,buy_hold,0.1,0.0,158.23870342800922,58.23870342800921,26.17741146681869,1.2889511349844849,2.0012744543630756,2.807869650481027,73.50275918583422,1,99.90009990009989,0.09990009990009989,0.0,0.0
cmt_thesis,thesis304_test,next_open,buy_hold,0.2,0.0,158.08078057029664,58.08078057029664,26.177411466818697,1.286590525934314,1.9971090646753689,2.7999284209949966,73.294878354026,1,99.8003992015968,0.1996007984031936,0.0,0.0
cmt_thesis,thesis304_test,next_open,buy_hold,0.3,0.0,157.92317261359642,57.92317261359643,26.177411466818697,1.2842308121962045,1.9929381997431173,2.7920046134237304,73.08745358284907,1,99.70089730807575,0.2991026919242273,0.0,0.0
cmt_thesis,thesis304_test,next_open,buy_hold,0.5,0.0,157.60889764322116,57.60889764322115,26.177411466818697,1.2795142281615748,1.984580875630548,2.77620904212208,72.6739664135323,1,99.50248756218906,0.4975124378109453,0.0,0.0
cmt_thesis,thesis304_test,next_open,vanilla,0.0,0.0,100.0,0.0,-0.0,0.0,0.0,,0.0,0,0.0,0.0,0.0,0.0
cmt_thesis,thesis304_test,next_open,vanilla,0.1,0.0,100.0,0.0,-0.0,0.0,0.0,,0.0,0,0.0,0.0,0.0,0.0
cmt_thesis,thesis304_test,next_open,vanilla,0.2,0.0,100.0,0.0,-0.0,0.0,0.0,,0.0,0,0.0,0.0,0.0,0.0
cmt_thesis,thesis304_test,next_open,vanilla,0.3,0.0,100.0,0.0,-0.0,0.0,0.0,,0.0,0,0.0,0.0,0.0,0.0
cmt_thesis,thesis304_test,next_open,vanilla,0.5,0.0,100.0,0.0,-0.0,0.0,0.0,,0.0,0,0.0,0.0,0.0,0.0
cmt_thesis,thesis304_test,next_open,smart,0.0,0.0,103.33107713584413,3.3310771358441293,1.9017077931986912,1.1663723285595196,1.8026877579203993,2.1100684344798957,4.012733586032979,133,124.51680874322301,0.0,0.0,0.0
cmt_thesis,thesis304_test,next_open,smart,0.1,0.0,103.20458350910614,3.2045835091061514,1.9051235572525365,1.1230292427230526,1.730872695997363,2.026049641959833,3.8598749010607447,133,124.44034012125302,0.12444034012125302,0.0,0.0
cmt_thesis,thesis304_test,next_open,smart,0.2,0.0,103.07824415330182,3.0782441533018234,1.9085396027938732,1.0796892566367082,1.6594294446974402,1.942448643293686,3.7072401621192297,133,124.36393488586504,0.24872786977173006,0.0,0.0
cmt_thesis,thesis304_test,next_open,smart,0.3,0.0,102.95205887729028,2.9520588772902867,1.9119559301073685,1.0363557764731117,1.588365187378724,1.8592630623410913,3.5548290376726355,133,124.28759297602326,0.37286277892806985,0.0,0.0
cmt_thesis,thesis304_test,next_open,smart,0.5,0.0,102.70014980130628,2.700149801306284,1.9187894311895228,0.9497219028878366,1.4473993402894647,1.6941287333527328,3.250676308631717,133,124.13509888916349,0.6206754944458173,0.0,0.0
cmt_thesis,thesis304_test,next_open,smart_w_short,0.0,0.0,99.37455695955154,-0.625443040448459,4.260083537250229,-0.1420796818755183,-0.19219222241001566,-0.17616347497558346,-0.7504711196082758,304,510.85226168020904,0.0,0.0,0.0
cmt_thesis,thesis304_test,next_open,smart_w_short,0.1,0.0,98.87674005006477,-1.1232599499352292,4.631112823660633,-0.27338772464305144,-0.3680547394737119,-0.29088612982183104,-1.3471264860428933,304,509.572667318184,0.5095726673181841,0.0,0.0
cmt_thesis,thesis304_test,next_open,smart_w_short,0.2,0.0,98.38141537187823,-1.6185846281217664,5.000706584457114,-0.40406783741051194,-0.541384545723021,-0.3879845415990016,-1.9401968518417023,304,508.2973425412771,1.0165946850825542,0.0,0.0
cmt_thesis,thesis304_test,next_open,smart_w_short,0.2,1.0,98.2777988960184,-1.722201103981602,5.08867864192534,-0.4314385336889637,-0.5774489882267305,-0.40564263071711304,-2.064184991184581,304,508.08296891347425,1.0161659378269485,0.10631412734636199,0.0
cmt_thesis,thesis304_test,next_open,smart_w_short,0.2,2.0,98.17429062339784,-1.8257093766021582,5.176570061503183,-0.45878447576015075,-0.6134045132021763,-0.4226770701437381,-2.1880174669899555,304,507.8687310656269,1.0157374621312538,0.21251780482177735,0.0
cmt_thesis,thesis304_test,next_open,smart_w_short,0.2,5.0,97.86441390523537,-2.13558609476463,5.43976122419356,-0.540671579942499,-0.7206181425774123,-0.47034837504697236,-2.55858285244297,304,507.2268312396782,1.0144536624793563,0.5304672761869598,0.0
cmt_thesis,thesis304_test,next_open,smart_w_short,0.3,0.0,97.88857042932898,-2.1114295706710196,5.368870387503443,-0.5340832863731793,-0.7121441642160461,-0.471179893607023,-2.5297037779737686,304,507.02627126551454,1.5210788137965436,0.0,0.0
cmt_thesis,thesis304_test,next_open,smart_w_short,0.5,0.0,96.91027008256167,-3.089729917438333,6.100930283201722,-0.7919792648134997,-1.045836678453634,-0.6061555753475718,-3.698112905969564,304,504.4968252063351,2.5224841260316753,0.0,0.0
cmv_s23,thesis304_test,close,buy_hold,0.0,0.0,158.40603302236426,58.40603302236425,26.182038353390308,1.2919928882990812,2.0078297528114226,2.8157879440983042,73.72306794739585,1,99.99999999999999,0.0,0.0,0.0
cmv_s23,thesis304_test,close,buy_hold,0.1,0.0,158.24778523712715,58.24778523712715,26.182038353390304,1.2896286177304426,2.003657774741754,2.807830095055512,73.51471523854696,1,99.9000999000999,0.0999000999000999,0.0,0.0
cmv_s23,thesis304_test,close,buy_hold,0.2,0.0,158.0898533157328,58.089853315732796,26.182038353390308,1.2872652093412302,1.999480123422944,2.799889721810179,73.30682008169742,1,99.8003992015968,0.1996007984031936,0.0,0.0
cmv_s23,thesis304_test,close,buy_hold,0.3,0.0,157.93223631342397,57.93223631342397,26.182038353390308,1.2849027030228428,1.9952970096178428,2.7919667686011427,73.09938101690632,1,99.70089730807575,0.2991026919242273,0.0,0.0
cmv_s23,thesis304_test,close,buy_hold,0.5,0.0,157.61794330583513,57.61794330583512,26.182038353390304,1.2801805543567617,1.9869152298714963,2.776172900412474,72.6858653542422,1,99.50248756218906,0.4975124378109453,0.0,0.0
cmv_s23,thesis304_test,close,vanilla,0.0,0.0,159.1203503452075,59.120350345207505,29.899199105969217,1.662521444056628,2.6739351961854436,2.4971931116752084,74.66407405203188,78,12277.42972854781,0.0,0.0,0.0
cmv_s23,thesis304_test,close,vanilla,0.1,0.0,147.18065978176224,47.180659781762245,30.873772710125703,1.4144500767752057,2.257318631061172,1.912598749733823,59.04913908495264,78,11789.344236323148,11.789344236323148,0.0,0.0
cmv_s23,thesis304_test,close,vanilla,0.2,0.0,136.1368497963628,36.1368497963628,31.83479925203434,1.1662103035703586,1.8457394488547683,1.408212090455904,44.83014920395132,78,11325.766005526257,22.651532011052517,0.0,0.0
cmv_s23,thesis304_test,close,vanilla,0.3,0.0,125.92168099759658,25.921680997596575,32.78246889824045,0.9181656757850477,1.4404180521182741,0.9725407635138363,31.88228733216336,78,10885.324815349399,32.6559744460482,0.0,0.0
cmv_s23,thesis304_test,close,vanilla,0.5,0.0,107.73317693513314,7.733176935133135,35.956480231195194,0.42409263339063996,0.6528782976978533,0.2601896240826072,9.355503074688375,78,10068.776088791377,50.34388044395689,0.0,0.0
cmv_s23,thesis304_test,close,smart,0.0,0.0,131.07475115175944,31.07475115175944,8.331166593417692,1.6050690064947337,2.734262525606847,4.607824322506816,38.38855206400629,247,13252.076393769657,0.0,0.0,0.0
cmv_s23,thesis304_test,close,smart,0.1,0.0,117.66691021510937,17.666910215109375,12.22797544176293,1.0092023671748618,1.6753497098135703,1.7641088481341178,21.571479671580683,247,12533.276087014965,12.533276087014965,0.0,0.0
cmv_s23,thesis304_test,close,smart,0.2,0.0,105.63056168507154,5.6305616850715445,16.557106953597156,0.41093735738281084,0.6639274666764692,0.4105795429226826,6.79800940512989,247,11864.613400676635,23.72922680135327,0.0,0.0
cmv_s23,thesis304_test,close,smart,0.3,0.0,94.82540643357052,-5.1745935664294755,20.672801739774876,-0.18835926649784204,-0.2958859854356949,-0.2989534868946142,-6.180206163986746,247,11242.200551030564,33.72660165309169,0.0,0.0
cmv_s23,thesis304_test,close,smart,0.5,0.0,76.41778083765703,-23.582219162342966,29.347522923360824,-1.3845433970479688,-2.0526054273199574,-0.9403525110201151,-27.59701687320274,247,10122.146473113266,50.61073236556632,0.0,0.0
cmv_s23,thesis304_test,close,smart_w_short,0.0,0.0,169.48667619704952,69.48667619704952,9.916514764168118,2.313507730803915,3.9125054316856183,8.915845110597491,88.41410967427615,304,29865.43192995917,0.0,0.0,0.0
cmv_s23,thesis304_test,close,smart_w_short,0.1,0.0,136.0527518709015,36.05275187090149,12.698261553979137,1.412672997601913,2.2858050449964935,3.521957317196117,44.72273519570695,304,26575.624812357226,26.575624812357226,0.0,0.0
cmv_s23,thesis304_test,close,smart_w_short,0.2,0.0,109.21428110817169,9.214281108171685,18.265951995083444,0.5077911934584989,0.786613302708729,0.6111404513604084,11.163062146802849,304,23741.949093105715,47.483898186211434,0.0,0.0
cmv_s23,thesis304_test,close,smart_w_short,0.2,1.0,108.50496376617068,8.50496376617067,18.523114580716882,0.48094675265468034,0.7439425609370254,0.5558883719596927,10.296784007897553,304,23664.984107580887,47.32996821516178,0.7002384247761628,0.0
cmv_s23,thesis304_test,close,smart_w_short,0.2,2.0,107.8002072444433,7.800207244443302,18.779484230830526,0.4540946788508621,0.7013833769034622,0.5025271440941173,9.437200578079775,304,23588.350145208617,47.17670029041723,1.3959323468228046,0.0
cmv_s23,thesis304_test,close,smart_w_short,0.2,5.0,105.71301320597351,5.713013205973505,19.543859487133425,0.37349589820734,0.5743770666550742,0.35295523067335133,6.898107433528744,304,23360.418641540455,46.72083728308091,3.4560358692893054,0.0
cmv_s23,thesis304_test,close,smart_w_short,0.3,0.0,87.67015237237933,-12.32984762762066,26.137057856326578,-0.3980015404992322,-0.5906793602014052,-0.5591456912216882,-14.614423281576983,304,21294.84030844258,63.884520925327735,0.0,0.0
cmv_s23,thesis304_test,close,smart_w_short,0.5,0.0,56.493267036454505,-43.50673296354549,47.33869801418131,-2.199806215759509,-3.0054355795115555,-1.0482530407115775,-49.62293413669268,304,17336.19030783163,86.68095153915816,0.0,0.0
cmv_s23,thesis304_test,next_open,buy_hold,0.0,0.0,158.3969421314372,58.39694213143722,26.177411466818697,1.291312599520065,2.005434159021383,2.815828357649002,73.71109753811425,1,100.0,0.0,0.0,0.0
cmv_s23,thesis304_test,next_open,buy_hold,0.1,0.0,158.23870342800922,58.23870342800921,26.17741146681869,1.2889511349844849,2.0012744543630756,2.807869650481027,73.50275918583422,1,99.90009990009989,0.09990009990009989,0.0,0.0
cmv_s23,thesis304_test,next_open,buy_hold,0.2,0.0,158.08078057029664,58.08078057029664,26.177411466818697,1.286590525934314,1.9971090646753689,2.7999284209949966,73.294878354026,1,99.8003992015968,0.1996007984031936,0.0,0.0
cmv_s23,thesis304_test,next_open,buy_hold,0.3,0.0,157.92317261359642,57.92317261359643,26.177411466818697,1.2842308121962045,1.9929381997431173,2.7920046134237304,73.08745358284907,1,99.70089730807575,0.2991026919242273,0.0,0.0
cmv_s23,thesis304_test,next_open,buy_hold,0.5,0.0,157.60889764322116,57.60889764322115,26.177411466818697,1.2795142281615748,1.984580875630548,2.77620904212208,72.6739664135323,1,99.50248756218906,0.4975124378109453,0.0,0.0
cmv_s23,thesis304_test,next_open,vanilla,0.0,0.0,159.77119297473456,59.77119297473457,29.87421075973681,1.6729191832834438,2.6903556365555024,2.5280065399001366,75.52220017496968,78,12314.205895866278,0.0,0.0,0.0
cmv_s23,thesis304_test,next_open,vanilla,0.1,0.0,147.7826660457009,47.78266604570089,30.8491317633857,1.4253556741005025,2.2745590336093553,1.9394564928042834,59.83054889587325,78,11824.403888145764,11.824403888145763,0.0,0.0
cmv_s23,thesis304_test,next_open,vanilla,0.2,0.0,136.69368407371798,36.69368407371798,31.81050087575954,1.1776085402471659,1.8637206347980126,1.431656205953389,45.541700993266865,78,11359.200783675346,22.71840156735069,0.0,0.0
cmv_s23,thesis304_test,next_open,vanilla,0.3,0.0,126.43673264119273,26.436732641192727,32.75850833119082,0.9300393228393924,1.459059092398978,0.9930313625398988,32.530226162897044,78,10917.221065613856,32.75166319684158,0.0,0.0
cmv_s23,thesis304_test,next_open,vanilla,0.5,0.0,108.17383297951484,8.173832979514838,35.89134285857442,0.4368581398719343,0.6725913233792593,0.2756310249073375,9.892767617409515,78,10097.834727176636,50.489173635883176,0.0,0.0
cmv_s23,thesis304_test,next_open,smart,0.0,0.0,131.8380775511827,31.838077551182685,8.334120732536556,1.634965046326914,2.788995611972702,4.722363744371373,39.356749588544425,247,13318.038271598347,0.0,0.0,0.0
cmv_s23,thesis304_test,next_open,smart,0.1,0.0,118.35205827004556,18.352058270045557,12.180861840921652,1.0401456168933345,1.729017734707728,1.8407483489529157,22.421901322500105,247,12595.222341070952,12.595222341070954,0.0,0.0
cmv_s23,thesis304_test,next_open,smart,0.2,0.0,106.24553796649592,6.245537966495918,16.512292164136454,0.4428468497280909,0.7164095817531178,0.45693120657439945,7.544981581867871,247,11922.830925689526,23.845661851379056,0.0,0.0
cmv_s23,thesis304_test,next_open,smart,0.3,0.0,95.3773974954583,-4.622602504541707,20.63017368925637,-0.15557139291039945,-0.24468888377283463,-0.2677679725807331,-5.524099782760561,247,11296.953831289684,33.89086149386905,0.0,0.0
cmv_s23,thesis304_test,next_open,smart,0.5,0.0,76.86249241877098,-23.13750758122901,29.29005788422608,-1.3502847397855982,-2.0041941603451976,-0.9249154711963183,-27.090827689356402,247,10170.68417066215,50.85342085331075,0.0,0.0
cmv_s23,thesis304_test,next_open,smart_w_short,0.0,0.0,171.0306890313669,71.0306890313669,9.710211006306656,2.348799472794078,3.982036280242822,9.317701393097671,90.47684662073587,304,30100.17270221198,0.0,0.0,0.0
cmv_s23,thesis304_test,next_open,smart_w_short,0.1,0.0,137.29296407497,37.29296407497,12.284947295504503,1.4490037478623419,2.350294282097699,3.7695027132618764,46.308142162683374,304,26781.376308044695,26.781376308044692,0.0,0.0
cmv_s23,thesis304_test,next_open,smart_w_short,0.2,0.0,110.21046982280836,10.210469822808355,18.22314843542128,0.5450148416410976,0.8462864731782154,0.6794433967688001,12.381597872784678,304,23922.805956492855,47.8456119129857,0.0,0.0
cmv_s23,thesis304_test,next_open,smart_w_short,0.2,1.0,109.49474492526875,9.494744925268739,18.48044463815047,0.518199061348559,0.8034729198997825,0.6225986660608096,11.505900179923124,304,23845.170997679663,47.690341995359326,0.7056455463461664,0.0
cmv_s23,thesis304_test,next_open,smart_w_short,0.2,2.0,108.78362164840902,8.783621648409024,18.73694749599627,0.49137548432085826,0.760771102118293,0.5677002300698677,10.636969404284113,304,23767.869980050204,47.5357399601004,1.4067069028918697,0.0
cmv_s23,thesis304_test,next_open,smart_w_short,0.2,5.0,106.67756958323227,6.677569583232268,19.501719931600345,0.41086120100234147,0.6333379806506271,0.41382309002093254,8.070262002817664,304,23537.95468084247,47.07590936168494,3.4826771581867924,0.0
cmv_s23,thesis304_test,next_open,smart_w_short,0.3,0.0,88.47033230011664,-11.529667699883362,26.097896620660755,-0.3600406624686355,-0.5355653293677815,-0.5240982490055254,-13.67786192161552,304,21454.271755915383,64.36281526774616,0.0,0.0
cmv_s23,thesis304_test,next_open,smart_w_short,0.5,0.0,57.00954140678848,-42.99045859321152,46.943908259778475,-2.1608619924520776,-2.9584432362307984,-1.045283000846651,-49.06966929725113,304,17461.162282397854,87.30581141198928,0.0,0.0
cmv_s24,thesis304_test,close,buy_hold,0.0,0.0,158.40603302236426,58.40603302236425,26.182038353390308,1.2919928882990812,2.0078297528114226,2.8157879440983042,73.72306794739585,1,99.99999999999999,0.0,0.0,0.0
cmv_s24,thesis304_test,close,buy_hold,0.1,0.0,158.24778523712715,58.24778523712715,26.182038353390304,1.2896286177304426,2.003657774741754,2.807830095055512,73.51471523854696,1,99.9000999000999,0.0999000999000999,0.0,0.0
cmv_s24,thesis304_test,close,buy_hold,0.2,0.0,158.0898533157328,58.089853315732796,26.182038353390308,1.2872652093412302,1.999480123422944,2.799889721810179,73.30682008169742,1,99.8003992015968,0.1996007984031936,0.0,0.0
cmv_s24,thesis304_test,close,buy_hold,0.3,0.0,157.93223631342397,57.93223631342397,26.182038353390308,1.2849027030228428,1.9952970096178428,2.7919667686011427,73.09938101690632,1,99.70089730807575,0.2991026919242273,0.0,0.0
cmv_s24,thesis304_test,close,buy_hold,0.5,0.0,157.61794330583513,57.61794330583512,26.182038353390304,1.2801805543567617,1.9869152298714963,2.776172900412474,72.6858653542422,1,99.50248756218906,0.4975124378109453,0.0,0.0
cmv_s24,thesis304_test,close,vanilla,0.0,0.0,128.48986122313244,28.48986122313244,18.43839067842573,1.3697733296961205,2.0927246899386347,1.9046307614809006,35.11832607833234,58,7352.998507492056,0.0,0.0,0.0
cmv_s24,thesis304_test,close,vanilla,0.1,0.0,121.24944844521308,21.249448445213083,20.33055432237502,1.0820543060433288,1.6269253892371105,1.2802938490406308,26.029083646523144,58,7132.927598042305,7.132927598042306,0.0,0.0
cmv_s24,thesis304_test,close,vanilla,0.2,0.0,114.41702016758731,14.417020167587303,22.438790627623007,0.7929108484446996,1.1728693335310134,0.7821832831314307,17.55124692261294,58,6921.239259682065,13.842478519364128,0.0,0.0
cmv_s24,thesis304_test,close,vanilla,0.3,0.0,107.9695754059232,7.969575405923202,24.58039566576495,0.5031896330218092,0.73210667643527,0.39233194065524885,9.64367433362343,58,6717.578972832549,20.152736918497645,0.0,0.0
cmv_s24,thesis304_test,close,vanilla,0.5,0.0,96.14404960461006,-3.85595039538994,28.687877716613713,-0.07459510720684463,-0.10498136044756759,-0.16075010929269662,-4.61157947832117,58,6333.0035045907225,31.665017522953608,0.0,0.0
cmv_s24,thesis304_test,close,smart,0.0,0.0,118.50575076571562,18.50575076571561,6.796142698079463,1.2669221323354662,2.137090778302175,3.327299751021463,22.61280390722613,208,8204.189658981266,0.0,0.0,0.0
cmv_s24,thesis304_test,close,smart,0.1,0.0,110.36584558270243,10.365845582702438,9.94077206837875,0.7731819068999051,1.269200083556206,1.2646757094562955,12.571852968120222,208,7909.26521595152,7.909265215951521,0.0,0.0
cmv_s24,thesis304_test,close,smart,0.2,0.0,102.785043948411,2.7850439484109923,12.97931447922577,0.2766478609894668,0.44159697420792493,0.2583464658761908,3.3531600252036498,208,7628.065445188769,15.256130890377538,0.0,0.0
cmv_s24,thesis304_test,close,smart,0.3,0.0,95.7249377665843,-4.275062233415694,16.05434675397449,-0.22127045019858074,-0.3433090900998285,-0.3183322241947557,-5.110615910186556,208,7359.878972083239,22.07963691624972,0.0,0.0
cmv_s24,thesis304_test,close,smart,0.5,0.0,83.0261940410139,-16.97380595898611,23.174722545219915,-1.21554269222799,-1.7815123328198017,-0.8636846504129291,-20.01565213988489,208,6859.89417058069,34.299470852903454,0.0,0.0
cmv_s24,thesis304_test,close,smart_w_short,0.0,0.0,145.03097068586797,45.03097068586796,17.87371187533736,1.6918324804597586,2.7527594187279565,3.1478670640078086,56.26406892393972,304,25099.82502760383,0.0,0.0,0.0
cmv_s24,thesis304_test,close,smart_w_short,0.1,0.0,118.22964826945561,18.229648269455613,22.260599956333817,0.8417345495372281,1.3154646567224102,1.000417355331853,22.269890536415836,304,22530.97407215534,22.530974072155338,0.0,0.0
cmv_s24,thesis304_test,close,smart_w_short,0.2,0.0,96.3812659990437,-3.618734000956292,26.530581799139497,-0.011528133829313817,-0.017316701867187676,-0.1631676355697776,-4.328932302456168,304,20295.591995363087,40.59118399072618,0.0,0.0
cmv_s24,thesis304_test,close,smart_w_short,0.2,1.0,95.53823650880176,-4.461763491198245,26.732596399472676,-0.048283468334558086,-0.07238363184924743,-0.19948605078641352,-5.3327800829979015,304,20204.978018947677,40.409956037895356,0.8661457720061523,0.0
cmv_s24,thesis304_test,close,smart_w_short,0.2,2.0,94.70252540271235,-5.297474597287644,26.93406753258444,-0.08504905368682028,-0.12724727477469736,-0.23487579908552858,-6.326160634339361,304,20114.89872413927,40.229797448278546,1.7247195690497765,0.0
cmv_s24,thesis304_test,close,smart_w_short,0.2,5.0,92.23867456853166,-7.761325431468336,27.53523441099823,-0.19540205416649498,-0.29062125896296886,-0.33573630718128666,-9.244577918519637,304,19847.834089739477,39.69566817947896,4.255662154900072,0.0
cmv_s24,thesis304_test,close,smart_w_short,0.3,0.0,78.57046850840312,-21.429531491596876,30.583321658952084,-0.8654663571694674,-1.250491598620905,-0.822059044370027,-25.1412961766193,304,18346.069648240453,55.03820894472136,0.0,0.0
cmv_s24,thesis304_test,close,smart_w_short,0.5,0.0,52.214827175826244,-47.78517282417376,50.75927099661964,-2.565423151148529,-3.4384011837129327,-1.0671586676336966,-54.168196006810355,304,15148.896408575098,75.74448204287549,0.0,0.0
cmv_s24,thesis304_test,next_open,buy_hold,0.0,0.0,158.3969421314372,58.39694213143722,26.177411466818697,1.291312599520065,2.005434159021383,2.815828357649002,73.71109753811425,1,100.0,0.0,0.0,0.0
cmv_s24,thesis304_test,next_open,buy_hold,0.1,0.0,158.23870342800922,58.23870342800921,26.17741146681869,1.2889511349844849,2.0012744543630756,2.807869650481027,73.50275918583422,1,99.90009990009989,0.09990009990009989,0.0,0.0
cmv_s24,thesis304_test,next_open,buy_hold,0.2,0.0,158.08078057029664,58.08078057029664,26.177411466818697,1.286590525934314,1.9971090646753689,2.7999284209949966,73.294878354026,1,99.8003992015968,0.1996007984031936,0.0,0.0
cmv_s24,thesis304_test,next_open,buy_hold,0.3,0.0,157.92317261359642,57.92317261359643,26.177411466818697,1.2842308121962045,1.9929381997431173,2.7920046134237304,73.08745358284907,1,99.70089730807575,0.2991026919242273,0.0,0.0
cmv_s24,thesis304_test,next_open,buy_hold,0.5,0.0,157.60889764322116,57.60889764322115,26.177411466818697,1.2795142281615748,1.984580875630548,2.77620904212208,72.6739664135323,1,99.50248756218906,0.4975124378109453,0.0,0.0
cmv_s24,thesis304_test,next_open,vanilla,0.0,0.0,129.026874479456,29.026874479456023,18.438887385988917,1.3889275660716731,2.1221085613604274,1.9413666633305422,35.796641280064925,58,7380.887149818555,0.0,0.0,0.0
cmv_s24,thesis304_test,next_open,vanilla,0.1,0.0,121.75620096651852,21.756200966518513,20.28533128092109,1.101702164727933,1.6565362762705587,1.3143373926509296,26.661769424826165,58,7159.9249792075825,7.159924979207583,0.0,0.0
cmv_s24,thesis304_test,next_open,vanilla,0.2,0.0,114.89521709296443,14.895217092964419,22.38809238318704,0.8130052641711494,1.2026249927020194,0.8103134612627719,18.14137263009099,58,6947.379773870383,13.894759547740767,0.0,0.0
cmv_s24,thesis304_test,next_open,vanilla,0.3,0.0,108.42082574365949,8.420825743659499,24.53109729140043,0.5236796544894163,0.7619266074223529,0.41555836922558737,10.194102785728587,58,6742.895549408794,20.228686648226383,0.0,0.0
cmv_s24,thesis304_test,next_open,vanilla,0.5,0.0,96.54587608852727,-3.4541239114727396,28.641264216952973,-0.05347855689983278,-0.07526172609662149,-0.14429232614169718,-4.132714637503099,58,6356.765462745767,31.783827313728835,0.0,0.0
cmv_s24,thesis304_test,next_open,smart,0.0,0.0,118.96379516357834,18.963795163578332,6.7426762093738715,1.2929312187126467,2.1802402540891177,3.4381064749673675,23.182038734056732,208,8231.296520887976,0.0,0.0,0.0
cmv_s24,thesis304_test,next_open,smart,0.1,0.0,110.79234662722122,10.792346627221217,9.889087469307539,0.7996812162744141,1.3122925037827369,1.324123456039989,13.094372676941246,208,7935.282708324245,7.935282708324245,0.0,0.0
cmv_s24,thesis304_test,next_open,smart,0.2,0.0,103.18217370517925,3.1821737051792587,12.929352408752651,0.30355812587873315,0.48441284608379664,0.29644161753276504,3.8327981417017876,208,7653.045683772553,15.306091367545106,0.0,0.0
cmv_s24,thesis304_test,next_open,smart,0.3,0.0,96.09471872320427,-3.9052812767957357,15.99044933820419,-0.19403264654119196,-0.30096843977997,-0.2920706204820741,-4.670340459996469,208,7383.8713364032965,22.151614009209894,0.0,0.0
cmv_s24,thesis304_test,next_open,smart,0.5,0.0,83.34679735246955,-16.653202647530453,23.116191956392704,-1.1879106693618664,-1.74060022538421,-0.8498232188284097,-19.644676655437042,208,6882.048731281069,34.41024365640534,0.0,0.0
cmv_s24,thesis304_test,next_open,smart_w_short,0.0,0.0,146.09592716701167,46.09592716701167,17.396280995324023,1.7216582029439056,2.805134493076584,3.3135108362884464,57.64276558912491,304,25259.469258283818,0.0,0.0,0.0
cmv_s24,thesis304_test,next_open,smart_w_short,0.1,0.0,119.09849643915287,19.098496439152868,21.742932167221415,0.8720730855354725,1.3646884119890803,1.0738902363760137,23.34952256456504,304,22672.09377578731,22.67209377578731,0.0,0.0
cmv_s24,thesis304_test,next_open,smart_w_short,0.2,0.0,97.09011968505018,-2.90988031494982,26.041161138556497,0.019203426177159165,0.028883163134398336,-0.13376864119303988,-3.4834907405936977,304,20420.631288386045,40.84126257677209,0.0,0.0
cmv_s24,thesis304_test,next_open,smart_w_short,0.2,1.0,96.24094467593031,-3.7590553240696933,26.24447094773591,-0.01753243825039522,-0.026317463221466997,-0.17131777303651669,-4.496144317287676,304,20329.370814513604,40.658741629027205,0.8714930492149716,0.0
cmv_s24,thesis304_test,next_open,smart_w_short,0.2,2.0,95.39914092572332,-4.600859074276686,26.447233939353737,-0.054278695235389085,-0.08131450211435907,-0.20789469091238774,-5.498239525309556,304,20238.648886883362,40.47729777376672,1.7353598028881603,0.0
cmv_s24,thesis304_test,next_open,smart_w_short,0.2,5.0,92.91732491234328,-7.08267508765672,27.05225637582278,-0.16457456915866717,-0.24508646968834907,-0.3120724257073633,-8.4422632680605,304,19969.67929192211,39.93935858384422,4.281860091544749,0.0
cmv_s24,thesis304_test,next_open,smart_w_short,0.3,0.0,79.14879075359198,-20.85120924640802,30.160071854152076,-0.8344654670739239,-1.20719663214094,-0.8116440929572867,-24.479244163589854,304,18457.1244315235,55.3713732945705,0.0,0.0
cmv_s24,thesis304_test,next_open,smart_w_short,0.5,0.0,52.59977143964976,-47.40022856035024,50.457790199405814,-2.5342607620317956,-3.400436488996685,-1.0654887998087397,-53.76221032056608,304,15237.129603788886,76.18564801894442,0.0,0.0
cmv_s25,thesis304_test,close,buy_hold,0.0,0.0,158.40603302236426,58.40603302236425,26.182038353390308,1.2919928882990812,2.0078297528114226,2.8157879440983042,73.72306794739585,1,99.99999999999999,0.0,0.0,0.0
cmv_s25,thesis304_test,close,buy_hold,0.1,0.0,158.24778523712715,58.24778523712715,26.182038353390304,1.2896286177304426,2.003657774741754,2.807830095055512,73.51471523854696,1,99.9000999000999,0.0999000999000999,0.0,0.0
cmv_s25,thesis304_test,close,buy_hold,0.2,0.0,158.0898533157328,58.089853315732796,26.182038353390308,1.2872652093412302,1.999480123422944,2.799889721810179,73.30682008169742,1,99.8003992015968,0.1996007984031936,0.0,0.0
cmv_s25,thesis304_test,close,buy_hold,0.3,0.0,157.93223631342397,57.93223631342397,26.182038353390308,1.2849027030228428,1.9952970096178428,2.7919667686011427,73.09938101690632,1,99.70089730807575,0.2991026919242273,0.0,0.0
cmv_s25,thesis304_test,close,buy_hold,0.5,0.0,157.61794330583513,57.61794330583512,26.182038353390304,1.2801805543567617,1.9869152298714963,2.776172900412474,72.6858653542422,1,99.50248756218906,0.4975124378109453,0.0,0.0
cmv_s25,thesis304_test,close,vanilla,0.0,0.0,114.47817564534506,14.47817564534506,15.345536314296337,0.7781982450513794,1.1447674596364668,1.148652532891661,17.626689155997454,56,6367.8931274458855,0.0,0.0,0.0
cmv_s25,thesis304_test,close,vanilla,0.1,0.0,108.24359325746022,8.243593257460224,17.68298508251569,0.5073759465362667,0.7378071972566457,0.5642634579272918,9.97786230913702,56,6188.753286306277,6.188753286306277,0.0,0.0
cmv_s25,thesis304_test,close,vanilla,0.2,0.0,102.34854026075136,2.348540260751353,19.955897533995728,0.23637828760857996,0.3396332623263394,0.14163213855269255,2.8263964444782186,56,6016.149664488565,12.03229932897713,0.0,0.0
cmv_s25,thesis304_test,close,vanilla,0.3,0.0,96.77451599486454,-3.2254840051354594,22.16605973365573,-0.03407078927222323,-0.04835179477825962,-0.17414286312084726,-3.8600611061265333,56,5849.815651159217,17.549446953477652,0.0,0.0
cmv_s25,thesis304_test,close,vanilla,0.5,0.0,86.52054201973607,-13.47945798026393,26.694294229295995,-0.5704887314043865,-0.7892662269515037,-0.5977670158734253,-15.956968602293465,56,5534.947504146863,27.67473752073431,0.0,0.0
cmv_s25,thesis304_test,close,smart,0.0,0.0,120.45028115073949,20.450281150739478,7.584770794870442,1.328065610809725,1.9880409074895438,3.3003493576405947,25.032393420701805,227,9437.81658278347,0.0,0.0,0.0
cmv_s25,thesis304_test,close,smart,0.1,0.0,110.82074902269122,10.820749022691212,9.425458188454195,0.7741138360489184,1.1344266565828258,1.3929491200245139,13.12918368943512,227,9043.055573551626,9.043055573551626,0.0,0.0
cmv_s25,thesis304_test,close,smart,0.2,0.0,101.961044359815,1.9610443598150118,11.744146126840684,0.2196385560326679,0.3148737027329928,0.20087896771939476,2.359151950705485,227,8669.737675465909,17.339475350931814,0.0,0.0
cmv_s25,thesis304_test,close,smart,0.3,0.0,93.80961843136578,-6.190381568634217,14.36331820966196,-0.3338719930722819,-0.46800061981180613,-0.5141977281392041,-7.38558559194864,227,8316.564953652427,24.94969486095728,0.0,0.0
cmv_s25,thesis304_test,close,smart,0.5,0.0,79.40962343085002,-20.59037656914998,23.31982259846853,-1.4321581782542445,-1.9180642507698913,-1.0369002470290527,-24.180329813025704,227,7665.875181610528,38.32937590805264,0.0,0.0
cmv_s25,thesis304_test,close,smart_w_short,0.0,0.0,149.05331993482412,49.05331993482412,13.659784051824836,1.854739698372533,2.89602807167906,4.50094705677144,61.481964824194456,304,25619.457344214075,0.0,0.0,0.0
cmv_s25,thesis304_test,close,smart_w_short,0.1,0.0,121.14536990177396,21.145369901773957,17.07543335813621,0.9648033293165909,1.4467031688379985,1.5167524920237079,25.899206098337846,304,22979.482581419827,22.97948258141983,0.0,0.0
cmv_s25,thesis304_test,close,smart_w_short,0.2,0.0,98.46286116960195,-1.5371388303980549,20.447522723677356,0.0726711810325143,0.10473167322883631,-0.09011946909246785,-1.8427198921139754,304,20685.567233203532,41.37113446640707,0.0,0.0
cmv_s25,thesis304_test,close,smart_w_short,0.2,1.0,97.7109482081444,-2.289051791855601,20.61059556866581,0.0396542877007502,0.057053452167884385,-0.13303921016754736,-2.742017355538051,304,20605.917002155114,41.211834004310234,0.7596889530710754,0.0
cmv_s25,thesis304_test,close,smart_w_short,0.2,2.0,96.96472909178117,-3.0352709082188345,20.785838252891722,0.006629793391040967,0.009522887509194083,-0.17478886555500353,-3.6331330878327406,304,20526.673203967268,41.05334640793454,1.513636408653066,0.0
cmv_s25,thesis304_test,close,smart_w_short,0.2,5.0,94.75980887207557,-5.240191127924431,21.31180716170785,-0.09248469801932195,-0.1321827432110959,-0.29364594442816866,-6.25812574147071,304,20291.35744038877,40.58271488077753,3.741459398746882,0.0
cmv_s25,thesis304_test,close,smart_w_short,0.3,0.0,80.02735320942725,-19.972646790572757,26.3284608929081,-0.8186376464556597,-1.1349598428421546,-0.8914925267671279,-23.471626127308156,304,18687.695308532748,56.06308592559823,0.0,0.0
cmv_s25,thesis304_test,close,smart_w_short,0.5,0.0,52.86536007560218,-47.13463992439782,49.76103306428082,-2.586885653392602,-3.3292348963774474,-1.0747718250704517,-53.481756323888185,304,15416.98550917345,77.08492754586726,0.0,0.0
cmv_s25,thesis304_test,next_open,buy_hold,0.0,0.0,158.3969421314372,58.39694213143722,26.177411466818697,1.291312599520065,2.005434159021383,2.815828357649002,73.71109753811425,1,100.0,0.0,0.0,0.0
cmv_s25,thesis304_test,next_open,buy_hold,0.1,0.0,158.23870342800922,58.23870342800921,26.17741146681869,1.2889511349844849,2.0012744543630756,2.807869650481027,73.50275918583422,1,99.90009990009989,0.09990009990009989,0.0,0.0
cmv_s25,thesis304_test,next_open,buy_hold,0.2,0.0,158.08078057029664,58.08078057029664,26.177411466818697,1.286590525934314,1.9971090646753689,2.7999284209949966,73.294878354026,1,99.8003992015968,0.1996007984031936,0.0,0.0
cmv_s25,thesis304_test,next_open,buy_hold,0.3,0.0,157.92317261359642,57.92317261359643,26.177411466818697,1.2842308121962045,1.9929381997431173,2.7920046134237304,73.08745358284907,1,99.70089730807575,0.2991026919242273,0.0,0.0
cmv_s25,thesis304_test,next_open,buy_hold,0.5,0.0,157.60889764322116,57.60889764322115,26.177411466818697,1.2795142281615748,1.984580875630548,2.77620904212208,72.6739664135323,1,99.50248756218906,0.4975124378109453,0.0,0.0
cmv_s25,thesis304_test,next_open,vanilla,0.0,0.0,114.73291659162952,14.732916591629518,15.375885888894889,0.7879939817005003,1.1568660125013188,1.166828901195771,17.941028036650785,56,6382.190804968068,0.0,0.0,0.0
cmv_s25,thesis304_test,next_open,vanilla,0.1,0.0,108.48446078718973,8.48446078718974,17.71249665551734,0.5176739752455398,0.7513319764223698,0.579916038901549,10.271760899524551,56,6202.6312771763705,6.202631277176371,0.0,0.0
cmv_s25,thesis304_test,next_open,vanilla,0.2,0.0,102.5762899069165,2.5762899069164957,19.984594242393655,0.24717564891222002,0.3544886762572748,0.15517872548298173,3.101183863829182,56,6029.623129594037,12.059246259188075,0.0,0.0
cmv_s25,thesis304_test,next_open,vanilla,0.3,0.0,96.98986212212229,-3.0101378778777055,22.193964074118927,-0.022781053395119783,-0.032272450006858876,-0.162347843043359,-3.603142196015008,56,5862.899141275271,17.588697423825813,0.0,0.0
cmv_s25,thesis304_test,next_open,vanilla,0.5,0.0,86.71307063598022,-13.286929364019784,26.68963065742856,-0.5582506322512587,-0.7710899886320921,-0.5894565189893357,-15.732376780438894,56,5547.292386190886,27.736461930954427,0.0,0.0
cmv_s25,thesis304_test,next_open,smart,0.0,0.0,120.77522291929867,20.775222919298674,7.669843828437147,1.3437703135205716,2.0080371793849934,3.316558862563371,25.437488523680194,227,9460.097463641485,0.0,0.0,0.0
cmv_s25,thesis304_test,next_open,smart,0.1,0.0,111.11955327217436,11.119553272174354,9.404122186357448,0.7909079869422683,1.1571347954259334,1.4350640319765204,13.49551750195397,227,9064.286892473661,9.06428689247366,0.0,0.0
cmv_s25,thesis304_test,next_open,smart,0.2,0.0,102.23581329169335,2.235813291693356,11.723357995901374,0.23747726637929084,0.3399249298912779,0.22949337805986977,2.690433028684591,227,8689.978120654603,17.37995624130921,0.0,0.0
cmv_s25,thesis304_test,next_open,smart,0.3,0.0,94.06228517103438,-5.937714828965623,14.320429145905464,-0.3150417772141393,-0.440975994259563,-0.4948178186999,-7.086003512823414,227,8335.869613479848,25.007608840439545,0.0,0.0
cmv_s25,thesis304_test,next_open,smart,0.5,0.0,79.62327576314264,-20.376724236857356,23.192015725565216,-1.4115326532198313,-1.88814856854989,-1.0320507534718266,-23.935337304100035,227,7683.460288713192,38.41730144356596,0.0,0.0
cmv_s25,thesis304_test,next_open,smart_w_short,0.0,0.0,150.04400713637915,50.04400713637915,13.258811305704091,1.8818081743840156,2.9405269736990935,4.734322011401599,62.77148220961526,304,25762.342975676933,0.0,0.0,0.0
cmv_s25,thesis304_test,next_open,smart_w_short,0.1,0.0,121.95136438156935,21.95136438156935,16.691115579583126,0.9927631841529045,1.4898370833862011,1.611969789073596,26.905574060223625,304,23105.50704202817,23.105507042028172,0.0,0.0
cmv_s25,thesis304_test,next_open,smart_w_short,0.2,0.0,99.11859603923106,-0.8814039607689339,20.078348102752745,0.101399615817046,0.14626039534577062,-0.05266003881877156,-1.0573265905077678,304,20796.991847594283,41.59398369518856,0.0,0.0
cmv_s25,thesis304_test,next_open,smart_w_short,0.2,1.0,98.36174389285162,-1.6382561071483837,20.206095819063748,0.06841393291233648,0.09851731639061093,-0.09718541886253272,-1.9637378857521814,304,20716.841876378618,41.43368375275723,0.7637709762696441,0.0
cmv_s25,thesis304_test,next_open,smart_w_short,0.2,2.0,97.61062247807983,-2.3893775219201663,20.33364687898326,0.03542040407629767,0.05092136477679798,-0.14074718063866715,-2.861903470319127,304,20637.100930930024,41.27420186186005,1.5217643428919216,0.0
cmv_s25,thesis304_test,next_open,smart_w_short,0.2,5.0,95.39121396109917,-4.608786038900837,20.843250662896878,-0.06360267485145724,-0.09098354896919762,-0.2642422518711589,-5.507667491478896,304,20400.309137601493,40.800618275202986,3.7615111450258985,0.0
cmv_s25,thesis304_test,next_open,smart_w_short,0.3,0.0,80.5608417474283,-19.439158252571698,25.892046778539274,-0.7892709523172664,-1.0952371448783558,-0.8828458368907275,-22.85868570701337,304,18786.45396402524,56.35936189207571,0.0,0.0
cmv_s25,thesis304_test,next_open,smart_w_short,0.5,0.0,53.218478323434795,-46.781521676565205,49.42976878530389,-2.5566516486430335,-3.2934293837089665,-1.0744220942406588,-53.108435696137754,304,15495.145372605875,77.47572686302937,0.0,0.0
cmt_s23,thesis304_test,close,buy_hold,0.0,0.0,158.40603302236426,58.40603302236425,26.182038353390308,1.2919928882990812,2.0078297528114226,2.8157879440983042,73.72306794739585,1,99.99999999999999,0.0,0.0,0.0
cmt_s23,thesis304_test,close,buy_hold,0.1,0.0,158.24778523712715,58.24778523712715,26.182038353390304,1.2896286177304426,2.003657774741754,2.807830095055512,73.51471523854696,1,99.9000999000999,0.0999000999000999,0.0,0.0
cmt_s23,thesis304_test,close,buy_hold,0.2,0.0,158.0898533157328,58.089853315732796,26.182038353390308,1.2872652093412302,1.999480123422944,2.799889721810179,73.30682008169742,1,99.8003992015968,0.1996007984031936,0.0,0.0
cmt_s23,thesis304_test,close,buy_hold,0.3,0.0,157.93223631342397,57.93223631342397,26.182038353390308,1.2849027030228428,1.9952970096178428,2.7919667686011427,73.09938101690632,1,99.70089730807575,0.2991026919242273,0.0,0.0
cmt_s23,thesis304_test,close,buy_hold,0.5,0.0,157.61794330583513,57.61794330583512,26.182038353390304,1.2801805543567617,1.9869152298714963,2.776172900412474,72.6858653542422,1,99.50248756218906,0.4975124378109453,0.0,0.0
cmt_s23,thesis304_test,close,vanilla,0.0,0.0,100.0,0.0,-0.0,0.0,0.0,,0.0,0,0.0,0.0,0.0,0.0
cmt_s23,thesis304_test,close,vanilla,0.1,0.0,100.0,0.0,-0.0,0.0,0.0,,0.0,0,0.0,0.0,0.0,0.0
cmt_s23,thesis304_test,close,vanilla,0.2,0.0,100.0,0.0,-0.0,0.0,0.0,,0.0,0,0.0,0.0,0.0,0.0
cmt_s23,thesis304_test,close,vanilla,0.3,0.0,100.0,0.0,-0.0,0.0,0.0,,0.0,0,0.0,0.0,0.0,0.0
cmt_s23,thesis304_test,close,vanilla,0.5,0.0,100.0,0.0,-0.0,0.0,0.0,,0.0,0,0.0,0.0,0.0,0.0
cmt_s23,thesis304_test,close,smart,0.0,0.0,107.20521015764146,7.205210157641462,3.453384259141349,1.1761431126207362,1.814657487182127,2.522848857760489,8.712366533582806,200,552.7682323175713,0.0,0.0,0.0
cmt_s23,thesis304_test,close,smart,0.1,0.0,106.6419147959852,6.641914795985193,3.457189016720035,1.0896151924089497,1.6737400370548015,2.321798240055687,8.026895374560429,200,551.2951995359438,0.5512951995359437,0.0,0.0
cmt_s23,thesis304_test,close,smart,0.2,0.0,106.08157665738669,6.081576657386689,3.46099483837257,1.0030799088884605,1.5339980734886074,2.1224369357684214,7.3457432794657995,200,549.8273731503612,1.0996547463007225,0.0,0.0
cmt_s23,thesis304_test,close,smart,0.3,0.0,105.52418016308144,5.524180163081449,3.4648017251713146,0.9165507854288297,1.395451842122932,1.924751688968129,6.668882972463175,200,548.3647323672519,1.6450941971017556,0.0,0.0
cmt_s23,thesis304_test,close,smart,0.5,0.0,104.41815020536015,4.4181502053601385,3.4724186984997156,0.7435649187639074,1.1220223108953318,1.5343568695672039,5.327929484056648,200,545.4549248811891,2.7272746244059456,0.0,0.0
cmt_s23,thesis304_test,close,smart_w_short,0.0,0.0,95.29028446297234,-4.709715537027659,12.47008857723765,-0.35969721549183536,-0.43234018517924505,-0.45129548200188246,-5.627694635070634,304,1361.4426177871173,0.0,0.0,0.0
cmt_s23,thesis304_test,close,smart_w_short,0.1,0.0,94.0363819744175,-5.963618025582507,13.306491989435463,-0.4774212832167764,-0.5721369829836043,-0.5348309588624547,-7.116723869805341,304,1352.5678048957157,1.3525678048957157,0.0,0.0
cmt_s23,thesis304_test,close,smart_w_short,0.2,0.0,92.79895698186742,-7.20104301813258,14.163496458192014,-0.5950805354653644,-0.7110305158339659,-0.6059439669217724,-8.582285229359343,304,1343.7700589727383,2.6875401179454768,0.0,0.0
cmt_s23,thesis304_test,close,smart_w_short,0.2,1.0,92.65477320544461,-7.345226794555382,14.29331607564416,-0.6085666393352229,-0.7266987888264453,-0.6123699557086474,-8.752797332171912,304,1343.1162649762607,2.686232529952522,0.15605914059511777,0.0
cmt_s23,thesis304_test,close,smart_w_short,0.2,2.0,92.51080971791781,-7.489190282082192,14.422942775524556,-0.622039683347853,-0.7423331342157645,-0.6186667968675518,-8.922995808337774,304,1342.4631095066945,2.6849262190133887,0.31188457967871097,0.0
cmt_s23,thesis304_test,close,smart_w_short,0.2,5.0,92.08023768130036,-7.919762318699641,14.810668184814688,-0.6623798953204074,-0.7890331165050632,-0.6368190174194859,-9.43171516077973,304,1340.507467217623,2.6810149344352463,0.777962152838782,0.0
cmt_s23,thesis304_test,close,smart_w_short,0.3,0.0,91.57779290359261,-8.422207096407385,15.019229229008696,-0.7126509405735856,-0.8490006861079133,-0.6674609207581029,-10.024748570271157,304,1335.048624255997,4.005145872767992,0.0,0.0
cmt_s23,thesis304_test,close,smart_w_short,0.5,0.0,89.18339538458656,-10.81660461541344,16.70525880699551,-0.9474295030761325,-1.1220922124383612,-0.7687298764643999,-12.841831539007487,304,1317.8317050333549,6.589158525166774,0.0,0.0
cmt_s23,thesis304_test,next_open,buy_hold,0.0,0.0,158.3969421314372,58.39694213143722,26.177411466818697,1.291312599520065,2.005434159021383,2.815828357649002,73.71109753811425,1,100.0,0.0,0.0,0.0
cmt_s23,thesis304_test,next_open,buy_hold,0.1,0.0,158.23870342800922,58.23870342800921,26.17741146681869,1.2889511349844849,2.0012744543630756,2.807869650481027,73.50275918583422,1,99.90009990009989,0.09990009990009989,0.0,0.0
cmt_s23,thesis304_test,next_open,buy_hold,0.2,0.0,158.08078057029664,58.08078057029664,26.177411466818697,1.286590525934314,1.9971090646753689,2.7999284209949966,73.294878354026,1,99.8003992015968,0.1996007984031936,0.0,0.0
cmt_s23,thesis304_test,next_open,buy_hold,0.3,0.0,157.92317261359642,57.92317261359643,26.177411466818697,1.2842308121962045,1.9929381997431173,2.7920046134237304,73.08745358284907,1,99.70089730807575,0.2991026919242273,0.0,0.0
cmt_s23,thesis304_test,next_open,buy_hold,0.5,0.0,157.60889764322116,57.60889764322115,26.177411466818697,1.2795142281615748,1.984580875630548,2.77620904212208,72.6739664135323,1,99.50248756218906,0.4975124378109453,0.0,0.0
cmt_s23,thesis304_test,next_open,vanilla,0.0,0.0,100.0,0.0,-0.0,0.0,0.0,,0.0,0,0.0,0.0,0.0,0.0
cmt_s23,thesis304_test,next_open,vanilla,0.1,0.0,100.0,0.0,-0.0,0.0,0.0,,0.0,0,0.0,0.0,0.0,0.0
cmt_s23,thesis304_test,next_open,vanilla,0.2,0.0,100.0,0.0,-0.0,0.0,0.0,,0.0,0,0.0,0.0,0.0,0.0
cmt_s23,thesis304_test,next_open,vanilla,0.3,0.0,100.0,0.0,-0.0,0.0,0.0,,0.0,0,0.0,0.0,0.0,0.0
cmt_s23,thesis304_test,next_open,vanilla,0.5,0.0,100.0,0.0,-0.0,0.0,0.0,,0.0,0,0.0,0.0,0.0,0.0
cmt_s23,thesis304_test,next_open,smart,0.0,0.0,107.18920706975865,7.189207069758652,3.447587356927652,1.1716223946671795,1.8048622705750723,2.5214393621342754,8.69288246615385,200,552.6632437929043,0.0,0.0,0.0
cmt_s23,thesis304_test,next_open,smart,0.1,0.0,106.62606803106509,6.626068031065091,3.4513958468042047,1.0852739291740663,1.664511886863727,2.3201111585834355,8.007622016858962,200,551.1907305002711,0.5511907305002711,0.0,0.0
cmt_s23,thesis304_test,next_open,smart,0.2,0.0,106.06588501969452,6.065885019694517,3.455205400659591,0.9989176636793317,1.525325065300545,2.120475602971009,7.326678755352334,200,549.723421029476,1.0994468420589518,0.0,0.0
cmt_s23,thesis304_test,next_open,smart,0.3,0.0,105.50864246512609,5.508642465126079,3.4590160195669455,0.9125670415998496,1.3873220270469737,1.9225194053594619,6.6500254210666965,200,548.2612945999591,1.6447838837998772,0.0,0.0
cmt_s23,thesis304_test,next_open,smart,0.5,0.0,104.40291685711092,4.402916857110917,3.466640456832313,0.7399363121805731,1.1149439935657415,1.5315924515623331,5.309480355964968,200,545.3525081892067,2.7267625409460337,0.0,0.0
cmt_s23,thesis304_test,next_open,smart_w_short,0.0,0.0,95.25449756736009,-4.745502432639914,12.492055266028151,-0.36261986690316916,-0.4354140767764184,-0.45390824799924,-5.670246919712518,304,1361.0832470748473,0.0,0.0,0.0
cmt_s23,thesis304_test,next_open,smart_w_short,0.1,0.0,94.00115658008144,-5.998843419918554,13.328214878412908,-0.48023801422711376,-0.5749398262587592,-0.5370934812925471,-7.158497328461911,304,1352.2121412487086,1.3522121412487087,0.0,0.0
cmt_s23,thesis304_test,next_open,smart_w_short,0.2,0.0,92.76428443059876,-7.235715569401235,14.188510764977924,-0.5977904475934709,-0.7135663779626927,-0.6077659648722922,-8.623293935177712,304,1343.4180606572065,2.686836121314413,0.0,0.0
cmt_s23,thesis304_test,next_open,smart_w_short,0.2,1.0,92.62014984772576,-7.379850152274248,14.318296767371477,-0.6112638300719891,-0.7292046819350874,-0.6141606939990287,-8.793735079532915,304,1342.7644651437743,2.685528930287549,0.15602133877565755,0.0
cmt_s23,thesis304_test,next_open,smart_w_short,0.2,2.0,92.47623548508192,-7.523764514918085,14.44788989648993,-0.6247241376536984,-0.7448092036094346,-0.6204271199862107,-8.963862718357118,304,1342.111507970438,2.6842230159408764,0.31180903951856137,0.0
cmt_s23,thesis304_test,next_open,smart_w_short,0.2,5.0,92.04581041205451,-7.954189587945493,14.83551485870255,-0.6650260529468186,-0.7914205828767651,-0.6384928580941476,-9.472370283431186,304,1340.1564594511167,2.680312918902233,0.7777737775742046,0.0
cmt_s23,thesis304_test,next_open,smart_w_short,0.3,0.0,91.54366466882875,-8.45633533117125,15.043944043403235,-0.715253191704598,-0.8512738779827133,-0.6690404002922573,-10.06500634477282,304,1334.700250033506,4.004100750100518,0.0,0.0
cmt_s23,thesis304_test,next_open,smart_w_short,0.5,0.0,89.1503307198571,-10.849669280142905,16.72938526499344,-0.9498141353686533,-1.1238536521183013,-0.7699403012805627,-12.880627931167654,304,1317.490457232731,6.587452286163654,0.0,0.0
cmt_s24,thesis304_test,close,buy_hold,0.0,0.0,158.40603302236426,58.40603302236425,26.182038353390308,1.2919928882990812,2.0078297528114226,2.8157879440983042,73.72306794739585,1,99.99999999999999,0.0,0.0,0.0
cmt_s24,thesis304_test,close,buy_hold,0.1,0.0,158.24778523712715,58.24778523712715,26.182038353390304,1.2896286177304426,2.003657774741754,2.807830095055512,73.51471523854696,1,99.9000999000999,0.0999000999000999,0.0,0.0
cmt_s24,thesis304_test,close,buy_hold,0.2,0.0,158.0898533157328,58.089853315732796,26.182038353390308,1.2872652093412302,1.999480123422944,2.799889721810179,73.30682008169742,1,99.8003992015968,0.1996007984031936,0.0,0.0
cmt_s24,thesis304_test,close,buy_hold,0.3,0.0,157.93223631342397,57.93223631342397,26.182038353390308,1.2849027030228428,1.9952970096178428,2.7919667686011427,73.09938101690632,1,99.70089730807575,0.2991026919242273,0.0,0.0
cmt_s24,thesis304_test,close,buy_hold,0.5,0.0,157.61794330583513,57.61794330583512,26.182038353390304,1.2801805543567617,1.9869152298714963,2.776172900412474,72.6858653542422,1,99.50248756218906,0.4975124378109453,0.0,0.0
cmt_s24,thesis304_test,close,vanilla,0.0,0.0,100.0,0.0,-0.0,0.0,0.0,,0.0,0,0.0,0.0,0.0,0.0
cmt_s24,thesis304_test,close,vanilla,0.1,0.0,100.0,0.0,-0.0,0.0,0.0,,0.0,0,0.0,0.0,0.0,0.0
cmt_s24,thesis304_test,close,vanilla,0.2,0.0,100.0,0.0,-0.0,0.0,0.0,,0.0,0,0.0,0.0,0.0,0.0
cmt_s24,thesis304_test,close,vanilla,0.3,0.0,100.0,0.0,-0.0,0.0,0.0,,0.0,0,0.0,0.0,0.0,0.0
cmt_s24,thesis304_test,close,vanilla,0.5,0.0,100.0,0.0,-0.0,0.0,0.0,,0.0,0,0.0,0.0,0.0,0.0
cmt_s24,thesis304_test,close,smart,0.0,0.0,102.15060299913891,2.1506029991389175,1.7154540785987902,0.9836094100635285,1.5137576160977904,1.5084509128049344,2.5876782707372925,215,137.75300290579005,0.0,0.0,0.0
cmt_s24,thesis304_test,close,smart,0.1,0.0,102.0123984592431,2.0123984592431032,1.7754368682452264,0.9215575033094245,1.4137740062016897,1.3636387602585502,2.4210545299312436,215,137.6594439755237,0.1376594439755237,0.0,0.0
cmt_s24,thesis304_test,close,smart,0.2,0.0,101.87438058329617,1.8743805832961646,1.8353839136518846,0.8595298272882159,1.314440956519292,1.2284628946985683,2.2547010354479813,215,137.5659701123529,0.2751319402247058,0.0,0.0
cmt_s24,thesis304_test,close,smart,0.3,0.0,101.73654911721191,1.7365491172119052,1.8952952360797142,0.7975303588774793,1.2157604605339511,1.1020010534221596,2.0886173467058455,215,137.47258122789896,0.4124177436836968,0.0,0.0
cmt_s24,thesis304_test,close,smart,0.5,0.0,101.4614444000448,1.4614444000447868,2.0150107969786824,0.6736318743422786,1.0203724772381872,0.8720834798428787,1.7572576277501417,215,137.2860580421293,0.6864302902106466,0.0,0.0
cmt_s24,thesis304_test,close,smart_w_short,0.0,0.0,100.88663786110575,0.8866378611057435,2.845754147159034,0.39544961069252166,0.5836430284244418,0.37441515970580586,1.065493493492009,304,198.72563713633548,0.0,0.0,0.0
cmt_s24,thesis304_test,close,smart_w_short,0.1,0.0,100.68947959410507,0.689479594105058,2.958831418619998,0.3107953257821577,0.45729129781316413,0.27997563929036023,0.8284007179805375,304,198.5311521462993,0.1985311521462993,0.0,0.0
cmt_s24,thesis304_test,close,smart_w_short,0.2,0.0,100.49270618503922,0.4927061850392267,3.0717780471148934,0.22619497770686398,0.3317870500257005,0.19267785903763993,0.5918636175569203,304,198.3369207617298,0.39667384152345964,0.0,0.0
cmt_s24,thesis304_test,close,smart_w_short,0.2,1.0,100.47588426064812,0.4758842606481073,3.0869768521230267,0.21894372334188136,0.32107989365274564,0.18518009015373837,0.5716466517786456,304,198.3284023324585,0.39665680466491704,0.016990939110865213,0.0
cmt_s24,thesis304_test,close,smart_w_short,0.2,2.0,100.45906510450018,0.4590651045001781,3.1021733181149855,0.2116938630621139,0.31037939997999936,0.17775721579442152,0.5514336919398621,304,198.31988474703243,0.3966397694940649,0.033979087424036436,0.0
cmt_s24,thesis304_test,close,smart_w_short,0.2,5.0,100.40862424103751,0.40862424103751405,3.1477486855262518,0.1899527691749924,0.2783181434669219,0.1559269462941524,0.4908188402355407,304,198.29433705283617,0.3965886741056724,0.08492679208305443,0.0
cmt_s24,thesis304_test,close,smart_w_short,0.3,0.0,100.29631688095468,0.29631688095468345,3.1845941831191382,0.14165398417265906,0.20713702221938926,0.11175078128756184,0.3558808880473885,304,198.14294260870372,0.5944288278261111,0.0,0.0
cmt_s24,thesis304_test,close,smart_w_short,0.5,0.0,99.90468758332102,-0.09531241667898316,3.4098355786904606,-0.02722839508238785,-0.0395675387756513,-0.03355782322255352,-0.11442665956766795,304,197.75574450455653,0.9887787225227825,0.0,0.0
cmt_s24,thesis304_test,next_open,buy_hold,0.0,0.0,158.3969421314372,58.39694213143722,26.177411466818697,1.291312599520065,2.005434159021383,2.815828357649002,73.71109753811425,1,100.0,0.0,0.0,0.0
cmt_s24,thesis304_test,next_open,buy_hold,0.1,0.0,158.23870342800922,58.23870342800921,26.17741146681869,1.2889511349844849,2.0012744543630756,2.807869650481027,73.50275918583422,1,99.90009990009989,0.09990009990009989,0.0,0.0
cmt_s24,thesis304_test,next_open,buy_hold,0.2,0.0,158.08078057029664,58.08078057029664,26.177411466818697,1.286590525934314,1.9971090646753689,2.7999284209949966,73.294878354026,1,99.8003992015968,0.1996007984031936,0.0,0.0
cmt_s24,thesis304_test,next_open,buy_hold,0.3,0.0,157.92317261359642,57.92317261359643,26.177411466818697,1.2842308121962045,1.9929381997431173,2.7920046134237304,73.08745358284907,1,99.70089730807575,0.2991026919242273,0.0,0.0
cmt_s24,thesis304_test,next_open,buy_hold,0.5,0.0,157.60889764322116,57.60889764322115,26.177411466818697,1.2795142281615748,1.984580875630548,2.77620904212208,72.6739664135323,1,99.50248756218906,0.4975124378109453,0.0,0.0
cmt_s24,thesis304_test,next_open,vanilla,0.0,0.0,100.0,0.0,-0.0,0.0,0.0,,0.0,0,0.0,0.0,0.0,0.0
cmt_s24,thesis304_test,next_open,vanilla,0.1,0.0,100.0,0.0,-0.0,0.0,0.0,,0.0,0,0.0,0.0,0.0,0.0
cmt_s24,thesis304_test,next_open,vanilla,0.2,0.0,100.0,0.0,-0.0,0.0,0.0,,0.0,0,0.0,0.0,0.0,0.0
cmt_s24,thesis304_test,next_open,vanilla,0.3,0.0,100.0,0.0,-0.0,0.0,0.0,,0.0,0,0.0,0.0,0.0,0.0
cmt_s24,thesis304_test,next_open,vanilla,0.5,0.0,100.0,0.0,-0.0,0.0,0.0,,0.0,0,0.0,0.0,0.0,0.0
cmt_s24,thesis304_test,next_open,smart,0.0,0.0,102.15157397587822,2.151573975878218,1.7132360681144856,0.9811953545270756,1.5085722430145465,1.5110871870596936,2.5888490709363277,215,137.77348212234662,0.0,0.0,0.0
cmt_s24,thesis304_test,next_open,smart,0.1,0.0,102.01334677902219,2.013346779022185,1.773212303333726,0.9193193273403658,1.4089960379175788,1.3659941876518584,2.4221976998266337,215,137.67989501772038,0.13767989501772038,0.0,0.0
cmt_s24,thesis304_test,next_open,smart,0.2,0.0,101.8753063051866,1.875306305186597,1.8331528031462287,0.8574674192291932,1.3100654149833106,1.2305666266783521,2.25581666115362,215,137.58639301880035,0.2751727860376007,0.0,0.0
cmt_s24,thesis304_test,next_open,smart,0.3,0.0,101.73745230016684,1.7374523001668418,1.8930575888047099,0.7956435732736892,1.2117814330792076,1.1038784696710695,2.089705514128948,215,137.49297603715473,0.41247892811146425,0.0,0.0
cmt_s24,thesis304_test,next_open,smart,0.5,0.0,101.46230268151446,1.4623026815144602,2.0127601026067388,0.6720957629856035,1.0171675274093825,0.8735721327279066,1.7582911355038089,215,137.3063967724612,0.6865319838623061,0.0,0.0
cmt_s24,thesis304_test,next_open,smart_w_short,0.0,0.0,100.89063453058075,0.8906345305807584,2.841616983116441,0.3962679860414677,0.5844185181993441,0.376651976291013,1.0703006525529135,304,198.7346750899078,0.0,0.0,0.0
cmt_s24,thesis304_test,next_open,smart_w_short,0.1,0.0,100.6934611152292,0.6934611152291881,2.9546774708754096,0.3118157770653271,0.4584612242991845,0.2819894169593303,0.8331877773150254,304,198.54017254421493,0.1985401725442149,0.0,0.0
cmt_s24,thesis304_test,next_open,smart_w_short,0.2,0.0,100.49667260142304,0.4966726014230538,3.0676073602901734,0.22741684205271026,0.33334444824985515,0.19449381049650943,0.5966306446099745,304,198.3459236378563,0.39669184727571266,0.0,0.0
cmt_s24,thesis304_test,next_open,smart_w_short,0.2,1.0,100.4798503225315,0.4798503225315054,3.0828066213802976,0.2201831709018685,0.3226708230541317,0.18697672720174763,0.5764130926615652,304,198.33740652426022,0.3966748130485204,0.01699093268050475,0.0
cmt_s24,thesis304_test,next_open,smart_w_short,0.2,2.0,100.46303081188984,0.46303081188983075,3.0980035434151847,0.21295088135733917,0.3120037850502034,0.17953483232014433,0.5561995466942582,304,198.3288902543797,0.3966577805087594,0.033979074591183184,0.0
cmt_s24,thesis304_test,next_open,smart_w_short,0.2,5.0,100.41258888498831,0.4125888849883186,3.1435802787191407,0.19126242396432258,0.2800424414145932,0.15764920661051054,0.4955829368565201,304,198.30334650604277,0.39660669301208556,0.08492676020981985,0.0
cmt_s24,thesis304_test,next_open,smart_w_short,0.3,0.0,100.30026823609596,0.30026823609596853,3.180406801755681,0.1430765617572913,0.20907401439287213,0.11339051025138992,0.3606279500580678,304,198.15192799684337,0.5944557839905301,0.0,0.0
cmt_s24,thesis304_test,next_open,smart_w_short,0.5,0.0,99.90860894602119,-0.09139105397880654,3.4056149415514296,-0.025406636353330403,-0.03689644020324977,-0.0322171850392886,-0.10971932674452844,304,197.764695017868,0.98882347508934,0.0,0.0
cmt_s25,thesis304_test,close,buy_hold,0.0,0.0,158.40603302236426,58.40603302236425,26.182038353390308,1.2919928882990812,2.0078297528114226,2.8157879440983042,73.72306794739585,1,99.99999999999999,0.0,0.0,0.0
cmt_s25,thesis304_test,close,buy_hold,0.1,0.0,158.24778523712715,58.24778523712715,26.182038353390304,1.2896286177304426,2.003657774741754,2.807830095055512,73.51471523854696,1,99.9000999000999,0.0999000999000999,0.0,0.0
cmt_s25,thesis304_test,close,buy_hold,0.2,0.0,158.0898533157328,58.089853315732796,26.182038353390308,1.2872652093412302,1.999480123422944,2.799889721810179,73.30682008169742,1,99.8003992015968,0.1996007984031936,0.0,0.0
cmt_s25,thesis304_test,close,buy_hold,0.3,0.0,157.93223631342397,57.93223631342397,26.182038353390308,1.2849027030228428,1.9952970096178428,2.7919667686011427,73.09938101690632,1,99.70089730807575,0.2991026919242273,0.0,0.0
cmt_s25,thesis304_test,close,buy_hold,0.5,0.0,157.61794330583513,57.61794330583512,26.182038353390304,1.2801805543567617,1.9869152298714963,2.776172900412474,72.6858653542422,1,99.50248756218906,0.4975124378109453,0.0,0.0
cmt_s25,thesis304_test,close,vanilla,0.0,0.0,100.0,0.0,-0.0,0.0,0.0,,0.0,0,0.0,0.0,0.0,0.0
cmt_s25,thesis304_test,close,vanilla,0.1,0.0,100.0,0.0,-0.0,0.0,0.0,,0.0,0,0.0,0.0,0.0,0.0
cmt_s25,thesis304_test,close,vanilla,0.2,0.0,100.0,0.0,-0.0,0.0,0.0,,0.0,0,0.0,0.0,0.0,0.0
cmt_s25,thesis304_test,close,vanilla,0.3,0.0,100.0,0.0,-0.0,0.0,0.0,,0.0,0,0.0,0.0,0.0,0.0
cmt_s25,thesis304_test,close,vanilla,0.5,0.0,100.0,0.0,-0.0,0.0,0.0,,0.0,0,0.0,0.0,0.0,0.0
cmt_s25,thesis304_test,close,smart,0.0,0.0,111.29015018959764,11.290150189597647,4.9884561844723185,1.738089634029166,3.1672532718461595,2.7472944327594466,13.704757903665232,259,1742.53809680096,0.0,0.0,0.0
cmt_s25,thesis304_test,close,smart,0.1,0.0,109.53655953615711,9.536559536157107,5.384913851734465,1.487938936782395,2.675825854777946,2.146186484214822,11.557029327253687,259,1728.4056704156237,1.7284056704156237,0.0,0.0
cmt_s25,thesis304_test,close,smart,0.2,0.0,107.81059533430279,7.8105953343027945,5.833376026985938,1.2367172527855184,2.194430850570602,1.619964596811519,9.449862643606256,259,1714.4232688377451,3.42884653767549,0.0,0.0
cmt_s25,thesis304_test,close,smart,0.3,0.0,106.11182221752976,6.111822217529772,6.340863131719365,0.9845747760107877,1.7234122685863071,1.1642723562909063,7.38249165928504,259,1700.589111398031,5.1017673341940935,0.0,0.0
cmt_s25,thesis304_test,close,smart,0.5,0.0,102.79414199645991,2.794141996459909,7.3861013429997735,0.4781421886317674,0.813984036506171,0.4554695348970201,3.364144143398362,259,1673.3585185056977,8.366792592528489,0.0,0.0
cmt_s25,thesis304_test,close,smart_w_short,0.0,0.0,105.29853845345735,5.298538453457358,10.384859625666248,0.7331895810100727,1.0824508273303437,0.6158084581074212,6.395084393743544,304,2248.48282550169,0.0,0.0,0.0
cmt_s25,thesis304_test,close,smart_w_short,0.1,0.0,103.1488211890798,3.148821189079798,11.247350542715932,0.4584710424270069,0.6703123434895281,0.33719069797023915,3.7925019798143333,304,2225.1365790242253,2.225136579024225,0.0,0.0
cmt_s25,thesis304_test,close,smart_w_short,0.2,0.0,101.04298124511271,1.0429812451127063,12.101546283467526,0.18338556663757494,0.26550153899535894,0.10358762392307147,1.2535704252994773,304,2202.1083429914665,4.404216685982933,0.0,0.0
cmt_s25,thesis304_test,close,smart_w_short,0.2,1.0,100.97534614954019,0.9753461495401794,12.154454169146954,0.17442219282858143,0.25237018567803615,0.09644201346681094,1.172200032662607,304,2201.7127772617455,4.403425554523491,0.07220951995228192,0.0
cmt_s25,thesis304_test,close,smart_w_short,0.2,2.0,100.90775501357686,0.9077550135768497,12.207331294987583,0.16546456825903308,0.2392632216332089,0.08936379505875294,1.0908934520595714,304,2201.317365834262,4.402634731668524,0.14437290932959038,0.0
cmt_s25,thesis304_test,close,smart_w_short,0.2,5.0,100.70524508607848,0.7052450860784765,12.365778286075694,0.13862655634859336,0.20008871154078905,0.06852428329171141,0.8473560943975444,304,2200.132056682462,4.400264113364924,0.36058658141110383,0.0
cmt_s25,thesis304_test,close,smart_w_short,0.3,0.0,98.9801229946964,-1.0198770053035933,12.948458755823571,-0.09192166074718648,-0.13176980600222984,-0.09447201471838582,-1.223266986160576,304,2179.3932626551414,6.538179787965423,0.0,0.0
cmt_s25,thesis304_test,close,smart_w_short,0.5,0.0,94.97986013433814,-5.020139865661866,14.622900804991382,-0.6426180320744684,-0.9028697961302465,-0.4100894105858821,-5.996696772174737,304,2134.8835439577338,10.67441771978867,0.0,0.0
cmt_s25,thesis304_test,next_open,buy_hold,0.0,0.0,158.3969421314372,58.39694213143722,26.177411466818697,1.291312599520065,2.005434159021383,2.815828357649002,73.71109753811425,1,100.0,0.0,0.0,0.0
cmt_s25,thesis304_test,next_open,buy_hold,0.1,0.0,158.23870342800922,58.23870342800921,26.17741146681869,1.2889511349844849,2.0012744543630756,2.807869650481027,73.50275918583422,1,99.90009990009989,0.09990009990009989,0.0,0.0
cmt_s25,thesis304_test,next_open,buy_hold,0.2,0.0,158.08078057029664,58.08078057029664,26.177411466818697,1.286590525934314,1.9971090646753689,2.7999284209949966,73.294878354026,1,99.8003992015968,0.1996007984031936,0.0,0.0
cmt_s25,thesis304_test,next_open,buy_hold,0.3,0.0,157.92317261359642,57.92317261359643,26.177411466818697,1.2842308121962045,1.9929381997431173,2.7920046134237304,73.08745358284907,1,99.70089730807575,0.2991026919242273,0.0,0.0
cmt_s25,thesis304_test,next_open,buy_hold,0.5,0.0,157.60889764322116,57.60889764322115,26.177411466818697,1.2795142281615748,1.984580875630548,2.77620904212208,72.6739664135323,1,99.50248756218906,0.4975124378109453,0.0,0.0
cmt_s25,thesis304_test,next_open,vanilla,0.0,0.0,100.0,0.0,-0.0,0.0,0.0,,0.0,0,0.0,0.0,0.0,0.0
cmt_s25,thesis304_test,next_open,vanilla,0.1,0.0,100.0,0.0,-0.0,0.0,0.0,,0.0,0,0.0,0.0,0.0,0.0
cmt_s25,thesis304_test,next_open,vanilla,0.2,0.0,100.0,0.0,-0.0,0.0,0.0,,0.0,0,0.0,0.0,0.0,0.0
cmt_s25,thesis304_test,next_open,vanilla,0.3,0.0,100.0,0.0,-0.0,0.0,0.0,,0.0,0,0.0,0.0,0.0,0.0
cmt_s25,thesis304_test,next_open,vanilla,0.5,0.0,100.0,0.0,-0.0,0.0,0.0,,0.0,0,0.0,0.0,0.0,0.0
cmt_s25,thesis304_test,next_open,smart,0.0,0.0,111.29174020611563,11.29174020611563,4.9840292256399055,1.7380830639159017,3.1606810108924943,2.75012600686565,13.706708392410771,259,1742.6615290585962,0.0,0.0,0.0
cmt_s25,thesis304_test,next_open,smart,0.1,0.0,109.53807578132506,9.538075781325063,5.380494220139476,1.4879392471513784,2.6703912823982883,2.148293990985747,11.55888340165918,259,1728.5279087729023,1.7285279087729024,0.0,0.0
cmt_s25,thesis304_test,next_open,smart,0.2,0.0,107.81203974297082,7.812039742970822,5.828957762175829,1.236732314215764,2.190108873384589,1.6214945521170747,9.451623255888641,259,1714.5443274741242,3.4290886549482487,0.0,0.0
cmt_s25,thesis304_test,next_open,smart,0.3,0.0,106.11319668181949,6.113196681819488,6.340134888042959,0.9846125151577023,1.7201546454218355,1.1646694928142323,7.384161684430812,259,1700.7090042928112,5.102127012878434,0.0,0.0
cmt_s25,thesis304_test,next_open,smart,0.5,0.0,102.79538208176119,2.7953820817611996,7.385357685175717,0.478249141217763,0.8126877729072376,0.45571811996997014,3.365641319594048,259,1673.4761210697927,8.367380605348963,0.0,0.0
cmt_s25,thesis304_test,next_open,smart_w_short,0.0,0.0,105.31550776220313,5.315507762203131,10.372185660555758,0.7359608908312569,1.085394551707663,0.6185457378978155,6.415671233021603,304,2248.7118535954723,0.0,0.0,0.0
cmt_s25,thesis304_test,next_open,smart_w_short,0.1,0.0,103.16539697580383,3.1653969758038247,11.234779051461242,0.4609731710480049,0.67327398838963,0.3393505406864575,3.8125283456062586,304,2225.362551507521,2.225362551507521,0.0,0.0
cmt_s25,thesis304_test,next_open,smart_w_short,0.2,0.0,101.05917253513545,1.0591725351354553,12.08907644653976,0.1856183493003013,0.26846328492421606,0.10530593140646756,1.2730514550468586,304,2202.331309900296,4.404662619800593,0.0,0.0
cmt_s25,thesis304_test,next_open,smart_w_short,0.2,1.0,100.99152893952433,0.9915289395243221,12.14198978140323,0.17664598682770438,0.2553312202417723,0.09814439321143933,1.191668219475317,304,2201.9357225900712,4.403871445180142,0.07221339808614159,0.0
cmt_s25,thesis304_test,next_open,smart_w_short,0.2,2.0,100.92392930770909,0.9239293077090815,12.194872354291077,0.1676793651527861,0.2422234188391337,0.0910504654549623,1.1103488040220544,304,2201.5402895900397,4.40308057918008,0.1443806635943604,0.0
cmt_s25,thesis304_test,next_open,smart_w_short,0.2,5.0,100.7213939177515,0.7213939177515005,12.35333567371082,0.14081431283403242,0.2030456507414128,0.07016509655012396,0.8667729902620103,304,2200.354915768291,4.400709831536583,0.3606059520604232,0.0
cmt_s25,thesis304_test,next_open,smart_w_short,0.3,0.0,98.99593860824129,-1.004061391758715,12.936152600719073,-0.08995795197759328,-0.12882826345091258,-0.09309696617356403,-1.2043165610852058,304,2179.6132731072703,6.53883981932181,0.0,0.0
cmt_s25,thesis304_test,next_open,smart_w_short,0.5,0.0,94.99495005823634,-5.005049941763662,14.610793905486666,-0.6411899119944215,-0.9000261885750596,-0.4092019209502044,-5.978764932732683,304,2135.09778526458,10.675488926322902,0.0,0.0
